[2m2026-05-31 05:22:17.027-0400[m[2m | [m[2mmain[m[2m | [m[32mINFO [m[2m | [m[2mBesu[m[2m | [m[32mStarting Besu
[m[2m2026-05-31 05:22:17.985-0400[m[2m | [m[2mmain[m[2m | [m[33mWARN [m[2m | [m[2mBesu[m[2m | [m[33m--sync-min-peers is ignored in FULL sync-mode
[m[2m2026-05-31 05:22:18.933-0400[m[2m | [m[2mmain[m[2m | [m[32mINFO [m[2m | [m[2mBesu[m[2m | [m[32mRPC HTTP JSON-RPC config: JsonRpcConfiguration{enabled=true, port=8546, host=127.0.0.1, corsAllowedDomains=[*], hostsAllowlist=[*], rpcApis=[ADMIN, ETH, NET, QBFT, PERM, TXPOOL], authenticationEnabled=false, authenticationCredentialsFile=null, authenticationPublicKeyFile=null, tlsConfiguration=Optional.empty, httpTimeoutSec=30, maxActiveConnections=300, maxBatchSize=1024}
[m[2m2026-05-31 05:22:18.948-0400[m[2m | [m[2mmain[m[2m | [m[32mINFO [m[2m | [m[2mBesu[m[2m | [m[32mConnecting to 0 static nodes.
[m[2m2026-05-31 05:22:18.960-0400[m[2m | [m[2mmain[m[2m | [m[33mWARN [m[2m | [m[2mBesu[m[2m | [m[33mForcing price bump for transaction replacement to 0, since min-gas-price is set to 0
[m[2m2026-05-31 05:22:18.960-0400[m[2m | [m[2mmain[m[2m | [m[33mWARN [m[2m | [m[2mBesu[m[2m | [m[33mForcing tx-pool-min-gas-price=0, since it cannot be greater than the value of min-gas-price
[m[2m2026-05-31 05:22:19.012-0400[m[2m | [m[2mmain[m[2m | [m[32mINFO [m[2m | [m[2mBesu[m[2m | [m[32m
####################################################################################################
#                                                                                                  #
# Besu version 26.5.0                                                                              #
#                                                                                                  #
# Configuration:                                                                                   #
# Network: Custom genesis file                                                                     #
# /Users/jakekantor/Projects/personal/QBFT-Network/Node-2/../genesis.json                          #
# Network Id: 1337                                                                                 #
# Profile: ENTERPRISE                                                                              #
# Data storage: Forest                                                                             #
# Sync mode: Full                                                                                  #
# Sync min peers: 1                                                                                #
# RPC HTTP APIs: ADMIN,ETH,NET,QBFT,PERM,TXPOOL                                                    #
# RPC HTTP port: 8546                                                                              #
# Using SEQUENCED transaction pool implementation                                                  #
# Using STACKED worldstate update mode                                                             #
# Opcode optimizations enabled                                                                     #
# Parallel transaction processing enabled                                                          #
# BAL pruning enabled (retained BALs: 113056)                                                      #
# Target Gas Limit: 60M                                                                            #
#                                                                                                  #
# Host:                                                                                            #
# Java: openjdk-java-21                                                                            #
# Maximum heap size: 4.00 GB                                                                       #
# OS: osx-aarch_64                                                                                 #
# Total memory: 16.00 GB                                                                           #
# CPU cores: 8                                                                                     #
#                                                                                                  #
# Plugin Registration Summary:                                                                     #
# No plugins have been registered.                                                                 #
# TOTAL = 0 of 0 plugins successfully registered.                                                  #
#                                                                                                  #
####################################################################################################
[m[2m2026-05-31 05:22:19.012-0400[m[2m | [m[2mmain[m[2m | [m[32mINFO [m[2m | [m[2mBesu[m[2m | [m[32mSecurity Module: localfile
[m[2m2026-05-31 05:22:19.012-0400[m[2m | [m[2mmain[m[2m | [m[32mINFO [m[2m | [m[2mVersionMetadata[m[2m | [m[32mLookup version metadata file in data directory: /Users/jakekantor/Projects/personal/QBFT-Network/Node-2/data
[m[2m2026-05-31 05:22:19.034-0400[m[2m | [m[2mmain[m[2m | [m[32mINFO [m[2m | [m[2mVersionMetadata[m[2m | [m[32mExisting version data detected. Besu version 26.5.0
[m[2m2026-05-31 05:22:19.481-0400[m[2m | [m[2mmain[m[2m | [m[32mINFO [m[2m | [m[2mBesu[m[2m | [m[32mUsing the native implementation of alt bn128
[m[2m2026-05-31 05:22:19.482-0400[m[2m | [m[2mmain[m[2m | [m[32mINFO [m[2m | [m[2mBesu[m[2m | [m[32mUsing the Java implementation of modexp
[m[2m2026-05-31 05:22:19.493-0400[m[2m | [m[2mmain[m[2m | [m[32mINFO [m[2m | [m[2mBesu[m[2m | [m[32mUsing the native implementation of the signature algorithm
[m[2m2026-05-31 05:22:19.502-0400[m[2m | [m[2mmain[m[2m | [m[32mINFO [m[2m | [m[2mBesu[m[2m | [m[32mUsing the Java implementation of the blake2bf algorithm
[m[2m2026-05-31 05:22:20.891-0400[m[2m | [m[2mmain[m[2m | [m[32mINFO [m[2m | [m[2mBesu[m[2m | [m[32mUsing the native BoringSSL implementation of p256verify
[m[2m2026-05-31 05:22:20.960-0400[m[2m | [m[2mmain[m[2m | [m[33mWARN [m[2m | [m[2mBesu[m[2m | [m[33mForcing price bump for transaction replacement to 0, since min-gas-price is set to 0
[m[2m2026-05-31 05:22:20.961-0400[m[2m | [m[2mmain[m[2m | [m[33mWARN [m[2m | [m[2mBesu[m[2m | [m[33mForcing tx-pool-min-gas-price=0, since it cannot be greater than the value of min-gas-price
[m[2m2026-05-31 05:22:20.962-0400[m[2m | [m[2mmain[m[2m | [m[32mINFO [m[2m | [m[2mKeyPairUtil[m[2m | [m[32mAttempting to load public key from /Users/jakekantor/Projects/personal/QBFT-Network/Node-2/data/key
[m[2m2026-05-31 05:22:20.977-0400[m[2m | [m[2mmain[m[2m | [m[32mINFO [m[2m | [m[2mKeyPairUtil[m[2m | [m[32mLoaded public key 0xa7a2a014334ac8cf4b5ea4209901ce8c7619b8d7c3363b0d87ec4917b34d1d76894d8cc4c625efbe3d71ed9efce62d325df989b02423fcbbdadce16361a24d7a from /Users/jakekantor/Projects/personal/QBFT-Network/Node-2/data/key
[m[2m2026-05-31 05:22:21.046-0400[m[2m | [m[2mmain[m[2m | [m[32mINFO [m[2m | [m[2mProtocolScheduleBuilder[m[2m | [m[32mProtocol schedule created with milestones: [Berlin:0]
[m[2m2026-05-31 05:22:21.048-0400[m[2m | [m[2mmain[m[2m | [m[32mINFO [m[2m | [m[2mDatabaseMetadata[m[2m | [m[32mLookup database metadata file in data directory: /Users/jakekantor/Projects/personal/QBFT-Network/Node-2/data
[m[2m2026-05-31 05:22:21.065-0400[m[2m | [m[2mmain[m[2m | [m[32mINFO [m[2m | [m[2mRocksDBKeyValueStorageFactory[m[2m | [m[32mExisting database at /Users/jakekantor/Projects/personal/QBFT-Network/Node-2/data. Metadata versionedStorageFormat=BaseVersionedStorageFormat{format=FOREST, version=3}. Processing WAL...
[m[2m2026-05-31 05:22:22.242-0400[m[2m | [m[2mmain[m[2m | [m[32mINFO [m[2m | [m[2mBesuControllerBuilder[m[2m | [m[32mAdding ChainDataPruner to observe block added events
[m[2m2026-05-31 05:22:22.244-0400[m[2m | [m[2mmain[m[2m | [m[32mINFO [m[2m | [m[2mBesuControllerBuilder[m[2m | [m[32mBAL pruning enabled | BALs retained: 113056 | Frequency: 256
[m[2m2026-05-31 05:22:22.274-0400[m[2m | [m[2mmain[m[2m | [m[32mINFO [m[2m | [m[2mTransactionPoolFactory[m[2m | [m[32mEnabling transaction pool
[m[2m2026-05-31 05:22:22.290-0400[m[2m | [m[2mmain[m[2m | [m[32mINFO [m[2m | [m[2mBesuControllerBuilder[m[2m | [m[32mQBFT is configured, creating initial sync for BFT
[m[2m2026-05-31 05:22:22.291-0400[m[2m | [m[2mmain[m[2m | [m[32mINFO [m[2m | [m[2mBFTPivotSelectorFromPeers[m[2m | [m[32mCreating pivot block selector for BFT node
[m[2m2026-05-31 05:22:22.313-0400[m[2m | [m[2mmain[m[2m | [m[32mINFO [m[2m | [m[2mRunnerBuilder[m[2m | [m[32mResolved 1 bootnodes.
[m[2m2026-05-31 05:22:22.330-0400[m[2m | [m[2mmain[m[2m | [m[32mINFO [m[2m | [m[2mRunnerBuilder[m[2m | [m[32mDetecting NAT service.
[m[2m2026-05-31 05:22:22.418-0400[m[2m | [m[2mmain[m[2m | [m[32mINFO [m[2m | [m[2mRunner[m[2m | [m[32mStarting external services ... 
[m[2m2026-05-31 05:22:22.418-0400[m[2m | [m[2mmain[m[2m | [m[32mINFO [m[2m | [m[2mJsonRpcHttpService[m[2m | [m[32mStarting JSON-RPC service on 127.0.0.1:8546
[m[2m2026-05-31 05:22:22.502-0400[m[2m | [m[2mvert.x-eventloop-thread-1[m[2m | [m[32mINFO [m[2m | [m[2mJsonRpcHttpService[m[2m | [m[32mJSON-RPC service started and listening on 127.0.0.1:8546
[m[2m2026-05-31 05:22:22.504-0400[m[2m | [m[2mmain[m[2m | [m[32mINFO [m[2m | [m[2mAutoTransactionLogBloomCachingService[m[2m | [m[32mStarting auto transaction log bloom caching service.
[m[2m2026-05-31 05:22:22.505-0400[m[2m | [m[2mmain[m[2m | [m[32mINFO [m[2m | [m[2mLogBloomCacheMetadata[m[2m | [m[32mLookup cache metadata file in data directory: /Users/jakekantor/Projects/personal/QBFT-Network/Node-2/data/caches
[m[2m2026-05-31 05:22:22.511-0400[m[2m | [m[2mmain[m[2m | [m[32mINFO [m[2m | [m[2mRunner[m[2m | [m[32mStarting Ethereum main loop ... 
[m[2m2026-05-31 05:22:22.511-0400[m[2m | [m[2mmain[m[2m | [m[32mINFO [m[2m | [m[2mNatService[m[2m | [m[32mNo NAT environment detected so no service could be started
[m[2m2026-05-31 05:22:22.511-0400[m[2m | [m[2mmain[m[2m | [m[32mINFO [m[2m | [m[2mNetworkRunner[m[2m | [m[32mStarting Network.
[m[2m2026-05-31 05:22:22.520-0400[m[2m | [m[2mnioEventLoopGroup-2-1[m[2m | [m[32mINFO [m[2m | [m[2mRlpxAgent[m[2m | [m[32mP2P RLPx agent started and listening on /[0:0:0:0:0:0:0:0]:30304.
[m[2m2026-05-31 05:22:22.520-0400[m[2m | [m[2mmain[m[2m | [m[32mINFO [m[2m | [m[2mPeerDiscoveryAgentV4[m[2m | [m[32mStarting peer discovery agent on host=0.0.0.0, port=30304. IPv6 available.
[m[2m2026-05-31 05:22:22.532-0400[m[2m | [m[2mvert.x-eventloop-thread-1[m[2m | [m[32mINFO [m[2m | [m[2mVertxPeerDiscoveryAgent[m[2m | [m[32mStarted peer discovery agent successfully, on effective host=0:0:0:0:0:0:0:0 and port=30304
[m[2m2026-05-31 05:22:22.553-0400[m[2m | [m[2mvert.x-eventloop-thread-1[m[2m | [m[32mINFO [m[2m | [m[2mNodeRecordManager[m[2m | [m[32mWriting node record to disk. NodeRecord{seq=2, publicKey=0x02a7a2a014334ac8cf4b5ea4209901ce8c7619b8d7c3363b0d87ec4917b34d1d76, udpAddress=Optional[/127.0.0.1:30304], tcpAddress=Optional[/127.0.0.1:30304], quicAddress=Optional.empty, udp6Address=Optional.empty, tcp6Address=Optional.empty, quic6Address=Optional.empty, asBase64=-Je4QAHBUhL_zUndtum7wZRzHIahQbThDZV-2bs5JMqnM1KDROsPID8F3NwQMXY0x7-gMohoIjPtxGW3Y2_KJ5WSmqoCg2V0aMfGhKrqcLWAgmlkgnY0gmlwhH8AAAGJc2VjcDI1NmsxoQKnoqAUM0rIz0tepCCZAc6Mdhm418M2Ow2H7EkXs00ddoN0Y3CCdmCDdWRwgnZg, nodeId=0xfd0a37e5c9650abcdc31350bcd783f18567b3001ef66aef815dd278705e5219f, customFields={tcp=30304, udp=30304, eth=[[0xaaea70b5, 0x]], id=V4, ip=0x7f000001, secp256k1=0x02a7a2a014334ac8cf4b5ea4209901ce8c7619b8d7c3363b0d87ec4917b34d1d76}}
[m[2m2026-05-31 05:22:22.569-0400[m[2m | [m[2mvert.x-eventloop-thread-1[m[2m | [m[32mINFO [m[2m | [m[2mPeerDiscoveryAgentV4[m[2m | [m[32mP2P peer discovery agent started and listening on /[0:0:0:0:0:0:0:0]:30304
[m[2m2026-05-31 05:22:22.570-0400[m[2m | [m[2mmain[m[2m | [m[32mINFO [m[2m | [m[2mDefaultP2PNetwork[m[2m | [m[32mEnode URL enode://a7a2a014334ac8cf4b5ea4209901ce8c7619b8d7c3363b0d87ec4917b34d1d76894d8cc4c625efbe3d71ed9efce62d325df989b02423fcbbdadce16361a24d7a@127.0.0.1:30304
[m[2m2026-05-31 05:22:22.570-0400[m[2m | [m[2mmain[m[2m | [m[32mINFO [m[2m | [m[2mDefaultP2PNetwork[m[2m | [m[32mENR URL enr:-Je4QAHBUhL_zUndtum7wZRzHIahQbThDZV-2bs5JMqnM1KDROsPID8F3NwQMXY0x7-gMohoIjPtxGW3Y2_KJ5WSmqoCg2V0aMfGhKrqcLWAgmlkgnY0gmlwhH8AAAGJc2VjcDI1NmsxoQKnoqAUM0rIz0tepCCZAc6Mdhm418M2Ow2H7EkXs00ddoN0Y3CCdmCDdWRwgnZg
[m[2m2026-05-31 05:22:22.571-0400[m[2m | [m[2mmain[m[2m | [m[32mINFO [m[2m | [m[2mDefaultP2PNetwork[m[2m | [m[32mNode address 0xcd783f18567b3001ef66aef815dd278705e5219f
[m[2m2026-05-31 05:22:22.576-0400[m[2m | [m[2mmain[m[2m | [m[32mINFO [m[2m | [m[2mNetworkRunner[m[2m | [m[32mSupported capabilities: [eth/68, eth/69, eth/70, eth/71], [istanbul/100], [snap/1]
[m[2m2026-05-31 05:22:22.576-0400[m[2m | [m[2mmain[m[2m | [m[32mINFO [m[2m | [m[2mDefaultSynchronizer[m[2m | [m[32mStarting synchronizer.
[m[2m2026-05-31 05:22:22.577-0400[m[2m | [m[2mmain[m[2m | [m[32mINFO [m[2m | [m[2mTransactionPoolFactory[m[2m | [m[32mEnabling transaction handling following initial sync
[m[2m2026-05-31 05:22:22.579-0400[m[2m | [m[2mmain[m[2m | [m[32mINFO [m[2m | [m[2mBftMiningCoordinator[m[2m | [m[32mStarting BFT mining coordinator following initial sync
[m[2m2026-05-31 05:22:22.587-0400[m[2m | [m[2mmain[m[2m | [m[32mINFO [m[2m | [m[2mFullSyncDownloader[m[2m | [m[32mStarting full sync.
[m[2m2026-05-31 05:22:22.587-0400[m[2m | [m[2mmain[m[2m | [m[32mINFO [m[2m | [m[2mFullSyncTargetManager[m[2m | [m[32mUnable to find sync target. Waiting for 1 peers minimum. Currently checking 0 peers for usefulness
[m[2m2026-05-31 05:22:22.589-0400[m[2m | [m[2mmain[m[2m | [m[32mINFO [m[2m | [m[2mRunner[m[2m | [m[32mEthereum main loop is up.
[m[2m2026-05-31 05:22:27.592-0400[m[2m | [m[2mEthScheduler-Timer-0[m[2m | [m[32mINFO [m[2m | [m[2mFullSyncTargetManager[m[2m | [m[32mUnable to find sync target. Waiting for 1 peers minimum. Currently checking 1 peers for usefulness
[m[2m2026-05-31 05:22:27.597-0400[m[2m | [m[2mBftProcessorExecutor-QBFT-0[m[2m | [m[32mINFO [m[2m | [m[2mQbftRound[m[2m | [m[32mImporting proposed block to chain. round=ConsensusRoundIdentifier{Sequence=1, Round=1}, hash=0x4a4f5f258cdec7417f4ec5d61f37ea980df6bfd66f2d3f680e41f1579e6fbd05
[m[2m2026-05-31 05:22:27.612-0400[m[2m | [m[2mBftProcessorExecutor-QBFT-0[m[2m | [m[32mINFO [m[2m | [m[2mQbftBesuControllerBuilder[m[2m | [m[32mImported empty block #1 / 0 tx / 0 pending / 0 (0.0%) gas / (0x4a4f5f258cdec7417f4ec5d61f37ea980df6bfd66f2d3f680e41f1579e6fbd05)
[m[2m2026-05-31 05:22:29.066-0400[m[2m | [m[2mBftProcessorExecutor-QBFT-0[m[2m | [m[32mINFO [m[2m | [m[2mQbftBesuControllerBuilder[m[2m | [m[32mProduced empty block #2 / 0 tx / 0 pending / 0 (0.0%) gas / (0x7b2936ec6fe408b6ee2b56e48af626f66f0e89c9ddabcb030cd7cfdb1de2e07f)
[m[2m2026-05-31 05:22:31.046-0400[m[2m | [m[2mBftProcessorExecutor-QBFT-0[m[2m | [m[32mINFO [m[2m | [m[2mQbftBesuControllerBuilder[m[2m | [m[32mImported empty block #3 / 0 tx / 0 pending / 0 (0.0%) gas / (0xd80cfdf72d1c3996c271bf827a8957bdeed7a19eece26ae5e26248f06faff56d)
[m[2m2026-05-31 05:22:33.047-0400[m[2m | [m[2mBftProcessorExecutor-QBFT-0[m[2m | [m[32mINFO [m[2m | [m[2mQbftBesuControllerBuilder[m[2m | [m[32mImported empty block #4 / 0 tx / 0 pending / 0 (0.0%) gas / (0x22884810606a320ce57ded1f3b55bc4db75a27be13e865bb68d1f948cc171b9c)
[m[2m2026-05-31 05:22:35.049-0400[m[2m | [m[2mBftProcessorExecutor-QBFT-0[m[2m | [m[32mINFO [m[2m | [m[2mQbftBesuControllerBuilder[m[2m | [m[32mImported empty block #5 / 0 tx / 0 pending / 0 (0.0%) gas / (0xf3a00a76ccc3b4128e55bec286818275bd2705c8380f8eb5753f18432e54274d)
[m[2m2026-05-31 05:22:37.025-0400[m[2m | [m[2mBftProcessorExecutor-QBFT-0[m[2m | [m[32mINFO [m[2m | [m[2mQbftBesuControllerBuilder[m[2m | [m[32mProduced empty block #6 / 0 tx / 0 pending / 0 (0.0%) gas / (0x91eada75f1898b928973ebde8181ddd95235d869e01f18a2e2da7df63a5efb30)
[m[2m2026-05-31 05:22:39.042-0400[m[2m | [m[2mBftProcessorExecutor-QBFT-0[m[2m | [m[32mINFO [m[2m | [m[2mQbftBesuControllerBuilder[m[2m | [m[32mImported empty block #7 / 0 tx / 0 pending / 0 (0.0%) gas / (0x6ba968d7f243edd6dcda15467ba2be28754b761caf2aba78f91b91da7a96a014)
[m[2m2026-05-31 05:22:41.053-0400[m[2m | [m[2mBftProcessorExecutor-QBFT-0[m[2m | [m[32mINFO [m[2m | [m[2mQbftBesuControllerBuilder[m[2m | [m[32mImported empty block #8 / 0 tx / 0 pending / 0 (0.0%) gas / (0xce4dcae11c60465bbb9eb53353e95da33a2e24d5d967bcbd27202a7c24960917)
[m[2m2026-05-31 05:22:43.053-0400[m[2m | [m[2mBftProcessorExecutor-QBFT-0[m[2m | [m[32mINFO [m[2m | [m[2mQbftBesuControllerBuilder[m[2m | [m[32mImported empty block #9 / 0 tx / 0 pending / 0 (0.0%) gas / (0xec98072ba9c328606031f4cd5a017a667bcb6cb16a5b67e8476dd6d54c8dc330)
[m[2m2026-05-31 05:22:43.058-0400[m[2m | [m[2mEthScheduler-Workers-0[m[2m | [m[32mINFO [m[2m | [m[2mPersistBlockTask[m[2m | [m[32mBlock 9 (0xec98072ba9c328606031f4cd5a017a667bcb6cb16a5b67e8476dd6d54c8dc330) is already imported
[m[2m2026-05-31 05:22:45.044-0400[m[2m | [m[2mBftProcessorExecutor-QBFT-0[m[2m | [m[32mINFO [m[2m | [m[2mQbftBesuControllerBuilder[m[2m | [m[32mProduced empty block #10 / 0 tx / 0 pending / 0 (0.0%) gas / (0xd9574d654977a17e0229d7870d55bb1013ffcd4241f30c4d60c82faed8233ec8)
[m[2m2026-05-31 05:22:47.040-0400[m[2m | [m[2mBftProcessorExecutor-QBFT-0[m[2m | [m[32mINFO [m[2m | [m[2mQbftBesuControllerBuilder[m[2m | [m[32mImported empty block #11 / 0 tx / 0 pending / 0 (0.0%) gas / (0x2e9ca784a86e380fff87a0b6a4f72e5d1f3fe14008a8c70533bd7e0b322a9c5e)
[m[2m2026-05-31 05:22:49.046-0400[m[2m | [m[2mBftProcessorExecutor-QBFT-0[m[2m | [m[32mINFO [m[2m | [m[2mQbftBesuControllerBuilder[m[2m | [m[32mImported empty block #12 / 0 tx / 0 pending / 0 (0.0%) gas / (0x5c9f2ecf8bdce7d774fb85f22ef1314894688bce05eb9ffabc049cd371d1f57f)
[m[2m2026-05-31 05:22:51.036-0400[m[2m | [m[2mBftProcessorExecutor-QBFT-0[m[2m | [m[32mINFO [m[2m | [m[2mQbftBesuControllerBuilder[m[2m | [m[32mImported empty block #13 / 0 tx / 0 pending / 0 (0.0%) gas / (0x6023ae9a9ba1382202449de1343dfbde8e45d21064184143071a79519a195795)
[m[2m2026-05-31 05:22:53.034-0400[m[2m | [m[2mBftProcessorExecutor-QBFT-0[m[2m | [m[32mINFO [m[2m | [m[2mQbftBesuControllerBuilder[m[2m | [m[32mProduced empty block #14 / 0 tx / 0 pending / 0 (0.0%) gas / (0xbb82583c6b9b83b31569c63379f7783dd93fada46731c9ca9527205d2e27fe96)
[m[2m2026-05-31 05:22:55.028-0400[m[2m | [m[2mBftProcessorExecutor-QBFT-0[m[2m | [m[32mINFO [m[2m | [m[2mQbftBesuControllerBuilder[m[2m | [m[32mImported empty block #15 / 0 tx / 0 pending / 0 (0.0%) gas / (0x54ea1d864700698676dc32d4d6169041e0070031c722025322986e7d71e5c823)
[m[2m2026-05-31 05:22:57.053-0400[m[2m | [m[2mBftProcessorExecutor-QBFT-0[m[2m | [m[32mINFO [m[2m | [m[2mQbftBesuControllerBuilder[m[2m | [m[32mImported empty block #16 / 0 tx / 0 pending / 0 (0.0%) gas / (0x5181494c1f1f8e37fa09b7264cf724a24858ebd9466f627493bab98c5d3b3d1c)
[m[2m2026-05-31 05:22:59.044-0400[m[2m | [m[2mBftProcessorExecutor-QBFT-0[m[2m | [m[32mINFO [m[2m | [m[2mQbftBesuControllerBuilder[m[2m | [m[32mImported empty block #17 / 0 tx / 0 pending / 0 (0.0%) gas / (0x8ab05bd24677ee1debf2e9f370807d065926555c233d3223dd3729d67c785fcf)
[m[2m2026-05-31 05:23:01.039-0400[m[2m | [m[2mBftProcessorExecutor-QBFT-0[m[2m | [m[32mINFO [m[2m | [m[2mQbftBesuControllerBuilder[m[2m | [m[32mProduced empty block #18 / 0 tx / 0 pending / 0 (0.0%) gas / (0x6400b1187078a92f2687313f9a6b7ffaa18a46e2bd3fa0eaab0fb1306681a03e)
[m[2m2026-05-31 05:23:03.030-0400[m[2m | [m[2mBftProcessorExecutor-QBFT-0[m[2m | [m[32mINFO [m[2m | [m[2mQbftBesuControllerBuilder[m[2m | [m[32mImported empty block #19 / 0 tx / 0 pending / 0 (0.0%) gas / (0x4c3a173de084741f6c4ac29479a3009acce646d9df5e49bd6cf81edfc1511688)
[m[2m2026-05-31 05:23:05.047-0400[m[2m | [m[2mBftProcessorExecutor-QBFT-0[m[2m | [m[32mINFO [m[2m | [m[2mQbftBesuControllerBuilder[m[2m | [m[32mImported empty block #20 / 0 tx / 0 pending / 0 (0.0%) gas / (0xf1c8b87fa97f9bff5d2d743d1954b259afaceaae1aa54893007f7783d9cf4c2d)
[m[2m2026-05-31 05:23:07.057-0400[m[2m | [m[2mBftProcessorExecutor-QBFT-0[m[2m | [m[32mINFO [m[2m | [m[2mQbftBesuControllerBuilder[m[2m | [m[32mImported empty block #21 / 0 tx / 0 pending / 0 (0.0%) gas / (0x1e5cd4a051a422edc0cf44cdc2f69401d0fcd320c7ab5936b007540b6a7e8d95)
[m[2m2026-05-31 05:23:09.054-0400[m[2m | [m[2mBftProcessorExecutor-QBFT-0[m[2m | [m[32mINFO [m[2m | [m[2mQbftBesuControllerBuilder[m[2m | [m[32mProduced empty block #22 / 0 tx / 0 pending / 0 (0.0%) gas / (0x410ee45e29e344706c507beeb67c49871d2e543097195d4e1f073a2a199ab2d4)
[m[2m2026-05-31 05:23:11.036-0400[m[2m | [m[2mBftProcessorExecutor-QBFT-0[m[2m | [m[32mINFO [m[2m | [m[2mQbftBesuControllerBuilder[m[2m | [m[32mImported empty block #23 / 0 tx / 0 pending / 0 (0.0%) gas / (0xdc037f1f436cd2d77a781465c45740bf6849562001fa8704caeec593d844c6c8)
[m[2m2026-05-31 05:23:13.035-0400[m[2m | [m[2mBftProcessorExecutor-QBFT-0[m[2m | [m[32mINFO [m[2m | [m[2mQbftBesuControllerBuilder[m[2m | [m[32mImported empty block #24 / 0 tx / 0 pending / 0 (0.0%) gas / (0xc6e3da9654b234d079d30bcdbfc158ff4ba162b1607603eddcdbbd6b3fbf179b)
[m[2m2026-05-31 05:23:15.028-0400[m[2m | [m[2mBftProcessorExecutor-QBFT-0[m[2m | [m[32mINFO [m[2m | [m[2mQbftBesuControllerBuilder[m[2m | [m[32mImported empty block #25 / 0 tx / 1 pending / 0 (0.0%) gas / (0xb03cbe4b2ab5bfa20e8fc1046caba30fe65a982b224d47a9af26a38fc2f4e3af)
[m[2m2026-05-31 05:23:15.031-0400[m[2m | [m[2mEthScheduler-Workers-5[m[2m | [m[32mINFO [m[2m | [m[2mPersistBlockTask[m[2m | [m[32mBlock 25 (0xb03cbe4b2ab5bfa20e8fc1046caba30fe65a982b224d47a9af26a38fc2f4e3af) is already imported
[m[2m2026-05-31 05:23:17.039-0400[m[2m | [m[2mBftProcessorExecutor-QBFT-0[m[2m | [m[32mINFO [m[2m | [m[2mQbftBesuControllerBuilder[m[2m | [m[32mProduced empty block #26 / 0 tx / 1 pending / 0 (0.0%) gas / (0x0afe7197b6ead888b6c8c16977d76aca2a907ab84f1cba34bd435719f1eeb582)
[m[2m2026-05-31 05:23:19.036-0400[m[2m | [m[2mBftProcessorExecutor-QBFT-0[m[2m | [m[32mINFO [m[2m | [m[2mQbftBesuControllerBuilder[m[2m | [m[32mImported empty block #27 / 0 tx / 1 pending / 0 (0.0%) gas / (0x4d0bf5bb7dd3d22e13a00c8e930ca81f765d850efc4db61e46bf010e8f0f4cd6)
[m[2m2026-05-31 05:23:21.043-0400[m[2m | [m[2mBftProcessorExecutor-QBFT-0[m[2m | [m[32mINFO [m[2m | [m[2mQbftBesuControllerBuilder[m[2m | [m[32mImported empty block #28 / 0 tx / 1 pending / 0 (0.0%) gas / (0x76382ee52f4f7f6e72f8f4e689a0daec6318d6a4a849a7d0681d8194bf7304ae)
[m[2m2026-05-31 05:23:23.061-0400[m[2m | [m[2mBftProcessorExecutor-QBFT-0[m[2m | [m[32mINFO [m[2m | [m[2mQbftBesuControllerBuilder[m[2m | [m[32mImported empty block #29 / 0 tx / 1 pending / 0 (0.0%) gas / (0x6e33b203d42304b937d3d276cc60029cf449b90e863ca21726c35843d059baa2)
[m[2m2026-05-31 05:23:23.061-0400[m[2m | [m[2mEthScheduler-Workers-7[m[2m | [m[32mINFO [m[2m | [m[2mPersistBlockTask[m[2m | [m[32mBlock 29 (0x6e33b203d42304b937d3d276cc60029cf449b90e863ca21726c35843d059baa2) is already imported
[m[2m2026-05-31 05:23:25.038-0400[m[2m | [m[2mBftProcessorExecutor-QBFT-0[m[2m | [m[32mINFO [m[2m | [m[2mQbftBesuControllerBuilder[m[2m | [m[32mProduced empty block #30 / 0 tx / 1 pending / 0 (0.0%) gas / (0x30bd6bfaedf4f1650db9dcd126f5027221de8c7351af8a97d9802eab08229eda)
[m[2m2026-05-31 05:23:27.017-0400[m[2m | [m[2mBftProcessorExecutor-QBFT-0[m[2m | [m[32mINFO [m[2m | [m[2mQbftBesuControllerBuilder[m[2m | [m[32mImported empty block #31 / 0 tx / 1 pending / 0 (0.0%) gas / (0xaa0e92d21ea10dac88430b63ba091f0db8f5c7cfdaf9e0720ad8eb3683da7348)
[m[2m2026-05-31 05:23:29.041-0400[m[2m | [m[2mBftProcessorExecutor-QBFT-0[m[2m | [m[32mINFO [m[2m | [m[2mQbftBesuControllerBuilder[m[2m | [m[32mImported empty block #32 / 0 tx / 1 pending / 0 (0.0%) gas / (0x2d4cb9524deae1827e7f9d93b4933f06f503a5d88ab36784c7b4f9f1dc9f1324)
[m[2m2026-05-31 05:23:31.050-0400[m[2m | [m[2mBftProcessorExecutor-QBFT-0[m[2m | [m[32mINFO [m[2m | [m[2mQbftBesuControllerBuilder[m[2m | [m[32mImported block #33 / 2 tx / 2 pending / 42,000 (0.9%) gas / (0xf53433b097375785ca7997adf2363869f039ee18365b65bcbcc53161f34a00a2)
[m[2m2026-05-31 05:23:33.033-0400[m[2m | [m[2mBftProcessorExecutor-QBFT-0[m[2m | [m[32mINFO [m[2m | [m[2mQbftBesuControllerBuilder[m[2m | [m[32mProduced empty block #34 / 0 tx / 0 pending / 0 (0.0%) gas / (0x53afe3dbdb352e86b8b2888e945cb5aa420fc7480684354b13d16b9a15956dcb)
[m[2m2026-05-31 05:23:35.038-0400[m[2m | [m[2mBftProcessorExecutor-QBFT-0[m[2m | [m[32mINFO [m[2m | [m[2mQbftBesuControllerBuilder[m[2m | [m[32mImported empty block #35 / 0 tx / 0 pending / 0 (0.0%) gas / (0x5035c7c79aecf06a4e69f2af63fc6052c0c04db9ece567d69ee58fafe254ff35)
[m[2m2026-05-31 05:23:37.028-0400[m[2m | [m[2mBftProcessorExecutor-QBFT-0[m[2m | [m[32mINFO [m[2m | [m[2mQbftBesuControllerBuilder[m[2m | [m[32mImported empty block #36 / 0 tx / 0 pending / 0 (0.0%) gas / (0xcbb12f626b6325322e57bd7048a942a91a6121eca715426354bf5c6907896ff2)
[m[2m2026-05-31 05:23:39.031-0400[m[2m | [m[2mBftProcessorExecutor-QBFT-0[m[2m | [m[32mINFO [m[2m | [m[2mQbftBesuControllerBuilder[m[2m | [m[32mImported empty block #37 / 0 tx / 0 pending / 0 (0.0%) gas / (0xb0a23927b6052cbecd879aca19b60d40d0bb1087e4bdb0190aced6554559ac10)
[m[2m2026-05-31 05:23:41.040-0400[m[2m | [m[2mBftProcessorExecutor-QBFT-0[m[2m | [m[32mINFO [m[2m | [m[2mQbftBesuControllerBuilder[m[2m | [m[32mProduced empty block #38 / 0 tx / 0 pending / 0 (0.0%) gas / (0x3bcb232097af7291bfadf25b823c334b43bc6f78a9f5e4fd1ac9b1abef55c012)
[m[2m2026-05-31 05:23:43.028-0400[m[2m | [m[2mBftProcessorExecutor-QBFT-0[m[2m | [m[32mINFO [m[2m | [m[2mQbftBesuControllerBuilder[m[2m | [m[32mImported empty block #39 / 0 tx / 0 pending / 0 (0.0%) gas / (0x2eaeee61dcdf3fdfe918bf26c21473bb88e40b5d71a80669fd179d75145105c3)
[m[2m2026-05-31 05:23:45.037-0400[m[2m | [m[2mBftProcessorExecutor-QBFT-0[m[2m | [m[32mINFO [m[2m | [m[2mQbftBesuControllerBuilder[m[2m | [m[32mImported empty block #40 / 0 tx / 0 pending / 0 (0.0%) gas / (0xc9dca458710e728a2a71721b1cf4b2f0d7750e45e6cbd0b8ed2e3c7c965040ab)
[m[2m2026-05-31 05:23:47.039-0400[m[2m | [m[2mBftProcessorExecutor-QBFT-0[m[2m | [m[32mINFO [m[2m | [m[2mQbftBesuControllerBuilder[m[2m | [m[32mImported empty block #41 / 0 tx / 0 pending / 0 (0.0%) gas / (0x57a73f2f5f57f8bbf9b181d27c3e3153dba14d5e88ec2e029c6ae775854a84f1)
[m[2m2026-05-31 05:23:49.043-0400[m[2m | [m[2mBftProcessorExecutor-QBFT-0[m[2m | [m[32mINFO [m[2m | [m[2mQbftBesuControllerBuilder[m[2m | [m[32mProduced empty block #42 / 0 tx / 0 pending / 0 (0.0%) gas / (0xbd24535d504069cc3bfb03fb0f6e0f547eca289017d727110282a274e7fd4e80)
[m[2m2026-05-31 05:23:51.031-0400[m[2m | [m[2mBftProcessorExecutor-QBFT-0[m[2m | [m[32mINFO [m[2m | [m[2mQbftBesuControllerBuilder[m[2m | [m[32mImported empty block #43 / 0 tx / 0 pending / 0 (0.0%) gas / (0x4f7752b5a7e82607cbcd774075b9948f33e36b284d0b9e71a7537d3df0887973)
[m[2m2026-05-31 05:23:53.026-0400[m[2m | [m[2mBftProcessorExecutor-QBFT-0[m[2m | [m[32mINFO [m[2m | [m[2mQbftBesuControllerBuilder[m[2m | [m[32mImported empty block #44 / 0 tx / 0 pending / 0 (0.0%) gas / (0x5326528f8867b7e3ec49bfc028153faefc334fcd34d13154a80f2b388f803a46)
[m[2m2026-05-31 05:23:55.036-0400[m[2m | [m[2mBftProcessorExecutor-QBFT-0[m[2m | [m[32mINFO [m[2m | [m[2mQbftBesuControllerBuilder[m[2m | [m[32mImported empty block #45 / 0 tx / 0 pending / 0 (0.0%) gas / (0xbf651a2b57052400f518ecae58c5165c94f4ed84f55bdfc3cda6c0cf3932639d)
[m[2m2026-05-31 05:23:57.027-0400[m[2m | [m[2mBftProcessorExecutor-QBFT-0[m[2m | [m[32mINFO [m[2m | [m[2mQbftBesuControllerBuilder[m[2m | [m[32mProduced empty block #46 / 0 tx / 0 pending / 0 (0.0%) gas / (0xc74bbcf4971341560fd80f6d148f979aa92b8a8723c5229414c2079dac365ec1)
[m[2m2026-05-31 05:23:59.027-0400[m[2m | [m[2mBftProcessorExecutor-QBFT-0[m[2m | [m[32mINFO [m[2m | [m[2mQbftBesuControllerBuilder[m[2m | [m[32mImported empty block #47 / 0 tx / 0 pending / 0 (0.0%) gas / (0x18b26f2a19caa93ce4f795414ff74ce8cecd193abdaea522d346dcfb7a4c67ba)
[m[2m2026-05-31 05:24:01.041-0400[m[2m | [m[2mBftProcessorExecutor-QBFT-0[m[2m | [m[32mINFO [m[2m | [m[2mQbftBesuControllerBuilder[m[2m | [m[32mImported empty block #48 / 0 tx / 0 pending / 0 (0.0%) gas / (0x30457224a2ebbb0f556dcce0dd44a2cdfdb9198737f804f492ea93d18f0d77d5)
[m[2m2026-05-31 05:24:01.044-0400[m[2m | [m[2mEthScheduler-Workers-8[m[2m | [m[32mINFO [m[2m | [m[2mPersistBlockTask[m[2m | [m[32mBlock 48 (0x30457224a2ebbb0f556dcce0dd44a2cdfdb9198737f804f492ea93d18f0d77d5) is already imported
[m[2m2026-05-31 05:24:03.031-0400[m[2m | [m[2mBftProcessorExecutor-QBFT-0[m[2m | [m[32mINFO [m[2m | [m[2mQbftBesuControllerBuilder[m[2m | [m[32mImported empty block #49 / 0 tx / 0 pending / 0 (0.0%) gas / (0x99690979f9051e8e0d49f10b2097ed61ccc601112e1ed379c6ca4d069924fce3)
[m[2m2026-05-31 05:24:05.033-0400[m[2m | [m[2mBftProcessorExecutor-QBFT-0[m[2m | [m[32mINFO [m[2m | [m[2mQbftBesuControllerBuilder[m[2m | [m[32mProduced empty block #50 / 0 tx / 0 pending / 0 (0.0%) gas / (0x7a87adde2bf457c3c85ab58660ea3bb8fccc498679138a1066c5de7ce7cf5bc6)
[m[2m2026-05-31 05:24:07.035-0400[m[2m | [m[2mBftProcessorExecutor-QBFT-0[m[2m | [m[32mINFO [m[2m | [m[2mQbftBesuControllerBuilder[m[2m | [m[32mImported empty block #51 / 0 tx / 0 pending / 0 (0.0%) gas / (0xdaf5af540f8075ee8c7fadd6970a100b43065af2d224e257bf7fcc3d36268d8f)
[m[2m2026-05-31 05:24:09.049-0400[m[2m | [m[2mBftProcessorExecutor-QBFT-0[m[2m | [m[32mINFO [m[2m | [m[2mQbftBesuControllerBuilder[m[2m | [m[32mImported empty block #52 / 0 tx / 0 pending / 0 (0.0%) gas / (0x94756d0dc556037a72f6b6209fa7fc6986ccbdf682f573becd58250824167d3a)
[m[2m2026-05-31 05:24:11.036-0400[m[2m | [m[2mBftProcessorExecutor-QBFT-0[m[2m | [m[32mINFO [m[2m | [m[2mQbftBesuControllerBuilder[m[2m | [m[32mImported empty block #53 / 0 tx / 0 pending / 0 (0.0%) gas / (0x6a25179d5f6dffad76ae9ddf1d32817c3bf55f5960eacb2604ad84d771a96cf1)
[m[2m2026-05-31 05:24:13.036-0400[m[2m | [m[2mBftProcessorExecutor-QBFT-0[m[2m | [m[32mINFO [m[2m | [m[2mQbftBesuControllerBuilder[m[2m | [m[32mProduced empty block #54 / 0 tx / 0 pending / 0 (0.0%) gas / (0xb31040b1c9e74a2a8b173f0a59e6ad1e3df99710d3234daff2cc3e0fe8327022)
[m[2m2026-05-31 05:24:15.040-0400[m[2m | [m[2mBftProcessorExecutor-QBFT-0[m[2m | [m[32mINFO [m[2m | [m[2mQbftBesuControllerBuilder[m[2m | [m[32mImported empty block #55 / 0 tx / 0 pending / 0 (0.0%) gas / (0x041ef869f6f686ce8ec1acd31f2ad5c864f99d6954b44c0f4f27112af24b25af)
[m[2m2026-05-31 05:24:17.025-0400[m[2m | [m[2mBftProcessorExecutor-QBFT-0[m[2m | [m[32mINFO [m[2m | [m[2mQbftBesuControllerBuilder[m[2m | [m[32mImported empty block #56 / 0 tx / 0 pending / 0 (0.0%) gas / (0x8e2bd164384a78e6474a26a2cc5c9c5e19e19355a839eb1fc0d45eda933e7e4f)
[m[2m2026-05-31 05:24:19.047-0400[m[2m | [m[2mBftProcessorExecutor-QBFT-0[m[2m | [m[32mINFO [m[2m | [m[2mQbftBesuControllerBuilder[m[2m | [m[32mImported empty block #57 / 0 tx / 0 pending / 0 (0.0%) gas / (0x94654c62ca8e7768aa08c00e669c91961c9b6d280bc4dfada42c2fc2728ca3c5)
[m[2m2026-05-31 05:24:21.039-0400[m[2m | [m[2mBftProcessorExecutor-QBFT-0[m[2m | [m[32mINFO [m[2m | [m[2mQbftBesuControllerBuilder[m[2m | [m[32mProduced empty block #58 / 0 tx / 0 pending / 0 (0.0%) gas / (0xeb1a80a206403dc0130bd2ca011002dd47bba095d86690108ade4981ff481ad0)
[m[2m2026-05-31 05:24:23.028-0400[m[2m | [m[2mBftProcessorExecutor-QBFT-0[m[2m | [m[32mINFO [m[2m | [m[2mQbftBesuControllerBuilder[m[2m | [m[32mImported empty block #59 / 0 tx / 0 pending / 0 (0.0%) gas / (0x61d228bba4f201a100ef9210bcca398a77dfc284455151fa878278b8492390a0)
[m[2m2026-05-31 05:24:25.036-0400[m[2m | [m[2mBftProcessorExecutor-QBFT-0[m[2m | [m[32mINFO [m[2m | [m[2mQbftBesuControllerBuilder[m[2m | [m[32mImported empty block #60 / 0 tx / 0 pending / 0 (0.0%) gas / (0x118215c88d7c019dca8cc1166817a7454d8263f5ac29502ef32de367dcb14fa7)
[m[2m2026-05-31 05:24:27.047-0400[m[2m | [m[2mBftProcessorExecutor-QBFT-0[m[2m | [m[32mINFO [m[2m | [m[2mQbftBesuControllerBuilder[m[2m | [m[32mImported empty block #61 / 0 tx / 0 pending / 0 (0.0%) gas / (0x3cb53508c89823a8caeeb5f8bfca2e343e8e74f7ea81aa7400a5bbf56c6ab62f)
[m[2m2026-05-31 05:24:29.031-0400[m[2m | [m[2mBftProcessorExecutor-QBFT-0[m[2m | [m[32mINFO [m[2m | [m[2mQbftBesuControllerBuilder[m[2m | [m[32mProduced empty block #62 / 0 tx / 0 pending / 0 (0.0%) gas / (0x43993338bff96a8f07503f0c0b193c3bc284473a973bf2552629dc6dc11374fc)
[m[2m2026-05-31 05:24:31.044-0400[m[2m | [m[2mBftProcessorExecutor-QBFT-0[m[2m | [m[32mINFO [m[2m | [m[2mQbftBesuControllerBuilder[m[2m | [m[32mImported empty block #63 / 0 tx / 0 pending / 0 (0.0%) gas / (0x75a40514a7760dde890ab8dbc5eba19c4200aae6c065e17422d4522d4c98bc36)
[m[2m2026-05-31 05:24:33.024-0400[m[2m | [m[2mBftProcessorExecutor-QBFT-0[m[2m | [m[32mINFO [m[2m | [m[2mQbftBesuControllerBuilder[m[2m | [m[32mImported empty block #64 / 0 tx / 0 pending / 0 (0.0%) gas / (0x6606c5b2fdec76cbec9dbe023a5ce7817b85904f2953a7210528c14ffe093077)
[m[2m2026-05-31 05:24:35.048-0400[m[2m | [m[2mBftProcessorExecutor-QBFT-0[m[2m | [m[32mINFO [m[2m | [m[2mQbftBesuControllerBuilder[m[2m | [m[32mImported empty block #65 / 0 tx / 0 pending / 0 (0.0%) gas / (0xb585f01b036ae62e08f532fa0473252906ca06b4a828e2a9b7fd48f86f2ad6f8)
[m[2m2026-05-31 05:24:37.052-0400[m[2m | [m[2mBftProcessorExecutor-QBFT-0[m[2m | [m[32mINFO [m[2m | [m[2mQbftBesuControllerBuilder[m[2m | [m[32mProduced empty block #66 / 0 tx / 0 pending / 0 (0.0%) gas / (0x3b5cc85dcd8f04fa383c8ada246222049613a95623c81f09d1ffd8e2d204a63f)
[m[2m2026-05-31 05:24:39.028-0400[m[2m | [m[2mBftProcessorExecutor-QBFT-0[m[2m | [m[32mINFO [m[2m | [m[2mQbftBesuControllerBuilder[m[2m | [m[32mImported empty block #67 / 0 tx / 0 pending / 0 (0.0%) gas / (0xf2ef9977b94f90b691483db768f1992dde6223c6fdc3ea3b5b1d2935fd0daf20)
[m[2m2026-05-31 05:24:41.032-0400[m[2m | [m[2mBftProcessorExecutor-QBFT-0[m[2m | [m[32mINFO [m[2m | [m[2mQbftBesuControllerBuilder[m[2m | [m[32mImported empty block #68 / 0 tx / 0 pending / 0 (0.0%) gas / (0x74db204a5e0b5e5c5ddc5af2ed59fa386b4535e5f9a23e64d2851e7f1d4e84ba)
[m[2m2026-05-31 05:24:41.032-0400[m[2m | [m[2mEthScheduler-Workers-9[m[2m | [m[32mINFO [m[2m | [m[2mPersistBlockTask[m[2m | [m[32mBlock 68 (0x74db204a5e0b5e5c5ddc5af2ed59fa386b4535e5f9a23e64d2851e7f1d4e84ba) is already imported
[m[2m2026-05-31 05:24:43.037-0400[m[2m | [m[2mBftProcessorExecutor-QBFT-0[m[2m | [m[32mINFO [m[2m | [m[2mQbftBesuControllerBuilder[m[2m | [m[32mImported empty block #69 / 0 tx / 0 pending / 0 (0.0%) gas / (0x3a34f57cb953aa12c0c25dcc5a8f4e022e8dfb22bf47110deef30a669ae4866d)
[m[2m2026-05-31 05:24:45.040-0400[m[2m | [m[2mBftProcessorExecutor-QBFT-0[m[2m | [m[32mINFO [m[2m | [m[2mQbftBesuControllerBuilder[m[2m | [m[32mProduced empty block #70 / 0 tx / 0 pending / 0 (0.0%) gas / (0x78ac54fdc8346bf81eeb1db7954a5ff3a80df69a6c0b16a020a7c32493b0ddc8)
[m[2m2026-05-31 05:24:47.035-0400[m[2m | [m[2mBftProcessorExecutor-QBFT-0[m[2m | [m[32mINFO [m[2m | [m[2mQbftBesuControllerBuilder[m[2m | [m[32mImported empty block #71 / 0 tx / 0 pending / 0 (0.0%) gas / (0xc8e2b93462d179802ff6fb9616ccf30282eb878782e86cd0fcb57201827fe624)
[m[2m2026-05-31 05:24:49.050-0400[m[2m | [m[2mBftProcessorExecutor-QBFT-0[m[2m | [m[32mINFO [m[2m | [m[2mQbftBesuControllerBuilder[m[2m | [m[32mImported empty block #72 / 0 tx / 0 pending / 0 (0.0%) gas / (0x3b352115e793b3ff3e5e16993131231d125727659a0d6a3d1a691ba71eba7cde)
[m[2m2026-05-31 05:24:51.050-0400[m[2m | [m[2mBftProcessorExecutor-QBFT-0[m[2m | [m[32mINFO [m[2m | [m[2mQbftBesuControllerBuilder[m[2m | [m[32mImported empty block #73 / 0 tx / 0 pending / 0 (0.0%) gas / (0xd97ddbae48cf0e654ffed5c596ed990010709a55ed4f6fd624f0738754c388c6)
[m[2m2026-05-31 05:24:53.039-0400[m[2m | [m[2mBftProcessorExecutor-QBFT-0[m[2m | [m[32mINFO [m[2m | [m[2mQbftBesuControllerBuilder[m[2m | [m[32mProduced empty block #74 / 0 tx / 0 pending / 0 (0.0%) gas / (0x24dc3c7eea001af09248ab56021235e521bd40504c8138f8d71db7a61f85a055)
[m[2m2026-05-31 05:24:55.031-0400[m[2m | [m[2mBftProcessorExecutor-QBFT-0[m[2m | [m[32mINFO [m[2m | [m[2mQbftBesuControllerBuilder[m[2m | [m[32mImported empty block #75 / 0 tx / 0 pending / 0 (0.0%) gas / (0x6022b91c119213fecc9ddab34b3da64866fd7dea68d86686b8f85fc593a6369a)
[m[2m2026-05-31 05:24:57.042-0400[m[2m | [m[2mBftProcessorExecutor-QBFT-0[m[2m | [m[32mINFO [m[2m | [m[2mQbftBesuControllerBuilder[m[2m | [m[32mImported empty block #76 / 0 tx / 0 pending / 0 (0.0%) gas / (0x845874006bdc98cddd471bfc7621f5f092238558f27feedc062f76b8a030def9)
[m[2m2026-05-31 05:24:59.035-0400[m[2m | [m[2mBftProcessorExecutor-QBFT-0[m[2m | [m[32mINFO [m[2m | [m[2mQbftBesuControllerBuilder[m[2m | [m[32mImported empty block #77 / 0 tx / 0 pending / 0 (0.0%) gas / (0xab70f7a5d6d4a439c3c5354741e9e9bcf9fe9fb6283e9bebe01ba47d0a7ff72a)
[m[2m2026-05-31 05:25:01.039-0400[m[2m | [m[2mBftProcessorExecutor-QBFT-0[m[2m | [m[32mINFO [m[2m | [m[2mQbftBesuControllerBuilder[m[2m | [m[32mProduced empty block #78 / 0 tx / 0 pending / 0 (0.0%) gas / (0x02e5c5f6569e0068dd1dc70036e8c6815ca69ac54d2db98462619e416da417f8)
[m[2m2026-05-31 05:25:03.040-0400[m[2m | [m[2mBftProcessorExecutor-QBFT-0[m[2m | [m[32mINFO [m[2m | [m[2mQbftBesuControllerBuilder[m[2m | [m[32mImported empty block #79 / 0 tx / 0 pending / 0 (0.0%) gas / (0x6fbbadee54eb18ed8c1b1a902373d683b4c2b75812772fe54fa56a4b18128cc6)
[m[2m2026-05-31 05:25:05.017-0400[m[2m | [m[2mBftProcessorExecutor-QBFT-0[m[2m | [m[32mINFO [m[2m | [m[2mQbftBesuControllerBuilder[m[2m | [m[32mImported empty block #80 / 0 tx / 0 pending / 0 (0.0%) gas / (0x19edb4f9cac2f9fb31759c450e8af891b6749c820c25e509ca249700459cae0e)
[m[2m2026-05-31 05:25:07.044-0400[m[2m | [m[2mBftProcessorExecutor-QBFT-0[m[2m | [m[32mINFO [m[2m | [m[2mQbftBesuControllerBuilder[m[2m | [m[32mImported empty block #81 / 0 tx / 0 pending / 0 (0.0%) gas / (0xdad4d61d06ee9c38f1d7ab50975ceb725027767356d5f67e98c64a7a0e226a61)
[m[2m2026-05-31 05:25:07.045-0400[m[2m | [m[2mEthScheduler-Workers-11[m[2m | [m[32mINFO [m[2m | [m[2mPersistBlockTask[m[2m | [m[32mBlock 81 (0xdad4d61d06ee9c38f1d7ab50975ceb725027767356d5f67e98c64a7a0e226a61) is already imported
[m[2m2026-05-31 05:25:09.037-0400[m[2m | [m[2mBftProcessorExecutor-QBFT-0[m[2m | [m[32mINFO [m[2m | [m[2mQbftBesuControllerBuilder[m[2m | [m[32mProduced empty block #82 / 0 tx / 0 pending / 0 (0.0%) gas / (0x0049e0512e3f770316e7379e4455bb90a3d7843c9c195e9a94246689e0882491)
[m[2m2026-05-31 05:25:11.028-0400[m[2m | [m[2mBftProcessorExecutor-QBFT-0[m[2m | [m[32mINFO [m[2m | [m[2mQbftBesuControllerBuilder[m[2m | [m[32mImported empty block #83 / 0 tx / 0 pending / 0 (0.0%) gas / (0x0a8a1d723c6993fe812d02c8ab746c0f84ffc5fe100eaa9e7a4cb58cb9ba169a)
[m[2m2026-05-31 05:25:13.026-0400[m[2m | [m[2mBftProcessorExecutor-QBFT-0[m[2m | [m[32mINFO [m[2m | [m[2mQbftBesuControllerBuilder[m[2m | [m[32mImported empty block #84 / 0 tx / 0 pending / 0 (0.0%) gas / (0xd82c7b62384af29909e251fac8d4cf4a37220f8f2f24835a7c21ebc52b2b2831)
[m[2m2026-05-31 05:25:15.041-0400[m[2m | [m[2mBftProcessorExecutor-QBFT-0[m[2m | [m[32mINFO [m[2m | [m[2mQbftBesuControllerBuilder[m[2m | [m[32mImported empty block #85 / 0 tx / 0 pending / 0 (0.0%) gas / (0x2625825de750cbb93712c22292f24ef528abb1f3f8fd0e413d4ab8c870324a36)
[m[2m2026-05-31 05:25:17.035-0400[m[2m | [m[2mBftProcessorExecutor-QBFT-0[m[2m | [m[32mINFO [m[2m | [m[2mQbftBesuControllerBuilder[m[2m | [m[32mProduced empty block #86 / 0 tx / 0 pending / 0 (0.0%) gas / (0x9b4f28bcd42051229925807beb466644b21ed04e45c57463e1848cc78b892c29)
[m[2m2026-05-31 05:25:19.018-0400[m[2m | [m[2mBftProcessorExecutor-QBFT-0[m[2m | [m[32mINFO [m[2m | [m[2mQbftBesuControllerBuilder[m[2m | [m[32mImported empty block #87 / 0 tx / 0 pending / 0 (0.0%) gas / (0xe33f28376ca019b2a2cd1a3fd820df61b878e0d2e7f74b6c101f20219d11c113)
[m[2m2026-05-31 05:25:21.036-0400[m[2m | [m[2mBftProcessorExecutor-QBFT-0[m[2m | [m[32mINFO [m[2m | [m[2mQbftBesuControllerBuilder[m[2m | [m[32mImported empty block #88 / 0 tx / 0 pending / 0 (0.0%) gas / (0x100467d9c22287de461ab56fd57ecfa496f8e901c8ec4bafd97a79bcba4de0c3)
[m[2m2026-05-31 05:25:23.043-0400[m[2m | [m[2mBftProcessorExecutor-QBFT-0[m[2m | [m[32mINFO [m[2m | [m[2mQbftBesuControllerBuilder[m[2m | [m[32mImported empty block #89 / 0 tx / 0 pending / 0 (0.0%) gas / (0x24eb50bbb3c64e48122f6aece625097ecaf6cb58a39ee4af7a31a74ba152d1ec)
[m[2m2026-05-31 05:25:25.039-0400[m[2m | [m[2mBftProcessorExecutor-QBFT-0[m[2m | [m[32mINFO [m[2m | [m[2mQbftBesuControllerBuilder[m[2m | [m[32mProduced empty block #90 / 0 tx / 0 pending / 0 (0.0%) gas / (0xff9f868af827685bb6087b70bc83b3e121241ff5d9bcfbc520dbe5f6ca376a66)
[m[2m2026-05-31 05:25:27.032-0400[m[2m | [m[2mBftProcessorExecutor-QBFT-0[m[2m | [m[32mINFO [m[2m | [m[2mQbftBesuControllerBuilder[m[2m | [m[32mImported empty block #91 / 0 tx / 0 pending / 0 (0.0%) gas / (0xa32f7c6c361394000d2e214ce6122da4c3bc3db09fcc05660b5efef2c004c2b8)
[m[2m2026-05-31 05:25:29.025-0400[m[2m | [m[2mBftProcessorExecutor-QBFT-0[m[2m | [m[32mINFO [m[2m | [m[2mQbftBesuControllerBuilder[m[2m | [m[32mImported empty block #92 / 0 tx / 0 pending / 0 (0.0%) gas / (0xec2cc27f4ef8f9caf4236f6b8acdfac674baa328209922ab9a2d66f05efe6db4)
[m[2m2026-05-31 05:25:31.040-0400[m[2m | [m[2mBftProcessorExecutor-QBFT-0[m[2m | [m[32mINFO [m[2m | [m[2mQbftBesuControllerBuilder[m[2m | [m[32mImported empty block #93 / 0 tx / 0 pending / 0 (0.0%) gas / (0x87017e956c3ff7dd6118763a64e94aa0bf157c9dfdeecb4ce262d30ef8246cdf)
[m[2m2026-05-31 05:25:33.042-0400[m[2m | [m[2mBftProcessorExecutor-QBFT-0[m[2m | [m[32mINFO [m[2m | [m[2mQbftBesuControllerBuilder[m[2m | [m[32mProduced empty block #94 / 0 tx / 0 pending / 0 (0.0%) gas / (0xbe98edce03be586fab2517388a9b932c094c69422c5d6e8854901eb1a09b6fd9)
[m[2m2026-05-31 05:25:35.032-0400[m[2m | [m[2mBftProcessorExecutor-QBFT-0[m[2m | [m[32mINFO [m[2m | [m[2mQbftBesuControllerBuilder[m[2m | [m[32mImported empty block #95 / 0 tx / 0 pending / 0 (0.0%) gas / (0xdc8759895be47b9b23b7141771975f879999fac0adcfb74935b81dc1652bc913)
[m[2m2026-05-31 05:25:37.034-0400[m[2m | [m[2mBftProcessorExecutor-QBFT-0[m[2m | [m[32mINFO [m[2m | [m[2mQbftBesuControllerBuilder[m[2m | [m[32mImported block #96 / 1 tx / 1 pending / 21,000 (0.4%) gas / (0x70ffc88ee9a148796e35e1bf2652edaaf093a87fe6434250c2c46e157fff882a)
[m[2m2026-05-31 05:25:39.036-0400[m[2m | [m[2mBftProcessorExecutor-QBFT-0[m[2m | [m[32mINFO [m[2m | [m[2mQbftBesuControllerBuilder[m[2m | [m[32mImported empty block #97 / 0 tx / 0 pending / 0 (0.0%) gas / (0xd8089bd86021085491b1857a721ac372d2fa37871ce6cf53efeed28db70d76b0)
[m[2m2026-05-31 05:25:41.034-0400[m[2m | [m[2mBftProcessorExecutor-QBFT-0[m[2m | [m[32mINFO [m[2m | [m[2mQbftBesuControllerBuilder[m[2m | [m[32mProduced empty block #98 / 0 tx / 0 pending / 0 (0.0%) gas / (0x1a765fdbfc1f2fd64f9ee9dcae341261205f2aeb78742f41ff1d1dc1b1285bc9)
[m[2m2026-05-31 05:25:43.046-0400[m[2m | [m[2mBftProcessorExecutor-QBFT-0[m[2m | [m[32mINFO [m[2m | [m[2mQbftBesuControllerBuilder[m[2m | [m[32mImported empty block #99 / 0 tx / 0 pending / 0 (0.0%) gas / (0x0d3c1444a43d548c53435d92c1d7d7e63ff52b52bf886cd1abd9c6154c25e816)
[m[2m2026-05-31 05:25:45.031-0400[m[2m | [m[2mBftProcessorExecutor-QBFT-0[m[2m | [m[32mINFO [m[2m | [m[2mQbftBesuControllerBuilder[m[2m | [m[32mImported empty block #100 / 0 tx / 0 pending / 0 (0.0%) gas / (0x5d3aeb7d5c7e3d7df85b637b6feeb74b805016fff78bc39a501d069b9f887bf5)
[m[2m2026-05-31 05:25:45.035-0400[m[2m | [m[2mEthScheduler-Workers-16[m[2m | [m[32mINFO [m[2m | [m[2mPersistBlockTask[m[2m | [m[32mBlock 100 (0x5d3aeb7d5c7e3d7df85b637b6feeb74b805016fff78bc39a501d069b9f887bf5) is already imported
[m[2m2026-05-31 05:25:47.034-0400[m[2m | [m[2mBftProcessorExecutor-QBFT-0[m[2m | [m[32mINFO [m[2m | [m[2mQbftBesuControllerBuilder[m[2m | [m[32mImported empty block #101 / 0 tx / 0 pending / 0 (0.0%) gas / (0xa41d658084a4e5c646a6bd6da2edb9af37cc631fa32d51a7c58a976b7d182cc0)
[m[2m2026-05-31 05:25:49.038-0400[m[2m | [m[2mBftProcessorExecutor-QBFT-0[m[2m | [m[32mINFO [m[2m | [m[2mQbftBesuControllerBuilder[m[2m | [m[32mProduced empty block #102 / 0 tx / 0 pending / 0 (0.0%) gas / (0x89e97cbc6dcfe813a86dcc052723d8a179c8d612c795c90e20dcfed796db6439)
[m[2m2026-05-31 05:25:51.041-0400[m[2m | [m[2mBftProcessorExecutor-QBFT-0[m[2m | [m[32mINFO [m[2m | [m[2mQbftBesuControllerBuilder[m[2m | [m[32mImported empty block #103 / 0 tx / 0 pending / 0 (0.0%) gas / (0x513884468fa4bf84764e7ff8ce912251a83539e43b6001297a4d542aa3278d35)
[m[2m2026-05-31 05:25:53.034-0400[m[2m | [m[2mBftProcessorExecutor-QBFT-0[m[2m | [m[32mINFO [m[2m | [m[2mQbftBesuControllerBuilder[m[2m | [m[32mImported empty block #104 / 0 tx / 0 pending / 0 (0.0%) gas / (0x4acbbe5f51764e6a2d47cca807a568e86e414ce84b4cff707f4ca4ba64a69a52)
[m[2m2026-05-31 05:25:55.048-0400[m[2m | [m[2mBftProcessorExecutor-QBFT-0[m[2m | [m[32mINFO [m[2m | [m[2mQbftBesuControllerBuilder[m[2m | [m[32mImported empty block #105 / 0 tx / 0 pending / 0 (0.0%) gas / (0xe8a053859ee0ca362547032f9d0fb908c98570ef7f8e5f0f6ae35a7817739a47)
[m[2m2026-05-31 05:25:57.040-0400[m[2m | [m[2mBftProcessorExecutor-QBFT-0[m[2m | [m[32mINFO [m[2m | [m[2mQbftBesuControllerBuilder[m[2m | [m[32mProduced empty block #106 / 0 tx / 0 pending / 0 (0.0%) gas / (0x74a6db7cf3c342be0347c7698ea9d9f9aee50539cd73aef56fa1db4f05ba1e15)
[m[2m2026-05-31 05:25:59.045-0400[m[2m | [m[2mBftProcessorExecutor-QBFT-0[m[2m | [m[32mINFO [m[2m | [m[2mQbftBesuControllerBuilder[m[2m | [m[32mImported empty block #107 / 0 tx / 0 pending / 0 (0.0%) gas / (0xaec9cb5c300b906658baaa6ebfd1cd2f01365f309b3e10cce825584f21c386ff)
[m[2m2026-05-31 05:26:01.034-0400[m[2m | [m[2mBftProcessorExecutor-QBFT-0[m[2m | [m[32mINFO [m[2m | [m[2mQbftBesuControllerBuilder[m[2m | [m[32mImported empty block #108 / 0 tx / 0 pending / 0 (0.0%) gas / (0x7f4db09c6f044ca63dd9f5388827c722156e9939c9224743d5f0ff908bf4c6b1)
[m[2m2026-05-31 05:26:03.047-0400[m[2m | [m[2mBftProcessorExecutor-QBFT-0[m[2m | [m[32mINFO [m[2m | [m[2mQbftBesuControllerBuilder[m[2m | [m[32mImported empty block #109 / 0 tx / 0 pending / 0 (0.0%) gas / (0xbef49a21af48cce58a914beab0f1026b9e6e000602fefe57e26475fed38d4d97)
[m[2m2026-05-31 05:26:03.047-0400[m[2m | [m[2mEthScheduler-Workers-18[m[2m | [m[32mINFO [m[2m | [m[2mPersistBlockTask[m[2m | [m[32mBlock 109 (0xbef49a21af48cce58a914beab0f1026b9e6e000602fefe57e26475fed38d4d97) is already imported
[m[2m2026-05-31 05:26:05.040-0400[m[2m | [m[2mBftProcessorExecutor-QBFT-0[m[2m | [m[32mINFO [m[2m | [m[2mQbftBesuControllerBuilder[m[2m | [m[32mProduced empty block #110 / 0 tx / 0 pending / 0 (0.0%) gas / (0x8a28cbdf538101adf3722fa9d9d030df75daef1235a16ca0bef392231ccc2130)
[m[2m2026-05-31 05:26:07.054-0400[m[2m | [m[2mBftProcessorExecutor-QBFT-0[m[2m | [m[32mINFO [m[2m | [m[2mQbftBesuControllerBuilder[m[2m | [m[32mImported empty block #111 / 0 tx / 0 pending / 0 (0.0%) gas / (0xb636b04b52ccf4c9e39e12aae48400bbcd0f4d2bd9ce8c0b019c67ab0ac9ed91)
[m[2m2026-05-31 05:26:09.034-0400[m[2m | [m[2mBftProcessorExecutor-QBFT-0[m[2m | [m[32mINFO [m[2m | [m[2mQbftBesuControllerBuilder[m[2m | [m[32mImported empty block #112 / 0 tx / 0 pending / 0 (0.0%) gas / (0xd961408edf22e0bd2886bd8a966e3c32f90dec432ffa181be71d39afd73a7d13)
[m[2m2026-05-31 05:26:11.024-0400[m[2m | [m[2mBftProcessorExecutor-QBFT-0[m[2m | [m[32mINFO [m[2m | [m[2mQbftBesuControllerBuilder[m[2m | [m[32mImported empty block #113 / 0 tx / 0 pending / 0 (0.0%) gas / (0xd40ee40427c5af6edb7305a38ffbd351b0fbb354741bd17891a8b1245b4e91d9)
[m[2m2026-05-31 05:26:13.050-0400[m[2m | [m[2mBftProcessorExecutor-QBFT-0[m[2m | [m[32mINFO [m[2m | [m[2mQbftBesuControllerBuilder[m[2m | [m[32mProduced empty block #114 / 0 tx / 0 pending / 0 (0.0%) gas / (0x6cee4323866d548cb60d580379925ac895bda7812c8fb84c908181fcdfba43af)
[m[2m2026-05-31 05:26:15.037-0400[m[2m | [m[2mBftProcessorExecutor-QBFT-0[m[2m | [m[32mINFO [m[2m | [m[2mQbftBesuControllerBuilder[m[2m | [m[32mImported empty block #115 / 0 tx / 0 pending / 0 (0.0%) gas / (0x9a192514443077c09bff854d58f0ad86051ed94ea556da9d4cd5caea6aea8d66)
[m[2m2026-05-31 05:26:17.035-0400[m[2m | [m[2mBftProcessorExecutor-QBFT-0[m[2m | [m[32mINFO [m[2m | [m[2mQbftBesuControllerBuilder[m[2m | [m[32mImported empty block #116 / 0 tx / 0 pending / 0 (0.0%) gas / (0xcbb9473a1fac44b62bdb5b4e18214edcba4a59218650624cf5adb90d4ee6e0a0)
[m[2m2026-05-31 05:26:19.026-0400[m[2m | [m[2mBftProcessorExecutor-QBFT-0[m[2m | [m[32mINFO [m[2m | [m[2mQbftBesuControllerBuilder[m[2m | [m[32mImported empty block #117 / 0 tx / 0 pending / 0 (0.0%) gas / (0xcaaf20503e2aba7e59539403ce36a4bc7ba2273db290945bb6bcf5f508077221)
[m[2m2026-05-31 05:26:21.043-0400[m[2m | [m[2mBftProcessorExecutor-QBFT-0[m[2m | [m[32mINFO [m[2m | [m[2mQbftBesuControllerBuilder[m[2m | [m[32mProduced empty block #118 / 0 tx / 0 pending / 0 (0.0%) gas / (0x9939978dd2ce46c70aadd9ff3d7e70e8855ec50b773b09ca6835db40dc3e5bf5)
[m[2m2026-05-31 05:26:23.021-0400[m[2m | [m[2mBftProcessorExecutor-QBFT-0[m[2m | [m[32mINFO [m[2m | [m[2mQbftBesuControllerBuilder[m[2m | [m[32mImported empty block #119 / 0 tx / 0 pending / 0 (0.0%) gas / (0x92ad075ffd3b8d5833ac5eefef1b2124946b3f226ed01f50e6f43dbdbb37eb26)
[m[2m2026-05-31 05:26:25.029-0400[m[2m | [m[2mBftProcessorExecutor-QBFT-0[m[2m | [m[32mINFO [m[2m | [m[2mQbftBesuControllerBuilder[m[2m | [m[32mImported block #120 / 1 tx / 0 pending / 21,000 (0.4%) gas / (0x16c74f53983c17cc9a72362e5ff35806e609b5ca5c74c3613997029cfda612b0)
[m[2m2026-05-31 05:26:27.015-0400[m[2m | [m[2mBftProcessorExecutor-QBFT-0[m[2m | [m[32mINFO [m[2m | [m[2mQbftBesuControllerBuilder[m[2m | [m[32mImported empty block #121 / 0 tx / 0 pending / 0 (0.0%) gas / (0xd3db92bb5ba868e2bc64972b108a553789b2892ad388886f4ffb1e182556df26)
[m[2m2026-05-31 05:26:29.033-0400[m[2m | [m[2mBftProcessorExecutor-QBFT-0[m[2m | [m[32mINFO [m[2m | [m[2mQbftBesuControllerBuilder[m[2m | [m[32mProduced empty block #122 / 0 tx / 0 pending / 0 (0.0%) gas / (0x1aac10ec405e348c7430017cb75408220fdd2affc8e855e9d5fe1f5d34d3dcb3)
[m[2m2026-05-31 05:26:31.037-0400[m[2m | [m[2mBftProcessorExecutor-QBFT-0[m[2m | [m[32mINFO [m[2m | [m[2mQbftBesuControllerBuilder[m[2m | [m[32mImported empty block #123 / 0 tx / 0 pending / 0 (0.0%) gas / (0xb48ef0e55961a7ced4fc1e04b05b93f746271314813a4bd8bfd03da7e35498d9)
[m[2m2026-05-31 05:26:33.036-0400[m[2m | [m[2mBftProcessorExecutor-QBFT-0[m[2m | [m[32mINFO [m[2m | [m[2mQbftBesuControllerBuilder[m[2m | [m[32mImported empty block #124 / 0 tx / 0 pending / 0 (0.0%) gas / (0x255d677c531e04834def4d3922f69e273bd2595b720f5a7096d4113d26cb8b41)
[m[2m2026-05-31 05:26:33.039-0400[m[2m | [m[2mEthScheduler-Workers-13[m[2m | [m[32mINFO [m[2m | [m[2mPersistBlockTask[m[2m | [m[32mBlock 124 (0x255d677c531e04834def4d3922f69e273bd2595b720f5a7096d4113d26cb8b41) is already imported
[m[2m2026-05-31 05:26:35.015-0400[m[2m | [m[2mBftProcessorExecutor-QBFT-0[m[2m | [m[32mINFO [m[2m | [m[2mQbftBesuControllerBuilder[m[2m | [m[32mImported empty block #125 / 0 tx / 0 pending / 0 (0.0%) gas / (0x0c39709cb9ba544456377d0912c95ad43c4280ad88d9b1492002a9cb31a4d17a)
[m[2m2026-05-31 05:26:37.034-0400[m[2m | [m[2mBftProcessorExecutor-QBFT-0[m[2m | [m[32mINFO [m[2m | [m[2mQbftBesuControllerBuilder[m[2m | [m[32mProduced empty block #126 / 0 tx / 0 pending / 0 (0.0%) gas / (0x1208164b3c5a38c8500153e251b66f9e5e0174181b4cace3b547e70b44ad4bd7)
[m[2m2026-05-31 05:26:39.032-0400[m[2m | [m[2mBftProcessorExecutor-QBFT-0[m[2m | [m[32mINFO [m[2m | [m[2mQbftBesuControllerBuilder[m[2m | [m[32mImported empty block #127 / 0 tx / 0 pending / 0 (0.0%) gas / (0x1b9dc4296ba24b8f50e4279c5272ed4e524b1a68104633bad5c461d95ef3ccdd)
[m[2m2026-05-31 05:26:41.015-0400[m[2m | [m[2mBftProcessorExecutor-QBFT-0[m[2m | [m[32mINFO [m[2m | [m[2mQbftBesuControllerBuilder[m[2m | [m[32mImported empty block #128 / 0 tx / 0 pending / 0 (0.0%) gas / (0x7d1513fcadf8fa76503b8fbdcafbd676a4d0af57c4249dcfc2696a8693decbf3)
[m[2m2026-05-31 05:26:43.022-0400[m[2m | [m[2mBftProcessorExecutor-QBFT-0[m[2m | [m[32mINFO [m[2m | [m[2mQbftBesuControllerBuilder[m[2m | [m[32mImported empty block #129 / 0 tx / 0 pending / 0 (0.0%) gas / (0xc99e718d262eff772493d26f1a268bda2c86cd13650a2a893d2e3bf109f8786b)
[m[2m2026-05-31 05:26:45.023-0400[m[2m | [m[2mBftProcessorExecutor-QBFT-0[m[2m | [m[32mINFO [m[2m | [m[2mQbftBesuControllerBuilder[m[2m | [m[32mProduced empty block #130 / 0 tx / 0 pending / 0 (0.0%) gas / (0xdf2ec23e475b96a3726555d3cde8b24a3767f4058a8b9d06e5f73c85c629cb42)
[m[2m2026-05-31 05:26:47.025-0400[m[2m | [m[2mBftProcessorExecutor-QBFT-0[m[2m | [m[32mINFO [m[2m | [m[2mQbftBesuControllerBuilder[m[2m | [m[32mImported empty block #131 / 0 tx / 0 pending / 0 (0.0%) gas / (0x1013be70b466a7cc01366be1ed3c03fa59a6e6b93fb41b5698ffaa06c5ffe965)
[m[2m2026-05-31 05:26:49.014-0400[m[2m | [m[2mBftProcessorExecutor-QBFT-0[m[2m | [m[32mINFO [m[2m | [m[2mQbftBesuControllerBuilder[m[2m | [m[32mImported empty block #132 / 0 tx / 0 pending / 0 (0.0%) gas / (0xd31092c4f43708757eb23f45b2eba100f553e95e42ec38bd2bef50b8d0cc9522)
[m[2m2026-05-31 05:26:51.023-0400[m[2m | [m[2mBftProcessorExecutor-QBFT-0[m[2m | [m[32mINFO [m[2m | [m[2mQbftBesuControllerBuilder[m[2m | [m[32mImported empty block #133 / 0 tx / 0 pending / 0 (0.0%) gas / (0xd1355de3d1587b24c06995196405107fbeae9f82377524a38e800d4feaabb7bb)
[m[2m2026-05-31 05:26:53.037-0400[m[2m | [m[2mBftProcessorExecutor-QBFT-0[m[2m | [m[32mINFO [m[2m | [m[2mQbftBesuControllerBuilder[m[2m | [m[32mProduced empty block #134 / 0 tx / 0 pending / 0 (0.0%) gas / (0x62f7aa4e04f924ce90d51cd1f91afecaa6e64b887229402d7b6836b48779fd62)
[m[2m2026-05-31 05:26:55.022-0400[m[2m | [m[2mBftProcessorExecutor-QBFT-0[m[2m | [m[32mINFO [m[2m | [m[2mQbftBesuControllerBuilder[m[2m | [m[32mImported empty block #135 / 0 tx / 0 pending / 0 (0.0%) gas / (0xbc39ba33081b133471d1904352bb9b3079e19b9abcb8e598672695e01048820e)
[m[2m2026-05-31 05:26:57.016-0400[m[2m | [m[2mBftProcessorExecutor-QBFT-0[m[2m | [m[32mINFO [m[2m | [m[2mQbftBesuControllerBuilder[m[2m | [m[32mImported empty block #136 / 0 tx / 0 pending / 0 (0.0%) gas / (0x46033da85eaabb2a82dfcd835a1f8de2e017afb71f0a5ec708b1cd5c41e05ebe)
[m[2m2026-05-31 05:26:59.019-0400[m[2m | [m[2mBftProcessorExecutor-QBFT-0[m[2m | [m[32mINFO [m[2m | [m[2mQbftBesuControllerBuilder[m[2m | [m[32mImported empty block #137 / 0 tx / 0 pending / 0 (0.0%) gas / (0x0e11b737adbb7ce22d40326429be7712defe2ecf609992632fc3e6bf7259dff3)
[m[2m2026-05-31 05:27:01.011-0400[m[2m | [m[2mBftProcessorExecutor-QBFT-0[m[2m | [m[32mINFO [m[2m | [m[2mQbftBesuControllerBuilder[m[2m | [m[32mProduced empty block #138 / 0 tx / 0 pending / 0 (0.0%) gas / (0xfd723f2ca0a37c84cc1e10e2824e34c7aa62b048e1e64dba7cd9a34a703a13ef)
[m[2m2026-05-31 05:27:03.028-0400[m[2m | [m[2mBftProcessorExecutor-QBFT-0[m[2m | [m[32mINFO [m[2m | [m[2mQbftBesuControllerBuilder[m[2m | [m[32mImported empty block #139 / 0 tx / 0 pending / 0 (0.0%) gas / (0xb956dc978829120b6c64e477633e2f431de8c960c33c638938774cf1e7894849)
[m[2m2026-05-31 05:27:03.029-0400[m[2m | [m[2mEthScheduler-Workers-20[m[2m | [m[32mINFO [m[2m | [m[2mPersistBlockTask[m[2m | [m[32mBlock 139 (0xb956dc978829120b6c64e477633e2f431de8c960c33c638938774cf1e7894849) is already imported
[m[2m2026-05-31 05:27:05.029-0400[m[2m | [m[2mBftProcessorExecutor-QBFT-0[m[2m | [m[32mINFO [m[2m | [m[2mQbftBesuControllerBuilder[m[2m | [m[32mImported empty block #140 / 0 tx / 0 pending / 0 (0.0%) gas / (0xe854a3cef06512486edf9e0d18abc223b65c119fd6a54be5bb453312ccb2d126)
[m[2m2026-05-31 05:27:07.032-0400[m[2m | [m[2mBftProcessorExecutor-QBFT-0[m[2m | [m[32mINFO [m[2m | [m[2mQbftBesuControllerBuilder[m[2m | [m[32mImported empty block #141 / 0 tx / 0 pending / 0 (0.0%) gas / (0x8140059163466d28d570f6d602eac14b527441c85c93f9c850675182a774f9ee)
[m[2m2026-05-31 05:27:09.030-0400[m[2m | [m[2mBftProcessorExecutor-QBFT-0[m[2m | [m[32mINFO [m[2m | [m[2mQbftBesuControllerBuilder[m[2m | [m[32mProduced empty block #142 / 0 tx / 0 pending / 0 (0.0%) gas / (0xe741a492e8f9676f83b7c89762148b5a7ce6cc7626889d29c83f3feb8b5adbbd)
[m[2m2026-05-31 05:27:09.030-0400[m[2m | [m[2mEthScheduler-Workers-22[m[2m | [m[32mINFO [m[2m | [m[2mPersistBlockTask[m[2m | [m[32mBlock 142 (0xe741a492e8f9676f83b7c89762148b5a7ce6cc7626889d29c83f3feb8b5adbbd) is already imported
[m[2m2026-05-31 05:27:11.051-0400[m[2m | [m[2mBftProcessorExecutor-QBFT-0[m[2m | [m[32mINFO [m[2m | [m[2mQbftBesuControllerBuilder[m[2m | [m[32mImported empty block #143 / 0 tx / 0 pending / 0 (0.0%) gas / (0x2e1275e3061a19a062aeeedabbfeb1e7aca7cf061b217c460de65540c7b5a9ac)
[m[2m2026-05-31 05:27:13.028-0400[m[2m | [m[2mBftProcessorExecutor-QBFT-0[m[2m | [m[32mINFO [m[2m | [m[2mQbftBesuControllerBuilder[m[2m | [m[32mImported empty block #144 / 0 tx / 0 pending / 0 (0.0%) gas / (0x5e5243cf6f0936760a49470af29d0d68106f1ba3df88bd1963564338f5dc35b2)
[m[2m2026-05-31 05:27:15.028-0400[m[2m | [m[2mBftProcessorExecutor-QBFT-0[m[2m | [m[32mINFO [m[2m | [m[2mQbftBesuControllerBuilder[m[2m | [m[32mImported empty block #145 / 0 tx / 0 pending / 0 (0.0%) gas / (0x15baff573bfe876cad8cdcfac36e4d454a332867e475eb947c2b589509dd709e)
[m[2m2026-05-31 05:27:17.031-0400[m[2m | [m[2mBftProcessorExecutor-QBFT-0[m[2m | [m[32mINFO [m[2m | [m[2mQbftBesuControllerBuilder[m[2m | [m[32mProduced empty block #146 / 0 tx / 0 pending / 0 (0.0%) gas / (0xa933072d11cb9e191b0eca73aa3ef785bd4847fa42e5ee62e77e941e08070cea)
[m[2m2026-05-31 05:27:19.036-0400[m[2m | [m[2mBftProcessorExecutor-QBFT-0[m[2m | [m[32mINFO [m[2m | [m[2mQbftBesuControllerBuilder[m[2m | [m[32mImported empty block #147 / 0 tx / 0 pending / 0 (0.0%) gas / (0x009d0bcbdf4a46fc56d1f4df58b69f53a7964d69f146396820b7584cb8d47faa)
[m[2m2026-05-31 05:27:21.042-0400[m[2m | [m[2mBftProcessorExecutor-QBFT-0[m[2m | [m[32mINFO [m[2m | [m[2mQbftBesuControllerBuilder[m[2m | [m[32mImported empty block #148 / 0 tx / 0 pending / 0 (0.0%) gas / (0x0a42c8367c874c6174934b5de8a0d31a26ea890b2f35239e18602a0b2aa1c162)
[m[2m2026-05-31 05:27:21.042-0400[m[2m | [m[2mEthScheduler-Workers-15[m[2m | [m[32mINFO [m[2m | [m[2mPersistBlockTask[m[2m | [m[32mBlock 148 (0x0a42c8367c874c6174934b5de8a0d31a26ea890b2f35239e18602a0b2aa1c162) is already imported
[m[2m2026-05-31 05:27:23.027-0400[m[2m | [m[2mBftProcessorExecutor-QBFT-0[m[2m | [m[32mINFO [m[2m | [m[2mQbftBesuControllerBuilder[m[2m | [m[32mImported empty block #149 / 0 tx / 0 pending / 0 (0.0%) gas / (0x7c0a64447ccffd5d191ef70fa8188476c04e5215c0656efaef4910354ca18402)
[m[2m2026-05-31 05:27:25.027-0400[m[2m | [m[2mBftProcessorExecutor-QBFT-0[m[2m | [m[32mINFO [m[2m | [m[2mQbftBesuControllerBuilder[m[2m | [m[32mProduced empty block #150 / 0 tx / 0 pending / 0 (0.0%) gas / (0x9f72424f29c7b758c0c947acc92cb3186063e2b875b1f81740ca6758b1d0b429)
[m[2m2026-05-31 05:27:27.039-0400[m[2m | [m[2mBftProcessorExecutor-QBFT-0[m[2m | [m[32mINFO [m[2m | [m[2mQbftBesuControllerBuilder[m[2m | [m[32mImported empty block #151 / 0 tx / 0 pending / 0 (0.0%) gas / (0x8c7092ff4b1e91f8df7cc20e788ddbaa856f4b0e9c303b4256a689a59891785d)
[m[2m2026-05-31 05:27:29.026-0400[m[2m | [m[2mBftProcessorExecutor-QBFT-0[m[2m | [m[32mINFO [m[2m | [m[2mQbftBesuControllerBuilder[m[2m | [m[32mImported empty block #152 / 0 tx / 0 pending / 0 (0.0%) gas / (0xc8a6335fb9d6f953215197f7646d93d1013f844c1563fc66cff57f905f317c10)
[m[2m2026-05-31 05:27:31.037-0400[m[2m | [m[2mBftProcessorExecutor-QBFT-0[m[2m | [m[32mINFO [m[2m | [m[2mQbftBesuControllerBuilder[m[2m | [m[32mImported empty block #153 / 0 tx / 0 pending / 0 (0.0%) gas / (0xe7881a6ec4b337f6af849051a8bd150a648e941dbc560b263488ea091b476699)
[m[2m2026-05-31 05:27:33.018-0400[m[2m | [m[2mBftProcessorExecutor-QBFT-0[m[2m | [m[32mINFO [m[2m | [m[2mQbftBesuControllerBuilder[m[2m | [m[32mProduced empty block #154 / 0 tx / 0 pending / 0 (0.0%) gas / (0x4848d28ee53616f35bd25cfc17f3665f94e305017ededb239d14c7b43dd710c6)
[m[2m2026-05-31 05:27:35.017-0400[m[2m | [m[2mBftProcessorExecutor-QBFT-0[m[2m | [m[32mINFO [m[2m | [m[2mQbftBesuControllerBuilder[m[2m | [m[32mImported empty block #155 / 0 tx / 0 pending / 0 (0.0%) gas / (0x1d81c2012e9b22ce8c2d985004f581933e19c9344c2c80f574b55e6f1facafd2)
[m[2m2026-05-31 05:27:37.029-0400[m[2m | [m[2mBftProcessorExecutor-QBFT-0[m[2m | [m[32mINFO [m[2m | [m[2mQbftBesuControllerBuilder[m[2m | [m[32mImported empty block #156 / 0 tx / 0 pending / 0 (0.0%) gas / (0x75bf0c8056c5b942d0270b161a540c9c45139c1e06f78ae0a3ca32fdc4d27e40)
[m[2m2026-05-31 05:27:39.030-0400[m[2m | [m[2mBftProcessorExecutor-QBFT-0[m[2m | [m[32mINFO [m[2m | [m[2mQbftBesuControllerBuilder[m[2m | [m[32mImported empty block #157 / 0 tx / 0 pending / 0 (0.0%) gas / (0x75d9e9489298252054fab4aa31fe955f7f27d5b335b308a3768022e3c1756691)
[m[2m2026-05-31 05:27:41.027-0400[m[2m | [m[2mBftProcessorExecutor-QBFT-0[m[2m | [m[32mINFO [m[2m | [m[2mQbftBesuControllerBuilder[m[2m | [m[32mProduced empty block #158 / 0 tx / 0 pending / 0 (0.0%) gas / (0x858219820a46326445ad4b3dc16d923472fa0236dc7d1596844f4bb09b6befbe)
[m[2m2026-05-31 05:27:43.036-0400[m[2m | [m[2mBftProcessorExecutor-QBFT-0[m[2m | [m[32mINFO [m[2m | [m[2mQbftBesuControllerBuilder[m[2m | [m[32mImported empty block #159 / 0 tx / 0 pending / 0 (0.0%) gas / (0xaadba21b3ad29dcc68bba613ab276ff714719e347e4a40a0301d8ac2b27cc3d2)
[m[2m2026-05-31 05:27:45.041-0400[m[2m | [m[2mBftProcessorExecutor-QBFT-0[m[2m | [m[32mINFO [m[2m | [m[2mQbftBesuControllerBuilder[m[2m | [m[32mImported empty block #160 / 0 tx / 0 pending / 0 (0.0%) gas / (0x814a867a2c4e6cb170c66a5b87f0c8348c4b4eaf7624cfddbf9e865352852139)
[m[2m2026-05-31 05:27:47.031-0400[m[2m | [m[2mBftProcessorExecutor-QBFT-0[m[2m | [m[32mINFO [m[2m | [m[2mQbftBesuControllerBuilder[m[2m | [m[32mImported empty block #161 / 0 tx / 0 pending / 0 (0.0%) gas / (0x0dd3155db75b9e617e24fb290e6473d6c859c4f3c0c1d461b0ddf938b2afb80d)
[m[2m2026-05-31 05:27:49.016-0400[m[2m | [m[2mBftProcessorExecutor-QBFT-0[m[2m | [m[32mINFO [m[2m | [m[2mQbftBesuControllerBuilder[m[2m | [m[32mProduced empty block #162 / 0 tx / 0 pending / 0 (0.0%) gas / (0x691ebef4cb5b9059c1b7ceadec71ca63e9d39be0fa36e0c41e5fec6ace9023a9)
[m[2m2026-05-31 05:27:51.038-0400[m[2m | [m[2mBftProcessorExecutor-QBFT-0[m[2m | [m[32mINFO [m[2m | [m[2mQbftBesuControllerBuilder[m[2m | [m[32mImported empty block #163 / 0 tx / 0 pending / 0 (0.0%) gas / (0xc885a3cbc18c7cea0d927f53471b5385a9602b7edc5feace141f69f20a94bc91)
[m[2m2026-05-31 05:27:53.029-0400[m[2m | [m[2mBftProcessorExecutor-QBFT-0[m[2m | [m[32mINFO [m[2m | [m[2mQbftBesuControllerBuilder[m[2m | [m[32mImported empty block #164 / 0 tx / 0 pending / 0 (0.0%) gas / (0x44a898248874449243b509259b23b5fff10ed88208086f35ead6042064325933)
[m[2m2026-05-31 05:27:55.040-0400[m[2m | [m[2mBftProcessorExecutor-QBFT-0[m[2m | [m[32mINFO [m[2m | [m[2mQbftBesuControllerBuilder[m[2m | [m[32mImported empty block #165 / 0 tx / 0 pending / 0 (0.0%) gas / (0xb55e02eec8f2f744985918928da85636ddd348ec00fdd786478ade087458e14b)
[m[2m2026-05-31 05:27:57.014-0400[m[2m | [m[2mBftProcessorExecutor-QBFT-0[m[2m | [m[32mINFO [m[2m | [m[2mQbftBesuControllerBuilder[m[2m | [m[32mProduced empty block #166 / 0 tx / 0 pending / 0 (0.0%) gas / (0x58cd77a62e1cb2ff56883353a50f531f43b860b317b803d3f6e55cad19bfdcc3)
[m[2m2026-05-31 05:27:59.021-0400[m[2m | [m[2mBftProcessorExecutor-QBFT-0[m[2m | [m[32mINFO [m[2m | [m[2mQbftBesuControllerBuilder[m[2m | [m[32mImported empty block #167 / 0 tx / 0 pending / 0 (0.0%) gas / (0x42d4810579a99f5dc5aea5fbd7e65098f0190dda6696b08bd4c0d3231ce81ffe)
[m[2m2026-05-31 05:28:01.022-0400[m[2m | [m[2mBftProcessorExecutor-QBFT-0[m[2m | [m[32mINFO [m[2m | [m[2mQbftBesuControllerBuilder[m[2m | [m[32mImported empty block #168 / 0 tx / 0 pending / 0 (0.0%) gas / (0xcc28768b55b850018c09c92a78d23a004fe05a2b8eb4e172a222b7160ddf244b)
[m[2m2026-05-31 05:28:03.029-0400[m[2m | [m[2mBftProcessorExecutor-QBFT-0[m[2m | [m[32mINFO [m[2m | [m[2mQbftBesuControllerBuilder[m[2m | [m[32mImported empty block #169 / 0 tx / 0 pending / 0 (0.0%) gas / (0x28c22246d135b04d6e38a130de54b37b59f26b572bc5679a8dcd5eb163fb6613)
[m[2m2026-05-31 05:28:05.024-0400[m[2m | [m[2mBftProcessorExecutor-QBFT-0[m[2m | [m[32mINFO [m[2m | [m[2mQbftBesuControllerBuilder[m[2m | [m[32mProduced empty block #170 / 0 tx / 0 pending / 0 (0.0%) gas / (0x4ee9e4ed3cbd4deb3e9d04f8fabc65ae2030e0073ec54c9108cd134e648a2d07)
[m[2m2026-05-31 05:28:07.033-0400[m[2m | [m[2mBftProcessorExecutor-QBFT-0[m[2m | [m[32mINFO [m[2m | [m[2mQbftBesuControllerBuilder[m[2m | [m[32mImported empty block #171 / 0 tx / 0 pending / 0 (0.0%) gas / (0x9935c7632f6a6bea543765c281b3b2439b6fb72ae8975df44a81d5924c4ea451)
[m[2m2026-05-31 05:28:09.024-0400[m[2m | [m[2mBftProcessorExecutor-QBFT-0[m[2m | [m[32mINFO [m[2m | [m[2mQbftBesuControllerBuilder[m[2m | [m[32mImported empty block #172 / 0 tx / 0 pending / 0 (0.0%) gas / (0x4da8b565419e082c39407e817ec6116dfeaebe4e232faf2f411b23a28ef41dbe)
[m[2m2026-05-31 05:28:11.029-0400[m[2m | [m[2mBftProcessorExecutor-QBFT-0[m[2m | [m[32mINFO [m[2m | [m[2mQbftBesuControllerBuilder[m[2m | [m[32mImported empty block #173 / 0 tx / 0 pending / 0 (0.0%) gas / (0xb6f5f3108e68d90301a74db6c6832b8f2bbecec3ca8f2f009d32d2e60f0752c0)
[m[2m2026-05-31 05:28:13.024-0400[m[2m | [m[2mBftProcessorExecutor-QBFT-0[m[2m | [m[32mINFO [m[2m | [m[2mQbftBesuControllerBuilder[m[2m | [m[32mProduced empty block #174 / 0 tx / 0 pending / 0 (0.0%) gas / (0xb0ee070809a9841b34acf25a606930d02cb4d60020d6f3920efc5d18b9a1790f)
[m[2m2026-05-31 05:28:15.026-0400[m[2m | [m[2mBftProcessorExecutor-QBFT-0[m[2m | [m[32mINFO [m[2m | [m[2mQbftBesuControllerBuilder[m[2m | [m[32mImported empty block #175 / 0 tx / 0 pending / 0 (0.0%) gas / (0x6167d4886aa73c2effbb7993e338a0e81999ad628a0445ce7d0e5b06e276cca4)
[m[2m2026-05-31 05:28:17.031-0400[m[2m | [m[2mBftProcessorExecutor-QBFT-0[m[2m | [m[32mINFO [m[2m | [m[2mQbftBesuControllerBuilder[m[2m | [m[32mImported empty block #176 / 0 tx / 0 pending / 0 (0.0%) gas / (0x9ce2d20bd521af3a44bc8780687b561eb0e163064b4fcc012176611dacf6a76e)
[m[2m2026-05-31 05:28:19.024-0400[m[2m | [m[2mBftProcessorExecutor-QBFT-0[m[2m | [m[32mINFO [m[2m | [m[2mQbftBesuControllerBuilder[m[2m | [m[32mImported empty block #177 / 0 tx / 0 pending / 0 (0.0%) gas / (0xfc0b9a1713390b31d26c7a628df30f199037cbd51ba3b6b872e04cd58a30080c)
[m[2m2026-05-31 05:28:21.026-0400[m[2m | [m[2mBftProcessorExecutor-QBFT-0[m[2m | [m[32mINFO [m[2m | [m[2mQbftBesuControllerBuilder[m[2m | [m[32mProduced empty block #178 / 0 tx / 0 pending / 0 (0.0%) gas / (0xab1071e918cbaaa5dd757d9865e3987c843021010a36dfffe2310a3a16d354c9)
[m[2m2026-05-31 05:28:23.040-0400[m[2m | [m[2mBftProcessorExecutor-QBFT-0[m[2m | [m[32mINFO [m[2m | [m[2mQbftBesuControllerBuilder[m[2m | [m[32mImported empty block #179 / 0 tx / 0 pending / 0 (0.0%) gas / (0x9f99c53086e2d659a52386c8912c09cc1e08c7aa625723a088450b317189da81)
[m[2m2026-05-31 05:28:25.094-0400[m[2m | [m[2mBftProcessorExecutor-QBFT-0[m[2m | [m[32mINFO [m[2m | [m[2mQbftBesuControllerBuilder[m[2m | [m[32mImported empty block #180 / 0 tx / 0 pending / 0 (0.0%) gas / (0x96b86b5e4808f3d090c45b09112e47e47ec3015fcd1d99a6f4a3df3944ceeb5a)
[m[2m2026-05-31 05:28:27.039-0400[m[2m | [m[2mBftProcessorExecutor-QBFT-0[m[2m | [m[32mINFO [m[2m | [m[2mQbftBesuControllerBuilder[m[2m | [m[32mImported empty block #181 / 0 tx / 0 pending / 0 (0.0%) gas / (0x34a6b001968b7f71369a45a8ec11b17db04b75ccae49125491a684a2ecc4f639)
[m[2m2026-05-31 05:28:29.040-0400[m[2m | [m[2mBftProcessorExecutor-QBFT-0[m[2m | [m[32mINFO [m[2m | [m[2mQbftBesuControllerBuilder[m[2m | [m[32mProduced empty block #182 / 0 tx / 0 pending / 0 (0.0%) gas / (0x9997815c3e69a8e7202c6908c5366e5d4234443abeba8e92c5ed6dd2a241764c)
[m[2m2026-05-31 05:28:31.040-0400[m[2m | [m[2mBftProcessorExecutor-QBFT-0[m[2m | [m[32mINFO [m[2m | [m[2mQbftBesuControllerBuilder[m[2m | [m[32mImported empty block #183 / 0 tx / 0 pending / 0 (0.0%) gas / (0x07808401e0b660d5f0acf235313ce1efb25d93024b9adf8ceba0d3e5acea77c8)
[m[2m2026-05-31 05:28:31.040-0400[m[2m | [m[2mEthScheduler-Workers-24[m[2m | [m[32mINFO [m[2m | [m[2mPersistBlockTask[m[2m | [m[32mBlock 183 (0x07808401e0b660d5f0acf235313ce1efb25d93024b9adf8ceba0d3e5acea77c8) is already imported
[m[2m2026-05-31 05:28:33.028-0400[m[2m | [m[2mBftProcessorExecutor-QBFT-0[m[2m | [m[32mINFO [m[2m | [m[2mQbftBesuControllerBuilder[m[2m | [m[32mImported empty block #184 / 0 tx / 0 pending / 0 (0.0%) gas / (0xa8a8ea3c2ccc8a8ed2e2d7eaa02dfa038cf06c40a9eb2085ad1ab21093e68e66)
[m[2m2026-05-31 05:28:35.032-0400[m[2m | [m[2mBftProcessorExecutor-QBFT-0[m[2m | [m[32mINFO [m[2m | [m[2mQbftBesuControllerBuilder[m[2m | [m[32mImported empty block #185 / 0 tx / 0 pending / 0 (0.0%) gas / (0x501136f1eca6cacb49bc2254e5b478ce11aaaf576512ea642efe89d08718ead6)
[m[2m2026-05-31 05:28:37.037-0400[m[2m | [m[2mBftProcessorExecutor-QBFT-0[m[2m | [m[32mINFO [m[2m | [m[2mQbftBesuControllerBuilder[m[2m | [m[32mProduced empty block #186 / 0 tx / 0 pending / 0 (0.0%) gas / (0x8f882417f6abe0eeedf6bbd68920b0b46846c73428306570f8347180c9e8a944)
[m[2m2026-05-31 05:28:37.037-0400[m[2m | [m[2mEthScheduler-Workers-26[m[2m | [m[32mINFO [m[2m | [m[2mPersistBlockTask[m[2m | [m[32mBlock 186 (0x8f882417f6abe0eeedf6bbd68920b0b46846c73428306570f8347180c9e8a944) is already imported
[m[2m2026-05-31 05:28:39.041-0400[m[2m | [m[2mBftProcessorExecutor-QBFT-0[m[2m | [m[32mINFO [m[2m | [m[2mQbftBesuControllerBuilder[m[2m | [m[32mImported empty block #187 / 0 tx / 0 pending / 0 (0.0%) gas / (0x35a3c971498b50cb6a8abd28865c3df97621f4864f937cede9569164ac478eab)
[m[2m2026-05-31 05:28:41.028-0400[m[2m | [m[2mBftProcessorExecutor-QBFT-0[m[2m | [m[32mINFO [m[2m | [m[2mQbftBesuControllerBuilder[m[2m | [m[32mImported empty block #188 / 0 tx / 0 pending / 0 (0.0%) gas / (0x16ed44d154e9d622ea1cd05cee7926d6988a985183c2b09c3d56a7c4de635df5)
[m[2m2026-05-31 05:28:43.054-0400[m[2m | [m[2mBftProcessorExecutor-QBFT-0[m[2m | [m[32mINFO [m[2m | [m[2mQbftBesuControllerBuilder[m[2m | [m[32mImported empty block #189 / 0 tx / 0 pending / 0 (0.0%) gas / (0xc8c1f755159b532ba604d88250a9f29fff59a7f9a08896bf15c757b4d240f006)
[m[2m2026-05-31 05:28:45.038-0400[m[2m | [m[2mBftProcessorExecutor-QBFT-0[m[2m | [m[32mINFO [m[2m | [m[2mQbftBesuControllerBuilder[m[2m | [m[32mProduced empty block #190 / 0 tx / 0 pending / 0 (0.0%) gas / (0xf02a2969248c758e2c8b17047c92c11e110e566b8d3d3a9a3d7506d4b2acabd2)
[m[2m2026-05-31 05:28:47.030-0400[m[2m | [m[2mBftProcessorExecutor-QBFT-0[m[2m | [m[32mINFO [m[2m | [m[2mQbftBesuControllerBuilder[m[2m | [m[32mImported empty block #191 / 0 tx / 0 pending / 0 (0.0%) gas / (0x9a65651e6f72e4732284c832d7005da252dc34f561a004fa1c82f41464b21547)
[m[2m2026-05-31 05:28:49.047-0400[m[2m | [m[2mBftProcessorExecutor-QBFT-0[m[2m | [m[32mINFO [m[2m | [m[2mQbftBesuControllerBuilder[m[2m | [m[32mImported empty block #192 / 0 tx / 0 pending / 0 (0.0%) gas / (0xc3a5bc427a606e757f051b694f70c2f0128c10395d14b593f680463084d52dd5)
[m[2m2026-05-31 05:28:51.043-0400[m[2m | [m[2mBftProcessorExecutor-QBFT-0[m[2m | [m[32mINFO [m[2m | [m[2mQbftBesuControllerBuilder[m[2m | [m[32mImported empty block #193 / 0 tx / 0 pending / 0 (0.0%) gas / (0xbef1c3f7365495f222a27f736092f02c5e57db68adb43b978f2d37a8101d10a9)
[m[2m2026-05-31 05:28:53.042-0400[m[2m | [m[2mBftProcessorExecutor-QBFT-0[m[2m | [m[32mINFO [m[2m | [m[2mQbftBesuControllerBuilder[m[2m | [m[32mProduced empty block #194 / 0 tx / 0 pending / 0 (0.0%) gas / (0x13e9ec367ca1efd2cf4e0cfddf724c4bc77063bb5c6c315c3073684aaaacccf5)
[m[2m2026-05-31 05:28:55.041-0400[m[2m | [m[2mBftProcessorExecutor-QBFT-0[m[2m | [m[32mINFO [m[2m | [m[2mQbftBesuControllerBuilder[m[2m | [m[32mImported empty block #195 / 0 tx / 0 pending / 0 (0.0%) gas / (0xfc47016dca1386db374686ae00b914911301638e169b133b31192d88db10cec4)
[m[2m2026-05-31 05:28:57.041-0400[m[2m | [m[2mBftProcessorExecutor-QBFT-0[m[2m | [m[32mINFO [m[2m | [m[2mQbftBesuControllerBuilder[m[2m | [m[32mImported empty block #196 / 0 tx / 0 pending / 0 (0.0%) gas / (0x8bd078180cb14a0f44ca478eb3ee604da2e4d48344dd27e44b80ad2ac6a7f4c8)
[m[2m2026-05-31 05:28:59.044-0400[m[2m | [m[2mBftProcessorExecutor-QBFT-0[m[2m | [m[32mINFO [m[2m | [m[2mQbftBesuControllerBuilder[m[2m | [m[32mImported empty block #197 / 0 tx / 0 pending / 0 (0.0%) gas / (0x3fa08867e423a29112ea0faccfecd43c781b8c0cb26f92a83cb1c61e6bf65eb6)
[m[2m2026-05-31 05:29:01.039-0400[m[2m | [m[2mBftProcessorExecutor-QBFT-0[m[2m | [m[32mINFO [m[2m | [m[2mQbftBesuControllerBuilder[m[2m | [m[32mProduced empty block #198 / 0 tx / 0 pending / 0 (0.0%) gas / (0xc70b2d2ff6993247d2c9b966505aecf36cf2777e256f35fef18b619caca3925c)
[m[2m2026-05-31 05:29:03.028-0400[m[2m | [m[2mBftProcessorExecutor-QBFT-0[m[2m | [m[32mINFO [m[2m | [m[2mQbftBesuControllerBuilder[m[2m | [m[32mImported empty block #199 / 0 tx / 0 pending / 0 (0.0%) gas / (0xa92980f2f2dc2c9091a7bd3ec667873743f46a382ee884eee24a7bcac7de6d04)
[m[2m2026-05-31 05:29:05.029-0400[m[2m | [m[2mBftProcessorExecutor-QBFT-0[m[2m | [m[32mINFO [m[2m | [m[2mQbftBesuControllerBuilder[m[2m | [m[32mImported empty block #200 / 0 tx / 0 pending / 0 (0.0%) gas / (0x2bf7f56a8c0eb65431eb6ef357d015b759610bf9688a11b0ac2bb978dd40156d)
[m[2m2026-05-31 05:29:07.027-0400[m[2m | [m[2mBftProcessorExecutor-QBFT-0[m[2m | [m[32mINFO [m[2m | [m[2mQbftBesuControllerBuilder[m[2m | [m[32mImported empty block #201 / 0 tx / 0 pending / 0 (0.0%) gas / (0xd057015ae8af8da030954a65ca0a3265eec0dcc76bdf133c44c6b696b998aa18)
[m[2m2026-05-31 05:29:09.029-0400[m[2m | [m[2mBftProcessorExecutor-QBFT-0[m[2m | [m[32mINFO [m[2m | [m[2mQbftBesuControllerBuilder[m[2m | [m[32mProduced empty block #202 / 0 tx / 0 pending / 0 (0.0%) gas / (0x53c1b313ec3df5095e76efc4e9e23067dd3b46de6b211bbc5b0d692aa76f0e18)
[m[2m2026-05-31 05:29:11.025-0400[m[2m | [m[2mBftProcessorExecutor-QBFT-0[m[2m | [m[32mINFO [m[2m | [m[2mQbftBesuControllerBuilder[m[2m | [m[32mImported empty block #203 / 0 tx / 0 pending / 0 (0.0%) gas / (0x6c3a5ec5da1bd23b71cafb37c983527a88f0edb27f24f3d4d5f169e16196f8d1)
[m[2m2026-05-31 05:29:13.038-0400[m[2m | [m[2mBftProcessorExecutor-QBFT-0[m[2m | [m[32mINFO [m[2m | [m[2mQbftBesuControllerBuilder[m[2m | [m[32mImported empty block #204 / 0 tx / 0 pending / 0 (0.0%) gas / (0xeb0f193c50f9074e107f94a9b38497a6b54a63eb0dd6028258114b919a1e403c)
[m[2m2026-05-31 05:29:15.041-0400[m[2m | [m[2mBftProcessorExecutor-QBFT-0[m[2m | [m[32mINFO [m[2m | [m[2mQbftBesuControllerBuilder[m[2m | [m[32mImported empty block #205 / 0 tx / 0 pending / 0 (0.0%) gas / (0xb6c6515d083b57783dcbadd859de753d524dc4d17575419d51c9c7a99722f664)
[m[2m2026-05-31 05:29:17.049-0400[m[2m | [m[2mBftProcessorExecutor-QBFT-0[m[2m | [m[32mINFO [m[2m | [m[2mQbftBesuControllerBuilder[m[2m | [m[32mProduced empty block #206 / 0 tx / 0 pending / 0 (0.0%) gas / (0x8a094617c8c4346e84e890a797e180505376dd1ef79747752ac6718c9ddaa2b2)
[m[2m2026-05-31 05:29:19.038-0400[m[2m | [m[2mBftProcessorExecutor-QBFT-0[m[2m | [m[32mINFO [m[2m | [m[2mQbftBesuControllerBuilder[m[2m | [m[32mImported empty block #207 / 0 tx / 0 pending / 0 (0.0%) gas / (0xe638ded74e8f0dce416853b286a64514776beb4aef27224eb0b31781ba099351)
[m[2m2026-05-31 05:29:21.019-0400[m[2m | [m[2mBftProcessorExecutor-QBFT-0[m[2m | [m[32mINFO [m[2m | [m[2mQbftBesuControllerBuilder[m[2m | [m[32mImported empty block #208 / 0 tx / 0 pending / 0 (0.0%) gas / (0x85cb8fcb044d9d9ce8254051beef6eeb8bac4cac9f18c61f4afbd9f007c518dc)
[m[2m2026-05-31 05:29:23.014-0400[m[2m | [m[2mBftProcessorExecutor-QBFT-0[m[2m | [m[32mINFO [m[2m | [m[2mQbftBesuControllerBuilder[m[2m | [m[32mImported empty block #209 / 0 tx / 0 pending / 0 (0.0%) gas / (0x1175f670a88339794553c585a0efbc276c0a3c694e8b44af7494f6c57d828129)
[m[2m2026-05-31 05:29:25.039-0400[m[2m | [m[2mBftProcessorExecutor-QBFT-0[m[2m | [m[32mINFO [m[2m | [m[2mQbftBesuControllerBuilder[m[2m | [m[32mProduced empty block #210 / 0 tx / 0 pending / 0 (0.0%) gas / (0x1fad9dda1d6ae0d60ee1e0e5658092ed28b590fcff83c1a4d1edaf9cd8bf84c3)
[m[2m2026-05-31 05:29:27.030-0400[m[2m | [m[2mBftProcessorExecutor-QBFT-0[m[2m | [m[32mINFO [m[2m | [m[2mQbftBesuControllerBuilder[m[2m | [m[32mImported empty block #211 / 0 tx / 0 pending / 0 (0.0%) gas / (0x4b3005d2661e3d8583b5a6f69f72bd2759f7c7d54b9923166203050a1c219c67)
[m[2m2026-05-31 05:29:29.024-0400[m[2m | [m[2mBftProcessorExecutor-QBFT-0[m[2m | [m[32mINFO [m[2m | [m[2mQbftBesuControllerBuilder[m[2m | [m[32mImported empty block #212 / 0 tx / 0 pending / 0 (0.0%) gas / (0x9efc477cf9f00723e1bd753b1169abc3347c6914de38126bc305d07c0f07f442)
[m[2m2026-05-31 05:29:31.011-0400[m[2m | [m[2mBftProcessorExecutor-QBFT-0[m[2m | [m[32mINFO [m[2m | [m[2mQbftBesuControllerBuilder[m[2m | [m[32mImported empty block #213 / 0 tx / 0 pending / 0 (0.0%) gas / (0x0912a35d4f537c1ab3615719b43906c3729c39bac9d89f0cac18031d628c6632)
[m[2m2026-05-31 05:29:33.011-0400[m[2m | [m[2mBftProcessorExecutor-QBFT-0[m[2m | [m[32mINFO [m[2m | [m[2mQbftBesuControllerBuilder[m[2m | [m[32mProduced empty block #214 / 0 tx / 0 pending / 0 (0.0%) gas / (0xd019aeb4f6b9bd106ad7c6c8c5c2fe010ac7c162026480bd057922b8b2ad0a35)
[m[2m2026-05-31 05:29:35.015-0400[m[2m | [m[2mBftProcessorExecutor-QBFT-0[m[2m | [m[32mINFO [m[2m | [m[2mQbftBesuControllerBuilder[m[2m | [m[32mImported empty block #215 / 0 tx / 0 pending / 0 (0.0%) gas / (0xd181a42041776ae9707700ba0e54ade7d006dfd4b88d4ae0be4d0c7442806c0c)
[m[2m2026-05-31 05:29:37.016-0400[m[2m | [m[2mBftProcessorExecutor-QBFT-0[m[2m | [m[32mINFO [m[2m | [m[2mQbftBesuControllerBuilder[m[2m | [m[32mImported empty block #216 / 0 tx / 0 pending / 0 (0.0%) gas / (0x727e8b018ea6f922cb083fe98789fbc366685aeb3d5e7d7af92d7a3c51f96834)
[m[2m2026-05-31 05:29:39.012-0400[m[2m | [m[2mBftProcessorExecutor-QBFT-0[m[2m | [m[32mINFO [m[2m | [m[2mQbftBesuControllerBuilder[m[2m | [m[32mImported empty block #217 / 0 tx / 0 pending / 0 (0.0%) gas / (0x2122af52e6ed7e76893e091ebaf835fe931c5497c21a6dc0d823d5ac673ef449)
[m[2m2026-05-31 05:29:41.011-0400[m[2m | [m[2mBftProcessorExecutor-QBFT-0[m[2m | [m[32mINFO [m[2m | [m[2mQbftBesuControllerBuilder[m[2m | [m[32mProduced empty block #218 / 0 tx / 0 pending / 0 (0.0%) gas / (0x07f183fc205cb98222aa3686398bf7ac45f776d4673e145e9f7279c5221a673d)
[m[2m2026-05-31 05:29:43.043-0400[m[2m | [m[2mBftProcessorExecutor-QBFT-0[m[2m | [m[32mINFO [m[2m | [m[2mQbftBesuControllerBuilder[m[2m | [m[32mImported empty block #219 / 0 tx / 0 pending / 0 (0.0%) gas / (0x4aded81a5266a4bbefa6d351717ef87e62dbc5ec4ebfcf3b97304729a6119cd5)
[m[2m2026-05-31 05:29:45.011-0400[m[2m | [m[2mBftProcessorExecutor-QBFT-0[m[2m | [m[32mINFO [m[2m | [m[2mQbftBesuControllerBuilder[m[2m | [m[32mImported empty block #220 / 0 tx / 0 pending / 0 (0.0%) gas / (0xbbeae757fed3683e1dea9bac211436246fd843f828dcf694597309efd7b5283b)
[m[2m2026-05-31 05:29:47.009-0400[m[2m | [m[2mBftProcessorExecutor-QBFT-0[m[2m | [m[32mINFO [m[2m | [m[2mQbftBesuControllerBuilder[m[2m | [m[32mImported empty block #221 / 0 tx / 0 pending / 0 (0.0%) gas / (0x3698e64e80e19dcd25078c1a937202a35d79c163247f89ac5fabccab91a308a1)
[m[2m2026-05-31 05:29:49.027-0400[m[2m | [m[2mBftProcessorExecutor-QBFT-0[m[2m | [m[32mINFO [m[2m | [m[2mQbftBesuControllerBuilder[m[2m | [m[32mProduced empty block #222 / 0 tx / 0 pending / 0 (0.0%) gas / (0x31a166847605cf93afc151e9201416756db7201a7271b342e3e76cd51aa97f39)
[m[2m2026-05-31 05:29:51.017-0400[m[2m | [m[2mBftProcessorExecutor-QBFT-0[m[2m | [m[32mINFO [m[2m | [m[2mQbftBesuControllerBuilder[m[2m | [m[32mImported empty block #223 / 0 tx / 0 pending / 0 (0.0%) gas / (0x39e1f2101cc1ba131be4561ba4441aeaf0cc140461c468f0980fc5512acbdbc8)
[m[2m2026-05-31 05:29:53.030-0400[m[2m | [m[2mBftProcessorExecutor-QBFT-0[m[2m | [m[32mINFO [m[2m | [m[2mQbftBesuControllerBuilder[m[2m | [m[32mImported empty block #224 / 0 tx / 0 pending / 0 (0.0%) gas / (0x84462d5db4d000466c947010e00d9f1714dedccda23bcad24012e1e5f5d66894)
[m[2m2026-05-31 05:29:55.289-0400[m[2m | [m[2mBftProcessorExecutor-QBFT-0[m[2m | [m[32mINFO [m[2m | [m[2mQbftBesuControllerBuilder[m[2m | [m[32mImported empty block #225 / 0 tx / 0 pending / 0 (0.0%) gas / (0x7eebc4e294f06db68c1461a182e457e12758c6164667dacb11563075713e965f)
[m[2m2026-05-31 05:29:55.289-0400[m[2m | [m[2mEthScheduler-Workers-28[m[2m | [m[32mINFO [m[2m | [m[2mPersistBlockTask[m[2m | [m[32mBlock 225 (0x7eebc4e294f06db68c1461a182e457e12758c6164667dacb11563075713e965f) is already imported
[m[2m2026-05-31 05:29:57.027-0400[m[2m | [m[2mBftProcessorExecutor-QBFT-0[m[2m | [m[32mINFO [m[2m | [m[2mQbftBesuControllerBuilder[m[2m | [m[32mProduced empty block #226 / 0 tx / 0 pending / 0 (0.0%) gas / (0xd8ac75530760136bf7d58abbff7d0925aefc50c90c1baee30244d752b3e465b9)
[m[2m2026-05-31 05:29:57.027-0400[m[2m | [m[2mEthScheduler-Workers-30[m[2m | [m[32mINFO [m[2m | [m[2mPersistBlockTask[m[2m | [m[32mBlock 226 (0xd8ac75530760136bf7d58abbff7d0925aefc50c90c1baee30244d752b3e465b9) is already imported
[m[2m2026-05-31 05:29:59.030-0400[m[2m | [m[2mBftProcessorExecutor-QBFT-0[m[2m | [m[32mINFO [m[2m | [m[2mQbftBesuControllerBuilder[m[2m | [m[32mImported empty block #227 / 0 tx / 0 pending / 0 (0.0%) gas / (0x34b420fbf1b5dc7dda78090aa183990462115597a9d821d718748076039bf5e7)
[m[2m2026-05-31 05:30:01.034-0400[m[2m | [m[2mBftProcessorExecutor-QBFT-0[m[2m | [m[32mINFO [m[2m | [m[2mQbftBesuControllerBuilder[m[2m | [m[32mImported empty block #228 / 0 tx / 0 pending / 0 (0.0%) gas / (0x881f375a285a0ae01b3838bb749708eba3d104ba5c6650deb70b2743da649507)
[m[2m2026-05-31 05:30:03.023-0400[m[2m | [m[2mBftProcessorExecutor-QBFT-0[m[2m | [m[32mINFO [m[2m | [m[2mQbftBesuControllerBuilder[m[2m | [m[32mImported empty block #229 / 0 tx / 0 pending / 0 (0.0%) gas / (0xf274f88685fe4dafba229a5ec98aa2cdca66844ce9f9e125afb3a57430cead47)
[m[2m2026-05-31 05:30:05.024-0400[m[2m | [m[2mBftProcessorExecutor-QBFT-0[m[2m | [m[32mINFO [m[2m | [m[2mQbftBesuControllerBuilder[m[2m | [m[32mProduced empty block #230 / 0 tx / 0 pending / 0 (0.0%) gas / (0xcef3c684b769d9618c23ec18be0ff8c501a90ea19666678e9c660c222c336db8)
[m[2m2026-05-31 05:30:07.031-0400[m[2m | [m[2mBftProcessorExecutor-QBFT-0[m[2m | [m[32mINFO [m[2m | [m[2mQbftBesuControllerBuilder[m[2m | [m[32mImported empty block #231 / 0 tx / 0 pending / 0 (0.0%) gas / (0x64690411cdacfa1ebdea3adae903e05f07e6eea79878842ba85e6bce98649f72)
[m[2m2026-05-31 05:30:09.030-0400[m[2m | [m[2mBftProcessorExecutor-QBFT-0[m[2m | [m[32mINFO [m[2m | [m[2mQbftBesuControllerBuilder[m[2m | [m[32mImported empty block #232 / 0 tx / 0 pending / 0 (0.0%) gas / (0x485da3effd31283b5de4f211a65536f1143efa3f2a11dff6da8250f8c172764b)
[m[2m2026-05-31 05:30:11.028-0400[m[2m | [m[2mBftProcessorExecutor-QBFT-0[m[2m | [m[32mINFO [m[2m | [m[2mQbftBesuControllerBuilder[m[2m | [m[32mImported empty block #233 / 0 tx / 0 pending / 0 (0.0%) gas / (0x2f57c87d471bf25e4824fb2df6b8e16a727ba0f09d5f383920eb7a2a35d5ff6e)
[m[2m2026-05-31 05:30:13.026-0400[m[2m | [m[2mBftProcessorExecutor-QBFT-0[m[2m | [m[32mINFO [m[2m | [m[2mQbftBesuControllerBuilder[m[2m | [m[32mProduced empty block #234 / 0 tx / 0 pending / 0 (0.0%) gas / (0xcd33244aa35641f2b45067a3d377f31dd4684c406b7042d227ef8f5e5025cd66)
[m[2m2026-05-31 05:30:15.032-0400[m[2m | [m[2mBftProcessorExecutor-QBFT-0[m[2m | [m[32mINFO [m[2m | [m[2mQbftBesuControllerBuilder[m[2m | [m[32mImported empty block #235 / 0 tx / 0 pending / 0 (0.0%) gas / (0xffb8323540cdfc05f818df486a480db94ec7236550012554709ab4316ccc19e5)
[m[2m2026-05-31 05:30:17.040-0400[m[2m | [m[2mBftProcessorExecutor-QBFT-0[m[2m | [m[32mINFO [m[2m | [m[2mQbftBesuControllerBuilder[m[2m | [m[32mImported empty block #236 / 0 tx / 0 pending / 0 (0.0%) gas / (0xc9e5e33add81fc5d5f3dbd6d24656be7eb2f267044305ea4fa05f828df9dabe0)
[m[2m2026-05-31 05:30:19.026-0400[m[2m | [m[2mBftProcessorExecutor-QBFT-0[m[2m | [m[32mINFO [m[2m | [m[2mQbftBesuControllerBuilder[m[2m | [m[32mImported empty block #237 / 0 tx / 0 pending / 0 (0.0%) gas / (0x24c6ac54a9392bf40de27600f9e578202274b6907a78097499bd0ca2124edc06)
[m[2m2026-05-31 05:30:21.044-0400[m[2m | [m[2mBftProcessorExecutor-QBFT-0[m[2m | [m[32mINFO [m[2m | [m[2mQbftBesuControllerBuilder[m[2m | [m[32mProduced empty block #238 / 0 tx / 0 pending / 0 (0.0%) gas / (0x9121627ce90f36a1ca31d579cee673a9dfcd0f7a5bfa7b182a55022fa017155c)
[m[2m2026-05-31 05:30:23.035-0400[m[2m | [m[2mBftProcessorExecutor-QBFT-0[m[2m | [m[32mINFO [m[2m | [m[2mQbftBesuControllerBuilder[m[2m | [m[32mImported empty block #239 / 0 tx / 0 pending / 0 (0.0%) gas / (0x7b0053689af9b36e36d73757170b9910bc226ad0581d3b6b875706e3ccfb52cc)
[m[2m2026-05-31 05:30:25.027-0400[m[2m | [m[2mBftProcessorExecutor-QBFT-0[m[2m | [m[32mINFO [m[2m | [m[2mQbftBesuControllerBuilder[m[2m | [m[32mImported empty block #240 / 0 tx / 0 pending / 0 (0.0%) gas / (0xd02b80c6090bf3c5b9920ce57cad3920f1d76df16f0e43fdc2d59d02df38088d)
[m[2m2026-05-31 05:30:27.028-0400[m[2m | [m[2mBftProcessorExecutor-QBFT-0[m[2m | [m[32mINFO [m[2m | [m[2mQbftBesuControllerBuilder[m[2m | [m[32mImported empty block #241 / 0 tx / 0 pending / 0 (0.0%) gas / (0x9ab8cc669ab07219872e1592693bee5d5257cf27b4880ceb862c02846bfbe9c3)
[m[2m2026-05-31 05:30:29.026-0400[m[2m | [m[2mBftProcessorExecutor-QBFT-0[m[2m | [m[32mINFO [m[2m | [m[2mQbftBesuControllerBuilder[m[2m | [m[32mProduced empty block #242 / 0 tx / 0 pending / 0 (0.0%) gas / (0x9be8ed3271ed97b40de840db69bf30a322f0c8adbc30edcc45e14a0e11a40720)
[m[2m2026-05-31 05:30:31.033-0400[m[2m | [m[2mBftProcessorExecutor-QBFT-0[m[2m | [m[32mINFO [m[2m | [m[2mQbftBesuControllerBuilder[m[2m | [m[32mImported empty block #243 / 0 tx / 0 pending / 0 (0.0%) gas / (0xe77e127271afe2e3e91fde8adf53b2b6a6a5c5411d6b845732019cc4ed921ae5)
[m[2m2026-05-31 05:30:31.033-0400[m[2m | [m[2mEthScheduler-Workers-32[m[2m | [m[32mINFO [m[2m | [m[2mPersistBlockTask[m[2m | [m[32mBlock 243 (0xe77e127271afe2e3e91fde8adf53b2b6a6a5c5411d6b845732019cc4ed921ae5) is already imported
[m[2m2026-05-31 05:30:33.025-0400[m[2m | [m[2mBftProcessorExecutor-QBFT-0[m[2m | [m[32mINFO [m[2m | [m[2mQbftBesuControllerBuilder[m[2m | [m[32mImported empty block #244 / 0 tx / 0 pending / 0 (0.0%) gas / (0xc46f2dafef918fd0d8528d7a33c5f36cacf170dc0c9f9abf3b6e1a1ffe919306)
[m[2m2026-05-31 05:30:35.026-0400[m[2m | [m[2mBftProcessorExecutor-QBFT-0[m[2m | [m[32mINFO [m[2m | [m[2mQbftBesuControllerBuilder[m[2m | [m[32mImported empty block #245 / 0 tx / 0 pending / 0 (0.0%) gas / (0x6b5b0fd6a34845397f6eda77ebc8beb1e84b84ae1361177d8fcd5cc59283c83b)
[m[2m2026-05-31 05:30:37.033-0400[m[2m | [m[2mBftProcessorExecutor-QBFT-0[m[2m | [m[32mINFO [m[2m | [m[2mQbftBesuControllerBuilder[m[2m | [m[32mProduced empty block #246 / 0 tx / 0 pending / 0 (0.0%) gas / (0x64a0703d64fffa213c995aaf37351d05cbaddc9a4804f13099ee18bc5f17327c)
[m[2m2026-05-31 05:30:39.028-0400[m[2m | [m[2mBftProcessorExecutor-QBFT-0[m[2m | [m[32mINFO [m[2m | [m[2mQbftBesuControllerBuilder[m[2m | [m[32mImported empty block #247 / 0 tx / 0 pending / 0 (0.0%) gas / (0x287e7689c6f31350717745b60be247f1fef4505ce8529989dcc70c17bf6ce229)
[m[2m2026-05-31 05:30:41.027-0400[m[2m | [m[2mBftProcessorExecutor-QBFT-0[m[2m | [m[32mINFO [m[2m | [m[2mQbftBesuControllerBuilder[m[2m | [m[32mImported empty block #248 / 0 tx / 0 pending / 0 (0.0%) gas / (0xf6f4a179ccb1517ea2c5f6e2f93a98ce3a2632a26b5ee396f9b59cf8da7b60c2)
[m[2m2026-05-31 05:30:43.032-0400[m[2m | [m[2mBftProcessorExecutor-QBFT-0[m[2m | [m[32mINFO [m[2m | [m[2mQbftBesuControllerBuilder[m[2m | [m[32mImported empty block #249 / 0 tx / 0 pending / 0 (0.0%) gas / (0x3db8ed0805cb44f54bb02b3d6f8a07125ae2f5b324f109ddcb520426277d71d3)
[m[2m2026-05-31 05:30:45.048-0400[m[2m | [m[2mBftProcessorExecutor-QBFT-0[m[2m | [m[32mINFO [m[2m | [m[2mQbftBesuControllerBuilder[m[2m | [m[32mProduced empty block #250 / 0 tx / 0 pending / 0 (0.0%) gas / (0xecf90bc8fdd7bdea424f2b02e0a9645ca9c66d1957ab337f771d9e9c72d12d8a)
[m[2m2026-05-31 05:30:47.040-0400[m[2m | [m[2mBftProcessorExecutor-QBFT-0[m[2m | [m[32mINFO [m[2m | [m[2mQbftBesuControllerBuilder[m[2m | [m[32mImported empty block #251 / 0 tx / 0 pending / 0 (0.0%) gas / (0x2f64dd9540fe06e13c277f4c83670d273097fd7b01c005bb40b8bbdd7966349a)
[m[2m2026-05-31 05:30:49.016-0400[m[2m | [m[2mBftProcessorExecutor-QBFT-0[m[2m | [m[32mINFO [m[2m | [m[2mQbftBesuControllerBuilder[m[2m | [m[32mImported empty block #252 / 0 tx / 0 pending / 0 (0.0%) gas / (0x9724877254e7bfe05215c46ea699c6bf7e0591be1d4f4df3a183d386c04920d5)
[m[2m2026-05-31 05:30:51.031-0400[m[2m | [m[2mBftProcessorExecutor-QBFT-0[m[2m | [m[32mINFO [m[2m | [m[2mQbftBesuControllerBuilder[m[2m | [m[32mImported empty block #253 / 0 tx / 0 pending / 0 (0.0%) gas / (0x9663f539a22bfdbde51d7be85817f62de553c586d8e68c6e57d5c172e23d7c98)
[m[2m2026-05-31 05:30:53.043-0400[m[2m | [m[2mBftProcessorExecutor-QBFT-0[m[2m | [m[32mINFO [m[2m | [m[2mQbftBesuControllerBuilder[m[2m | [m[32mProduced empty block #254 / 0 tx / 0 pending / 0 (0.0%) gas / (0x5fa6bf820030377c73d5575e1cde6d05ff61097cd4d82b9494c3902f284a947a)
[m[2m2026-05-31 05:30:55.015-0400[m[2m | [m[2mBftProcessorExecutor-QBFT-0[m[2m | [m[32mINFO [m[2m | [m[2mQbftBesuControllerBuilder[m[2m | [m[32mImported empty block #255 / 0 tx / 0 pending / 0 (0.0%) gas / (0x671f0a0e4f5789780ade4ed5b8cc676fbd0dade48f0ca40aca550bf3b9316dcb)
[m[2m2026-05-31 05:30:57.034-0400[m[2m | [m[2mBftProcessorExecutor-QBFT-0[m[2m | [m[32mINFO [m[2m | [m[2mQbftBesuControllerBuilder[m[2m | [m[32mImported empty block #256 / 0 tx / 0 pending / 0 (0.0%) gas / (0x71dd61c45b973aef36087e0bb2eeea0f460e1916d73ec837e843191545a790a0)
[m[2m2026-05-31 05:30:59.026-0400[m[2m | [m[2mBftProcessorExecutor-QBFT-0[m[2m | [m[32mINFO [m[2m | [m[2mQbftBesuControllerBuilder[m[2m | [m[32mImported empty block #257 / 0 tx / 0 pending / 0 (0.0%) gas / (0xaeef5d3152468e4b5e0195210cefb3e9d0b6b92253b70cb112204824bf0d2d6a)
[m[2m2026-05-31 05:31:01.043-0400[m[2m | [m[2mBftProcessorExecutor-QBFT-0[m[2m | [m[32mINFO [m[2m | [m[2mQbftBesuControllerBuilder[m[2m | [m[32mProduced empty block #258 / 0 tx / 0 pending / 0 (0.0%) gas / (0xf24f39c727736af3086cc410611e6d474d2f37d40dcf5718ca5127e946b4609f)
[m[2m2026-05-31 05:31:03.045-0400[m[2m | [m[2mBftProcessorExecutor-QBFT-0[m[2m | [m[32mINFO [m[2m | [m[2mQbftBesuControllerBuilder[m[2m | [m[32mImported empty block #259 / 0 tx / 0 pending / 0 (0.0%) gas / (0x97a8f1aea897b1eef774db0fd51d1da6aed59bdd455da71eab42589496083d87)
[m[2m2026-05-31 05:31:03.045-0400[m[2m | [m[2mEthScheduler-Workers-34[m[2m | [m[32mINFO [m[2m | [m[2mPersistBlockTask[m[2m | [m[32mBlock 259 (0x97a8f1aea897b1eef774db0fd51d1da6aed59bdd455da71eab42589496083d87) is already imported
[m[2m2026-05-31 05:31:05.037-0400[m[2m | [m[2mBftProcessorExecutor-QBFT-0[m[2m | [m[32mINFO [m[2m | [m[2mQbftBesuControllerBuilder[m[2m | [m[32mImported empty block #260 / 0 tx / 0 pending / 0 (0.0%) gas / (0x93fb6ef3f73f9010118c99bc6dd1eea956b87621abfdf6955ea0525e50968477)
[m[2m2026-05-31 05:31:07.025-0400[m[2m | [m[2mBftProcessorExecutor-QBFT-0[m[2m | [m[32mINFO [m[2m | [m[2mQbftBesuControllerBuilder[m[2m | [m[32mImported empty block #261 / 0 tx / 0 pending / 0 (0.0%) gas / (0xcd680bbd2ef8e6034e789c6b3c1d96280c169fb83d68f97eff852f68d8c8f3e0)
[m[2m2026-05-31 05:31:09.019-0400[m[2m | [m[2mBftProcessorExecutor-QBFT-0[m[2m | [m[32mINFO [m[2m | [m[2mQbftBesuControllerBuilder[m[2m | [m[32mProduced empty block #262 / 0 tx / 0 pending / 0 (0.0%) gas / (0xeaf10ed7a38e625bda4be64b599828c889afe52f1dfcef7f5763d2ea224ca094)
[m[2m2026-05-31 05:31:11.034-0400[m[2m | [m[2mBftProcessorExecutor-QBFT-0[m[2m | [m[32mINFO [m[2m | [m[2mQbftBesuControllerBuilder[m[2m | [m[32mImported empty block #263 / 0 tx / 0 pending / 0 (0.0%) gas / (0x92cc534aac1c6daa4c96da0fd4dd67f5cfa1fa3467e01457d8624616e5ea44ec)
[m[2m2026-05-31 05:31:13.029-0400[m[2m | [m[2mBftProcessorExecutor-QBFT-0[m[2m | [m[32mINFO [m[2m | [m[2mQbftBesuControllerBuilder[m[2m | [m[32mImported empty block #264 / 0 tx / 0 pending / 0 (0.0%) gas / (0xc0a715ab37b3d0aff1247afd3adfe9327a8256b67601b0d227cb6fb47be50ad3)
[m[2m2026-05-31 05:31:15.015-0400[m[2m | [m[2mBftProcessorExecutor-QBFT-0[m[2m | [m[32mINFO [m[2m | [m[2mQbftBesuControllerBuilder[m[2m | [m[32mImported empty block #265 / 0 tx / 0 pending / 0 (0.0%) gas / (0x01ebd26647522d2d2063e032826db57e00388001b403c3c540b5ed2945712a0d)
[m[2m2026-05-31 05:31:17.036-0400[m[2m | [m[2mBftProcessorExecutor-QBFT-0[m[2m | [m[32mINFO [m[2m | [m[2mQbftBesuControllerBuilder[m[2m | [m[32mProduced empty block #266 / 0 tx / 0 pending / 0 (0.0%) gas / (0x477941e9926d50844450d648a363158de12dc0d78267cd00b77fcb3009eb234e)
[m[2m2026-05-31 05:31:19.032-0400[m[2m | [m[2mBftProcessorExecutor-QBFT-0[m[2m | [m[32mINFO [m[2m | [m[2mQbftBesuControllerBuilder[m[2m | [m[32mImported empty block #267 / 0 tx / 0 pending / 0 (0.0%) gas / (0xbd10de075c5602986a28bc6edd5a56e4da65dd2afc4625f30bcea1b196fca9a9)
[m[2m2026-05-31 05:31:21.025-0400[m[2m | [m[2mBftProcessorExecutor-QBFT-0[m[2m | [m[32mINFO [m[2m | [m[2mQbftBesuControllerBuilder[m[2m | [m[32mImported empty block #268 / 0 tx / 0 pending / 0 (0.0%) gas / (0x654875a91edc060f15141cfd9953380098da0fe82ac7375b6aaaa054ae0e7fb0)
[m[2m2026-05-31 05:31:23.027-0400[m[2m | [m[2mBftProcessorExecutor-QBFT-0[m[2m | [m[32mINFO [m[2m | [m[2mQbftBesuControllerBuilder[m[2m | [m[32mImported empty block #269 / 0 tx / 0 pending / 0 (0.0%) gas / (0x1bc03302dc190f253cad5267a91f89af60b9d535e49095e84f3ceb616d9945ff)
[m[2m2026-05-31 05:31:25.039-0400[m[2m | [m[2mBftProcessorExecutor-QBFT-0[m[2m | [m[32mINFO [m[2m | [m[2mQbftBesuControllerBuilder[m[2m | [m[32mProduced empty block #270 / 0 tx / 0 pending / 0 (0.0%) gas / (0x836735c11ef4dbaddbf1de5e889839552a84312fde4c5de9dbab0614cf28fdb0)
[m[2m2026-05-31 05:31:27.042-0400[m[2m | [m[2mBftProcessorExecutor-QBFT-0[m[2m | [m[32mINFO [m[2m | [m[2mQbftBesuControllerBuilder[m[2m | [m[32mImported empty block #271 / 0 tx / 0 pending / 0 (0.0%) gas / (0xe02fcf7ff554fe4bb6aee52aff0062e0553733b0e4e157e5619e82367aaf9154)
[m[2m2026-05-31 05:31:29.043-0400[m[2m | [m[2mBftProcessorExecutor-QBFT-0[m[2m | [m[32mINFO [m[2m | [m[2mQbftBesuControllerBuilder[m[2m | [m[32mImported empty block #272 / 0 tx / 0 pending / 0 (0.0%) gas / (0xad5037de98be7cb5dd7ea3b9bf21c3efbd9ff2d832f0c7dd5c395d665ef2f18a)
[m[2m2026-05-31 05:31:31.053-0400[m[2m | [m[2mBftProcessorExecutor-QBFT-0[m[2m | [m[32mINFO [m[2m | [m[2mQbftBesuControllerBuilder[m[2m | [m[32mImported empty block #273 / 0 tx / 0 pending / 0 (0.0%) gas / (0x7e06bacfdac9942014a2026e8d160a9af02be26715c6523153f2ce37697f61b2)
[m[2m2026-05-31 05:31:33.038-0400[m[2m | [m[2mBftProcessorExecutor-QBFT-0[m[2m | [m[32mINFO [m[2m | [m[2mQbftBesuControllerBuilder[m[2m | [m[32mProduced empty block #274 / 0 tx / 0 pending / 0 (0.0%) gas / (0x08cdfdac5fcf3b0c98eb36154ac686fb4fce418a49c820b2a176699af3fb8d77)
[m[2m2026-05-31 05:31:35.026-0400[m[2m | [m[2mBftProcessorExecutor-QBFT-0[m[2m | [m[32mINFO [m[2m | [m[2mQbftBesuControllerBuilder[m[2m | [m[32mImported empty block #275 / 0 tx / 0 pending / 0 (0.0%) gas / (0xd351026400918b1a6bf8462bb09cbdce3626aa243aa42d0cb3c129334fd3e826)
[m[2m2026-05-31 05:31:37.034-0400[m[2m | [m[2mBftProcessorExecutor-QBFT-0[m[2m | [m[32mINFO [m[2m | [m[2mQbftBesuControllerBuilder[m[2m | [m[32mImported empty block #276 / 0 tx / 0 pending / 0 (0.0%) gas / (0x432cf3258f3b1ddef4e0ec7903676a95622f2ce804feb09dee5e36c5590c1f14)
[m[2m2026-05-31 05:31:39.037-0400[m[2m | [m[2mBftProcessorExecutor-QBFT-0[m[2m | [m[32mINFO [m[2m | [m[2mQbftBesuControllerBuilder[m[2m | [m[32mImported empty block #277 / 0 tx / 0 pending / 0 (0.0%) gas / (0xfc2bed1ecd677783276cde8454333fe7a34d2ac5eed120c016c6a8d94f4b4aab)
[m[2m2026-05-31 05:31:41.037-0400[m[2m | [m[2mBftProcessorExecutor-QBFT-0[m[2m | [m[32mINFO [m[2m | [m[2mQbftBesuControllerBuilder[m[2m | [m[32mProduced empty block #278 / 0 tx / 0 pending / 0 (0.0%) gas / (0x0dc1fc5b8a23b85235844fcd2a9033f42174947ab134e73a1a639d33ba9dfdb6)
[m[2m2026-05-31 05:31:43.031-0400[m[2m | [m[2mBftProcessorExecutor-QBFT-0[m[2m | [m[32mINFO [m[2m | [m[2mQbftBesuControllerBuilder[m[2m | [m[32mImported empty block #279 / 0 tx / 0 pending / 0 (0.0%) gas / (0x1c83cd50de74d9f4071ee6bd1d6fcbe08275eb5a84542987b5c56d803fe168c6)
[m[2m2026-05-31 05:31:45.028-0400[m[2m | [m[2mBftProcessorExecutor-QBFT-0[m[2m | [m[32mINFO [m[2m | [m[2mQbftBesuControllerBuilder[m[2m | [m[32mImported empty block #280 / 0 tx / 0 pending / 0 (0.0%) gas / (0xd112989d3a3dab257abe5ae8aef6748f9dc1b29a4553221de10810e57474367b)
[m[2m2026-05-31 05:31:47.038-0400[m[2m | [m[2mBftProcessorExecutor-QBFT-0[m[2m | [m[32mINFO [m[2m | [m[2mQbftBesuControllerBuilder[m[2m | [m[32mImported empty block #281 / 0 tx / 0 pending / 0 (0.0%) gas / (0xad7d31dcf63f71dc19a04aaf396014d6191b75890e69a85e46db311964fd8b3a)
[m[2m2026-05-31 05:31:49.045-0400[m[2m | [m[2mBftProcessorExecutor-QBFT-0[m[2m | [m[32mINFO [m[2m | [m[2mQbftBesuControllerBuilder[m[2m | [m[32mProduced empty block #282 / 0 tx / 0 pending / 0 (0.0%) gas / (0x56ed04e755897f9cb9e79a21d4c3b0d3cc5bbad3feffdbc28daa0e4dd98411bc)
[m[2m2026-05-31 05:31:49.045-0400[m[2m | [m[2mEthScheduler-Workers-36[m[2m | [m[32mINFO [m[2m | [m[2mPersistBlockTask[m[2m | [m[32mBlock 282 (0x56ed04e755897f9cb9e79a21d4c3b0d3cc5bbad3feffdbc28daa0e4dd98411bc) is already imported
[m[2m2026-05-31 05:31:51.041-0400[m[2m | [m[2mBftProcessorExecutor-QBFT-0[m[2m | [m[32mINFO [m[2m | [m[2mQbftBesuControllerBuilder[m[2m | [m[32mImported empty block #283 / 0 tx / 0 pending / 0 (0.0%) gas / (0x68526b12b572ffad94c81dc3373833414c1b91193f75be6620c85ab98a45d7fb)
[m[2m2026-05-31 05:31:53.042-0400[m[2m | [m[2mBftProcessorExecutor-QBFT-0[m[2m | [m[32mINFO [m[2m | [m[2mQbftBesuControllerBuilder[m[2m | [m[32mImported empty block #284 / 0 tx / 0 pending / 0 (0.0%) gas / (0x73831cfb6373f170b715758da49d574dfea362b951f00faae9a2c0cb1fa2a85f)
[m[2m2026-05-31 05:31:53.042-0400[m[2m | [m[2mEthScheduler-Workers-38[m[2m | [m[32mINFO [m[2m | [m[2mPersistBlockTask[m[2m | [m[32mBlock 284 (0x73831cfb6373f170b715758da49d574dfea362b951f00faae9a2c0cb1fa2a85f) is already imported
[m[2m2026-05-31 05:31:55.038-0400[m[2m | [m[2mBftProcessorExecutor-QBFT-0[m[2m | [m[32mINFO [m[2m | [m[2mQbftBesuControllerBuilder[m[2m | [m[32mImported empty block #285 / 0 tx / 0 pending / 0 (0.0%) gas / (0x3eb30339f97bc08d3a566bd77b724eb268ef92ca3fdf3a01ab83c5286be3afeb)
[m[2m2026-05-31 05:31:57.042-0400[m[2m | [m[2mBftProcessorExecutor-QBFT-0[m[2m | [m[32mINFO [m[2m | [m[2mQbftBesuControllerBuilder[m[2m | [m[32mProduced empty block #286 / 0 tx / 0 pending / 0 (0.0%) gas / (0x2957988a606430502d82c34a829037949ab6ff1babee3617d433641ea02d592d)
[m[2m2026-05-31 05:31:59.045-0400[m[2m | [m[2mEthScheduler-Workers-40[m[2m | [m[32mINFO [m[2m | [m[2mPersistBlockTask[m[2m | [m[32mBlock 287 (0x77d0daba3e2073affe03d15f1f5568908915dadf00f4fddec34e7a3c535518a8) is already imported
[m[2m2026-05-31 05:31:59.045-0400[m[2m | [m[2mBftProcessorExecutor-QBFT-0[m[2m | [m[32mINFO [m[2m | [m[2mQbftBesuControllerBuilder[m[2m | [m[32mImported empty block #287 / 0 tx / 0 pending / 0 (0.0%) gas / (0x77d0daba3e2073affe03d15f1f5568908915dadf00f4fddec34e7a3c535518a8)
[m[2m2026-05-31 05:32:01.056-0400[m[2m | [m[2mBftProcessorExecutor-QBFT-0[m[2m | [m[32mINFO [m[2m | [m[2mQbftBesuControllerBuilder[m[2m | [m[32mImported empty block #288 / 0 tx / 0 pending / 0 (0.0%) gas / (0xf0e0cf1d7514eda6df86036dcee253934789153ec7d59c7da4647b2cbf39c98a)
[m[2m2026-05-31 05:32:01.057-0400[m[2m | [m[2mEthScheduler-Workers-35[m[2m | [m[32mINFO [m[2m | [m[2mPersistBlockTask[m[2m | [m[32mBlock 288 (0xf0e0cf1d7514eda6df86036dcee253934789153ec7d59c7da4647b2cbf39c98a) is already imported
[m[2m2026-05-31 05:32:03.038-0400[m[2m | [m[2mBftProcessorExecutor-QBFT-0[m[2m | [m[32mINFO [m[2m | [m[2mQbftBesuControllerBuilder[m[2m | [m[32mImported empty block #289 / 0 tx / 0 pending / 0 (0.0%) gas / (0xda02f69c57548cce4c2a4d3db05cbb0efa0dbacb081f0c934584c53eae802afd)
[m[2m2026-05-31 05:32:05.045-0400[m[2m | [m[2mEthScheduler-Workers-37[m[2m | [m[32mINFO [m[2m | [m[2mPersistBlockTask[m[2m | [m[32mBlock 290 (0x1add01cdb196fd5b9ef608451b5da44583182ec042a29872ec596070721653fa) is already imported
[m[2m2026-05-31 05:32:05.045-0400[m[2m | [m[2mBftProcessorExecutor-QBFT-0[m[2m | [m[32mINFO [m[2m | [m[2mQbftBesuControllerBuilder[m[2m | [m[32mProduced empty block #290 / 0 tx / 0 pending / 0 (0.0%) gas / (0x1add01cdb196fd5b9ef608451b5da44583182ec042a29872ec596070721653fa)
[m[2m2026-05-31 05:32:07.030-0400[m[2m | [m[2mBftProcessorExecutor-QBFT-0[m[2m | [m[32mINFO [m[2m | [m[2mQbftBesuControllerBuilder[m[2m | [m[32mImported empty block #291 / 0 tx / 0 pending / 0 (0.0%) gas / (0xe2b6e1c10b64059fc0901479296b76f669bf8de0c15eb74fcbe496948a59cafb)
[m[2m2026-05-31 05:32:09.041-0400[m[2m | [m[2mBftProcessorExecutor-QBFT-0[m[2m | [m[32mINFO [m[2m | [m[2mQbftBesuControllerBuilder[m[2m | [m[32mImported empty block #292 / 0 tx / 0 pending / 0 (0.0%) gas / (0x01d6db8446284c9e1bb1d49af93be0a7a13daf38f1952483e9cb07b8b330d87c)
[m[2m2026-05-31 05:32:11.039-0400[m[2m | [m[2mBftProcessorExecutor-QBFT-0[m[2m | [m[32mINFO [m[2m | [m[2mQbftBesuControllerBuilder[m[2m | [m[32mImported empty block #293 / 0 tx / 0 pending / 0 (0.0%) gas / (0x9dc469ebb188d9199ec1cc995d2b5e051eba5752181b6bd36327de999b336d85)
[m[2m2026-05-31 05:32:13.045-0400[m[2m | [m[2mBftProcessorExecutor-QBFT-0[m[2m | [m[32mINFO [m[2m | [m[2mQbftBesuControllerBuilder[m[2m | [m[32mProduced empty block #294 / 0 tx / 0 pending / 0 (0.0%) gas / (0x7024e778b8b29630c2a22dceda99a95833b8c7e4137e608d58d4ed1fcaf82664)
[m[2m2026-05-31 05:32:15.034-0400[m[2m | [m[2mBftProcessorExecutor-QBFT-0[m[2m | [m[32mINFO [m[2m | [m[2mQbftBesuControllerBuilder[m[2m | [m[32mImported empty block #295 / 0 tx / 0 pending / 0 (0.0%) gas / (0x9eb3a390252adeea8c60a73dddfc2a4e8500dcbd2f3c46ebbf4d5844ce57d47b)
[m[2m2026-05-31 05:32:17.039-0400[m[2m | [m[2mBftProcessorExecutor-QBFT-0[m[2m | [m[32mINFO [m[2m | [m[2mQbftBesuControllerBuilder[m[2m | [m[32mImported empty block #296 / 0 tx / 0 pending / 0 (0.0%) gas / (0xf670f6751bdb455e6c4536b6579f9b466c05577b81863c5bb141d53331a52baa)
[m[2m2026-05-31 05:32:19.039-0400[m[2m | [m[2mBftProcessorExecutor-QBFT-0[m[2m | [m[32mINFO [m[2m | [m[2mQbftBesuControllerBuilder[m[2m | [m[32mImported empty block #297 / 0 tx / 0 pending / 0 (0.0%) gas / (0x684af784b3cae9e4bdfdf02198b1d8110f487952727b2e91cea8b6d252616430)
[m[2m2026-05-31 05:32:21.026-0400[m[2m | [m[2mBftProcessorExecutor-QBFT-0[m[2m | [m[32mINFO [m[2m | [m[2mQbftBesuControllerBuilder[m[2m | [m[32mProduced empty block #298 / 0 tx / 0 pending / 0 (0.0%) gas / (0xd4ac67fa32b1484f8d9fafbc911199c347a6d88c21972a6e0a1a174942ec6934)
[m[2m2026-05-31 05:32:23.031-0400[m[2m | [m[2mBftProcessorExecutor-QBFT-0[m[2m | [m[32mINFO [m[2m | [m[2mQbftBesuControllerBuilder[m[2m | [m[32mImported empty block #299 / 0 tx / 0 pending / 0 (0.0%) gas / (0x7c3a2ee16f99696dbce99451f5608d18c4c2e8303b21d1e9a58bc3453e9da52b)
[m[2m2026-05-31 05:32:25.024-0400[m[2m | [m[2mBftProcessorExecutor-QBFT-0[m[2m | [m[32mINFO [m[2m | [m[2mQbftBesuControllerBuilder[m[2m | [m[32mImported empty block #300 / 0 tx / 0 pending / 0 (0.0%) gas / (0x1764f37e070641698345bfdb27059b03439a9295829e06f5b236ad23da0c323d)
[m[2m2026-05-31 05:32:27.019-0400[m[2m | [m[2mBftProcessorExecutor-QBFT-0[m[2m | [m[32mINFO [m[2m | [m[2mQbftBesuControllerBuilder[m[2m | [m[32mImported empty block #301 / 0 tx / 0 pending / 0 (0.0%) gas / (0x9d68f95c6e67b1adf85d854845fee3480262a1b01ad734ce698cd906df18576a)
[m[2m2026-05-31 05:32:29.010-0400[m[2m | [m[2mBftProcessorExecutor-QBFT-0[m[2m | [m[32mINFO [m[2m | [m[2mQbftBesuControllerBuilder[m[2m | [m[32mProduced empty block #302 / 0 tx / 0 pending / 0 (0.0%) gas / (0x17c408aaaab1b94f0a9072dc6595c7c1fce81828eb1f2b7a5c34dc7a26adb248)
[m[2m2026-05-31 05:32:31.036-0400[m[2m | [m[2mBftProcessorExecutor-QBFT-0[m[2m | [m[32mINFO [m[2m | [m[2mQbftBesuControllerBuilder[m[2m | [m[32mImported empty block #303 / 0 tx / 0 pending / 0 (0.0%) gas / (0x20d821988a719a22b8707b2be12908e2bfbcf5c5b162ebf98f772d73dd57d29e)
[m[2m2026-05-31 05:32:33.037-0400[m[2m | [m[2mBftProcessorExecutor-QBFT-0[m[2m | [m[32mINFO [m[2m | [m[2mQbftBesuControllerBuilder[m[2m | [m[32mImported empty block #304 / 0 tx / 0 pending / 0 (0.0%) gas / (0x38fcf5d0721f0435255d7e9e2a6a7d69adc4a6b82c37377ee26e80b9584ed448)
[m[2m2026-05-31 05:32:35.016-0400[m[2m | [m[2mBftProcessorExecutor-QBFT-0[m[2m | [m[32mINFO [m[2m | [m[2mQbftBesuControllerBuilder[m[2m | [m[32mImported empty block #305 / 0 tx / 0 pending / 0 (0.0%) gas / (0xaebaf8fb367fa2542cc267d5d837e84677c63cfc0e9f285f6fb313610a66c906)
[m[2m2026-05-31 05:32:37.031-0400[m[2m | [m[2mBftProcessorExecutor-QBFT-0[m[2m | [m[32mINFO [m[2m | [m[2mQbftBesuControllerBuilder[m[2m | [m[32mProduced empty block #306 / 0 tx / 0 pending / 0 (0.0%) gas / (0x2083b7e50c1a205b110e267040d9928c7d95c439898110383138055aa9ef9d87)
[m[2m2026-05-31 05:32:39.011-0400[m[2m | [m[2mBftProcessorExecutor-QBFT-0[m[2m | [m[32mINFO [m[2m | [m[2mQbftBesuControllerBuilder[m[2m | [m[32mImported empty block #307 / 0 tx / 0 pending / 0 (0.0%) gas / (0x8a26eff48ea6f1c70d5a60a5237da585b74b5d3d42c8487eded2a6a84a8d1b89)
[m[2m2026-05-31 05:32:41.012-0400[m[2m | [m[2mBftProcessorExecutor-QBFT-0[m[2m | [m[32mINFO [m[2m | [m[2mQbftBesuControllerBuilder[m[2m | [m[32mImported empty block #308 / 0 tx / 0 pending / 0 (0.0%) gas / (0x59b61588aacb2f62796e7a3ac8a693671201e4cb21c5ddd28b9df679e0f3229c)
[m[2m2026-05-31 05:32:43.021-0400[m[2m | [m[2mBftProcessorExecutor-QBFT-0[m[2m | [m[32mINFO [m[2m | [m[2mQbftBesuControllerBuilder[m[2m | [m[32mImported empty block #309 / 0 tx / 0 pending / 0 (0.0%) gas / (0xada84c3bf3df6bcf69171c366c52facb84d614b8c773664340c490b144819c3c)
[m[2m2026-05-31 05:32:45.063-0400[m[2m | [m[2mBftProcessorExecutor-QBFT-0[m[2m | [m[32mINFO [m[2m | [m[2mQbftBesuControllerBuilder[m[2m | [m[32mProduced empty block #310 / 0 tx / 0 pending / 0 (0.0%) gas / (0x4f69859e4495c3f933e070e99bd0fd3fb75b000530bd4d04afedb80f4d548899)
[m[2m2026-05-31 05:32:47.014-0400[m[2m | [m[2mBftProcessorExecutor-QBFT-0[m[2m | [m[32mINFO [m[2m | [m[2mQbftBesuControllerBuilder[m[2m | [m[32mImported empty block #311 / 0 tx / 0 pending / 0 (0.0%) gas / (0xa56a280a51cc80614478fbc53cc7efb16c4f4e99b94962956ddbd9f09c6ad549)
[m[2m2026-05-31 05:32:49.023-0400[m[2m | [m[2mBftProcessorExecutor-QBFT-0[m[2m | [m[32mINFO [m[2m | [m[2mQbftBesuControllerBuilder[m[2m | [m[32mImported empty block #312 / 0 tx / 0 pending / 0 (0.0%) gas / (0x444ad6e913f84bd56644340eaee4b3cf94edc379bdb1ca9af2577854c4bedfe2)
[m[2m2026-05-31 05:32:49.024-0400[m[2m | [m[2mEthScheduler-Workers-39[m[2m | [m[32mINFO [m[2m | [m[2mPersistBlockTask[m[2m | [m[32mBlock 312 (0x444ad6e913f84bd56644340eaee4b3cf94edc379bdb1ca9af2577854c4bedfe2) is already imported
[m[2m2026-05-31 05:32:51.012-0400[m[2m | [m[2mBftProcessorExecutor-QBFT-0[m[2m | [m[32mINFO [m[2m | [m[2mQbftBesuControllerBuilder[m[2m | [m[32mImported empty block #313 / 0 tx / 0 pending / 0 (0.0%) gas / (0xd8efef788ddf7be4fc51f2c96b3a84c8432510660591c3216debbc942c9503ba)
[m[2m2026-05-31 05:32:53.009-0400[m[2m | [m[2mBftProcessorExecutor-QBFT-0[m[2m | [m[32mINFO [m[2m | [m[2mQbftBesuControllerBuilder[m[2m | [m[32mProduced empty block #314 / 0 tx / 0 pending / 0 (0.0%) gas / (0xd3f262a2cb1fd3751875b9bbd477bb502d2b68dd9742ed7479aa3e4e8931113a)
[m[2m2026-05-31 05:32:55.014-0400[m[2m | [m[2mBftProcessorExecutor-QBFT-0[m[2m | [m[32mINFO [m[2m | [m[2mQbftBesuControllerBuilder[m[2m | [m[32mImported empty block #315 / 0 tx / 0 pending / 0 (0.0%) gas / (0xa80151fb1ce8bdc37e14e5b767c5d85c5f123a2c99775da128de837b197f96ca)
[m[2m2026-05-31 05:32:57.012-0400[m[2m | [m[2mBftProcessorExecutor-QBFT-0[m[2m | [m[32mINFO [m[2m | [m[2mQbftBesuControllerBuilder[m[2m | [m[32mImported empty block #316 / 0 tx / 0 pending / 0 (0.0%) gas / (0x599ead69a59e7678ef95409bd9f175b1a736968307ecb729d83ee8888a939de8)
[m[2m2026-05-31 05:32:59.020-0400[m[2m | [m[2mBftProcessorExecutor-QBFT-0[m[2m | [m[32mINFO [m[2m | [m[2mQbftBesuControllerBuilder[m[2m | [m[32mImported empty block #317 / 0 tx / 0 pending / 0 (0.0%) gas / (0xf2c4710dbe1ab8cda2625bc46374f1684f8ffab966852cc68f2adecbb414b203)
[m[2m2026-05-31 05:33:01.013-0400[m[2m | [m[2mBftProcessorExecutor-QBFT-0[m[2m | [m[32mINFO [m[2m | [m[2mQbftBesuControllerBuilder[m[2m | [m[32mProduced empty block #318 / 0 tx / 0 pending / 0 (0.0%) gas / (0xe63794722e9f69b81f078c14cda7cc2431471f832f7d995f61a74131ee3b9667)
[m[2m2026-05-31 05:33:03.017-0400[m[2m | [m[2mBftProcessorExecutor-QBFT-0[m[2m | [m[32mINFO [m[2m | [m[2mQbftBesuControllerBuilder[m[2m | [m[32mImported empty block #319 / 0 tx / 0 pending / 0 (0.0%) gas / (0x682908fe9eaf72ab11abfe82ceaa0d218f01de42638b0cfc84e7a9082e0bdf42)
[m[2m2026-05-31 05:33:03.017-0400[m[2m | [m[2mEthScheduler-Workers-42[m[2m | [m[32mINFO [m[2m | [m[2mPersistBlockTask[m[2m | [m[32mBlock 319 (0x682908fe9eaf72ab11abfe82ceaa0d218f01de42638b0cfc84e7a9082e0bdf42) is already imported
[m[2m2026-05-31 05:33:05.019-0400[m[2m | [m[2mBftProcessorExecutor-QBFT-0[m[2m | [m[32mINFO [m[2m | [m[2mQbftBesuControllerBuilder[m[2m | [m[32mImported empty block #320 / 0 tx / 0 pending / 0 (0.0%) gas / (0xdf88baa21542c76f0257ab622f39f0f59dc222d4cddb81feabdf73a6f1f88566)
[m[2m2026-05-31 05:33:07.020-0400[m[2m | [m[2mBftProcessorExecutor-QBFT-0[m[2m | [m[32mINFO [m[2m | [m[2mQbftBesuControllerBuilder[m[2m | [m[32mImported empty block #321 / 0 tx / 0 pending / 0 (0.0%) gas / (0x356fffcb40caec440d7d5df083dff7b167fad5e3d618139f60b0ef712ec8d104)
[m[2m2026-05-31 05:33:09.023-0400[m[2m | [m[2mBftProcessorExecutor-QBFT-0[m[2m | [m[32mINFO [m[2m | [m[2mQbftBesuControllerBuilder[m[2m | [m[32mProduced empty block #322 / 0 tx / 0 pending / 0 (0.0%) gas / (0x8ee22ad81b375f79be70acb57f4711fbdc7cd36cbdc75eeacd632d06b1a2347c)
[m[2m2026-05-31 05:33:11.026-0400[m[2m | [m[2mBftProcessorExecutor-QBFT-0[m[2m | [m[32mINFO [m[2m | [m[2mQbftBesuControllerBuilder[m[2m | [m[32mImported empty block #323 / 0 tx / 0 pending / 0 (0.0%) gas / (0x38e1f3c497dcb047bb64b488b5fd76db454aebdc306edf67b7f6488e9b98e269)
[m[2m2026-05-31 05:33:11.027-0400[m[2m | [m[2mEthScheduler-Workers-44[m[2m | [m[32mINFO [m[2m | [m[2mPersistBlockTask[m[2m | [m[32mBlock 323 (0x38e1f3c497dcb047bb64b488b5fd76db454aebdc306edf67b7f6488e9b98e269) is already imported
[m[2m2026-05-31 05:33:13.058-0400[m[2m | [m[2mBftProcessorExecutor-QBFT-0[m[2m | [m[32mINFO [m[2m | [m[2mQbftBesuControllerBuilder[m[2m | [m[32mImported empty block #324 / 0 tx / 0 pending / 0 (0.0%) gas / (0xbdb7efc65eae846020eb3a941acb9fc35f8f797285318f4f7f4ab7b54c794824)
[m[2m2026-05-31 05:33:15.041-0400[m[2m | [m[2mBftProcessorExecutor-QBFT-0[m[2m | [m[32mINFO [m[2m | [m[2mQbftBesuControllerBuilder[m[2m | [m[32mImported empty block #325 / 0 tx / 0 pending / 0 (0.0%) gas / (0xd4f9d5fe32e96359a86febbb7d3e9195dcb2f75aa1352061e0ea45ba8f3ee8fd)
[m[2m2026-05-31 05:33:17.034-0400[m[2m | [m[2mBftProcessorExecutor-QBFT-0[m[2m | [m[32mINFO [m[2m | [m[2mQbftBesuControllerBuilder[m[2m | [m[32mProduced empty block #326 / 0 tx / 0 pending / 0 (0.0%) gas / (0xfbad96b6647b6b875eb05f970d8407dc6ef1103c4c76d2d8a862845fad791d15)
[m[2m2026-05-31 05:33:19.032-0400[m[2m | [m[2mBftProcessorExecutor-QBFT-0[m[2m | [m[32mINFO [m[2m | [m[2mQbftBesuControllerBuilder[m[2m | [m[32mImported empty block #327 / 0 tx / 0 pending / 0 (0.0%) gas / (0xdc6f3c29727eeb44a466ef0dd61e8e49d075d017104c0d1186974df9fd7a0273)
[m[2m2026-05-31 05:33:21.025-0400[m[2m | [m[2mBftProcessorExecutor-QBFT-0[m[2m | [m[32mINFO [m[2m | [m[2mQbftBesuControllerBuilder[m[2m | [m[32mImported empty block #328 / 0 tx / 0 pending / 0 (0.0%) gas / (0x2ae0d37d331d6ccf721f700fce368d4033cf74d3da9dd44e251f651fa272f686)
[m[2m2026-05-31 05:33:23.011-0400[m[2m | [m[2mBftProcessorExecutor-QBFT-0[m[2m | [m[32mINFO [m[2m | [m[2mQbftBesuControllerBuilder[m[2m | [m[32mImported empty block #329 / 0 tx / 0 pending / 0 (0.0%) gas / (0xd231565989de2caa307ed972778840800b9c1b290830c4a8dc69305e5a8b1823)
[m[2m2026-05-31 05:33:25.029-0400[m[2m | [m[2mBftProcessorExecutor-QBFT-0[m[2m | [m[32mINFO [m[2m | [m[2mQbftBesuControllerBuilder[m[2m | [m[32mProduced empty block #330 / 0 tx / 0 pending / 0 (0.0%) gas / (0x74db2ea502f1b06c3d22523715432aa74d0e3e623b64efe42ceed8c1b995128d)
[m[2m2026-05-31 05:33:27.026-0400[m[2m | [m[2mBftProcessorExecutor-QBFT-0[m[2m | [m[32mINFO [m[2m | [m[2mQbftBesuControllerBuilder[m[2m | [m[32mImported empty block #331 / 0 tx / 0 pending / 0 (0.0%) gas / (0x1b66d35283e102014daaf1dd64d489c853309432c639633706f396ac2401cb81)
[m[2m2026-05-31 05:33:29.031-0400[m[2m | [m[2mBftProcessorExecutor-QBFT-0[m[2m | [m[32mINFO [m[2m | [m[2mQbftBesuControllerBuilder[m[2m | [m[32mImported empty block #332 / 0 tx / 0 pending / 0 (0.0%) gas / (0x51780a68f919d7b75fe110d0b84a4cb826bc1e157536e8c0ed0d556ee7bbab18)
[m[2m2026-05-31 05:33:31.038-0400[m[2m | [m[2mBftProcessorExecutor-QBFT-0[m[2m | [m[32mINFO [m[2m | [m[2mQbftBesuControllerBuilder[m[2m | [m[32mImported empty block #333 / 0 tx / 0 pending / 0 (0.0%) gas / (0xe9bba7e2181439934b28ec8cfcc25e8766316a3c9a6a819a77ee257391cc076f)
[m[2m2026-05-31 05:33:33.025-0400[m[2m | [m[2mBftProcessorExecutor-QBFT-0[m[2m | [m[32mINFO [m[2m | [m[2mQbftBesuControllerBuilder[m[2m | [m[32mProduced empty block #334 / 0 tx / 0 pending / 0 (0.0%) gas / (0xe785c308b0921f4be18538a5bdf33ede283d6b6b1f1898ad11a07f4c9d5b94fb)
[m[2m2026-05-31 05:33:35.039-0400[m[2m | [m[2mBftProcessorExecutor-QBFT-0[m[2m | [m[32mINFO [m[2m | [m[2mQbftBesuControllerBuilder[m[2m | [m[32mImported empty block #335 / 0 tx / 0 pending / 0 (0.0%) gas / (0x585676422662354aa636bc92d2f30e42d154fd1cec7b1cbf574f60ff1ca24de2)
[m[2m2026-05-31 05:33:37.015-0400[m[2m | [m[2mBftProcessorExecutor-QBFT-0[m[2m | [m[32mINFO [m[2m | [m[2mQbftBesuControllerBuilder[m[2m | [m[32mImported empty block #336 / 0 tx / 0 pending / 0 (0.0%) gas / (0xc140e4b49508fa5bb3898f88e9806c883ae0a3324824b1109badbb5679ae6f01)
[m[2m2026-05-31 05:33:39.030-0400[m[2m | [m[2mBftProcessorExecutor-QBFT-0[m[2m | [m[32mINFO [m[2m | [m[2mQbftBesuControllerBuilder[m[2m | [m[32mImported empty block #337 / 0 tx / 0 pending / 0 (0.0%) gas / (0xdeb9baca6dd0af4ecf9951de1f32259f78fdd825497ea56e8454278c20d044ad)
[m[2m2026-05-31 05:33:41.038-0400[m[2m | [m[2mBftProcessorExecutor-QBFT-0[m[2m | [m[32mINFO [m[2m | [m[2mQbftBesuControllerBuilder[m[2m | [m[32mProduced empty block #338 / 0 tx / 0 pending / 0 (0.0%) gas / (0xc63c7c8fab1ceef01dcf6ae0c3b0cdcaf86b9548317a52cd601d608eb152f54d)
[m[2m2026-05-31 05:33:43.041-0400[m[2m | [m[2mBftProcessorExecutor-QBFT-0[m[2m | [m[32mINFO [m[2m | [m[2mQbftBesuControllerBuilder[m[2m | [m[32mImported empty block #339 / 0 tx / 0 pending / 0 (0.0%) gas / (0xf6fc355950295594a4f2a272ff65e47376d5a92e8e49e61f253754fb18e99b06)
[m[2m2026-05-31 05:33:45.024-0400[m[2m | [m[2mBftProcessorExecutor-QBFT-0[m[2m | [m[32mINFO [m[2m | [m[2mQbftBesuControllerBuilder[m[2m | [m[32mImported empty block #340 / 0 tx / 0 pending / 0 (0.0%) gas / (0xbcadb9e454fdf4c6b93eed47ba44adbe5397c8830c8c219915c0fb05ba10649b)
[m[2m2026-05-31 05:33:47.042-0400[m[2m | [m[2mBftProcessorExecutor-QBFT-0[m[2m | [m[32mINFO [m[2m | [m[2mQbftBesuControllerBuilder[m[2m | [m[32mImported empty block #341 / 0 tx / 0 pending / 0 (0.0%) gas / (0x9be57a64a3c9fca6a6bc8ebb01e8e7ba784b4ce37e7ea18f78488803f04554c7)
[m[2m2026-05-31 05:33:49.034-0400[m[2m | [m[2mBftProcessorExecutor-QBFT-0[m[2m | [m[32mINFO [m[2m | [m[2mQbftBesuControllerBuilder[m[2m | [m[32mProduced empty block #342 / 0 tx / 0 pending / 0 (0.0%) gas / (0x76910fea7e66ba519c12eb0fbc42d53db7c90c820939bf484b93942fe0da4361)
[m[2m2026-05-31 05:33:51.037-0400[m[2m | [m[2mBftProcessorExecutor-QBFT-0[m[2m | [m[32mINFO [m[2m | [m[2mQbftBesuControllerBuilder[m[2m | [m[32mImported empty block #343 / 0 tx / 0 pending / 0 (0.0%) gas / (0x9bd155e6a4b4da785118c7188fea5cd1d7a59395cdf06a3d0747dfcda76c0230)
[m[2m2026-05-31 05:33:53.035-0400[m[2m | [m[2mBftProcessorExecutor-QBFT-0[m[2m | [m[32mINFO [m[2m | [m[2mQbftBesuControllerBuilder[m[2m | [m[32mImported empty block #344 / 0 tx / 0 pending / 0 (0.0%) gas / (0x3e913bcc44fa9069587584adf7517224ea387553eb24c4ab5a4265b5d19a1c5f)
[m[2m2026-05-31 05:33:55.034-0400[m[2m | [m[2mBftProcessorExecutor-QBFT-0[m[2m | [m[32mINFO [m[2m | [m[2mQbftBesuControllerBuilder[m[2m | [m[32mImported empty block #345 / 0 tx / 0 pending / 0 (0.0%) gas / (0xee6c8296e897eb41181b0602e530c9a2d3162d2939de3020710a9058f34665b4)
[m[2m2026-05-31 05:33:57.033-0400[m[2m | [m[2mBftProcessorExecutor-QBFT-0[m[2m | [m[32mINFO [m[2m | [m[2mQbftBesuControllerBuilder[m[2m | [m[32mProduced empty block #346 / 0 tx / 0 pending / 0 (0.0%) gas / (0xa4b636094f4a3a27294027903827f96a324e2b041b9f76444c33b0d5b430273a)
[m[2m2026-05-31 05:33:59.032-0400[m[2m | [m[2mBftProcessorExecutor-QBFT-0[m[2m | [m[32mINFO [m[2m | [m[2mQbftBesuControllerBuilder[m[2m | [m[32mImported empty block #347 / 0 tx / 0 pending / 0 (0.0%) gas / (0xb65fe1b65f461a24f8b755dfed29103674d6f959ff10a68e9fc28f3098ff3876)
[m[2m2026-05-31 05:34:01.026-0400[m[2m | [m[2mBftProcessorExecutor-QBFT-0[m[2m | [m[32mINFO [m[2m | [m[2mQbftBesuControllerBuilder[m[2m | [m[32mImported empty block #348 / 0 tx / 0 pending / 0 (0.0%) gas / (0x1ce863b0a307e4ad87d5ddc34da62435d319abbf1d2c4137ac60f63ca6e4519e)
[m[2m2026-05-31 05:34:03.024-0400[m[2m | [m[2mBftProcessorExecutor-QBFT-0[m[2m | [m[32mINFO [m[2m | [m[2mQbftBesuControllerBuilder[m[2m | [m[32mImported empty block #349 / 0 tx / 0 pending / 0 (0.0%) gas / (0xd0bd0fb7c254c263b896649ac292adeaa6c82d56c8d806f174190d6f691809d1)
[m[2m2026-05-31 05:34:05.022-0400[m[2m | [m[2mBftProcessorExecutor-QBFT-0[m[2m | [m[32mINFO [m[2m | [m[2mQbftBesuControllerBuilder[m[2m | [m[32mProduced empty block #350 / 0 tx / 0 pending / 0 (0.0%) gas / (0x54d1768da2366369af3ed15ae9eb396ab8e8bc0cc2e267722fb4157adfae1565)
[m[2m2026-05-31 05:34:07.024-0400[m[2m | [m[2mBftProcessorExecutor-QBFT-0[m[2m | [m[32mINFO [m[2m | [m[2mQbftBesuControllerBuilder[m[2m | [m[32mImported empty block #351 / 0 tx / 0 pending / 0 (0.0%) gas / (0xa0e55b13eedafc61e734e4aee0952d57068042d75bcc1573cd12760eee2d0d71)
[m[2m2026-05-31 05:34:09.029-0400[m[2m | [m[2mBftProcessorExecutor-QBFT-0[m[2m | [m[32mINFO [m[2m | [m[2mQbftBesuControllerBuilder[m[2m | [m[32mImported empty block #352 / 0 tx / 0 pending / 0 (0.0%) gas / (0x0d0db0735ccc72eb9d92d3346b29da505023dddcb4b3b295c1c1b527e4e09005)
[m[2m2026-05-31 05:34:11.038-0400[m[2m | [m[2mBftProcessorExecutor-QBFT-0[m[2m | [m[32mINFO [m[2m | [m[2mQbftBesuControllerBuilder[m[2m | [m[32mImported empty block #353 / 0 tx / 0 pending / 0 (0.0%) gas / (0xf7d4dc8401c205bf4698dc06074caa75f45396c3f6bb02bd283ebdeef2b766ae)
[m[2m2026-05-31 05:34:13.051-0400[m[2m | [m[2mBftProcessorExecutor-QBFT-0[m[2m | [m[32mINFO [m[2m | [m[2mQbftBesuControllerBuilder[m[2m | [m[32mProduced empty block #354 / 0 tx / 0 pending / 0 (0.0%) gas / (0xdd4e75b108853eebe085b23e6e2dd6cb96dc0b21091a29413a07737e7acc6d57)
[m[2m2026-05-31 05:34:13.060-0400[m[2m | [m[2mEthScheduler-Workers-46[m[2m | [m[32mINFO [m[2m | [m[2mPersistBlockTask[m[2m | [m[32mBlock 354 (0xdd4e75b108853eebe085b23e6e2dd6cb96dc0b21091a29413a07737e7acc6d57) is already imported
[m[2m2026-05-31 05:34:15.040-0400[m[2m | [m[2mBftProcessorExecutor-QBFT-0[m[2m | [m[32mINFO [m[2m | [m[2mQbftBesuControllerBuilder[m[2m | [m[32mImported empty block #355 / 0 tx / 0 pending / 0 (0.0%) gas / (0x5132c7d08b857738e5d062839df53bfefd8279241366193b9a850d570a25a672)
[m[2m2026-05-31 05:34:17.026-0400[m[2m | [m[2mBftProcessorExecutor-QBFT-0[m[2m | [m[32mINFO [m[2m | [m[2mQbftBesuControllerBuilder[m[2m | [m[32mImported empty block #356 / 0 tx / 0 pending / 0 (0.0%) gas / (0xe8c9d56ec57db9908504cc13d3d536192f4b238e7e2064e45282b4c6f8c53e1a)
[m[2m2026-05-31 05:34:19.011-0400[m[2m | [m[2mBftProcessorExecutor-QBFT-0[m[2m | [m[32mINFO [m[2m | [m[2mQbftBesuControllerBuilder[m[2m | [m[32mImported empty block #357 / 0 tx / 0 pending / 0 (0.0%) gas / (0x411bb1b1a2807158ccb47c55e6592d2eb5a1dfa46875a130eb7d3fa301333e20)
[m