[2m2026-05-31 16:07:26.779-0400[m[2m | [m[2mmain[m[2m | [m[32mINFO [m[2m | [m[2mBesu[m[2m | [m[32mStarting Besu
[m[2m2026-05-31 16:07:27.385-0400[m[2m | [m[2mmain[m[2m | [m[33mWARN [m[2m | [m[2mBesu[m[2m | [m[33m--sync-min-peers is ignored in FULL sync-mode
[m[2m2026-05-31 16:07:28.214-0400[m[2m | [m[2mmain[m[2m | [m[32mINFO [m[2m | [m[2mBesu[m[2m | [m[32mRPC HTTP JSON-RPC config: JsonRpcConfiguration{enabled=true, port=8545, host=127.0.0.1, corsAllowedDomains=[*], hostsAllowlist=[*], rpcApis=[ADMIN, ETH, NET, QBFT, PERM, TXPOOL], authenticationEnabled=false, authenticationCredentialsFile=null, authenticationPublicKeyFile=null, tlsConfiguration=Optional.empty, httpTimeoutSec=30, maxActiveConnections=300, maxBatchSize=1024}
[m[2m2026-05-31 16:07:28.228-0400[m[2m | [m[2mmain[m[2m | [m[32mINFO [m[2m | [m[2mBesu[m[2m | [m[32mConnecting to 0 static nodes.
[m[2m2026-05-31 16:07:28.240-0400[m[2m | [m[2mmain[m[2m | [m[33mWARN [m[2m | [m[2mBesu[m[2m | [m[33mForcing price bump for transaction replacement to 0, since min-gas-price is set to 0
[m[2m2026-05-31 16:07:28.240-0400[m[2m | [m[2mmain[m[2m | [m[33mWARN [m[2m | [m[2mBesu[m[2m | [m[33mForcing tx-pool-min-gas-price=0, since it cannot be greater than the value of min-gas-price
[m[2m2026-05-31 16:07:28.286-0400[m[2m | [m[2mmain[m[2m | [m[32mINFO [m[2m | [m[2mBesu[m[2m | [m[32m
####################################################################################################
#                                                                                                  #
# Besu version 26.5.0                                                                              #
#                                                                                                  #
# Configuration:                                                                                   #
# Network: Custom genesis file                                                                     #
# /Users/jakekantor/Projects/personal/QBFT-Network/Node-1/../genesis.json                          #
# Network Id: 1337                                                                                 #
# Profile: ENTERPRISE                                                                              #
# Data storage: Forest                                                                             #
# Sync mode: Full                                                                                  #
# Sync min peers: 1                                                                                #
# RPC HTTP APIs: ADMIN,ETH,NET,QBFT,PERM,TXPOOL                                                    #
# RPC HTTP port: 8545                                                                              #
# Using SEQUENCED transaction pool implementation                                                  #
# Using STACKED worldstate update mode                                                             #
# Opcode optimizations enabled                                                                     #
# Parallel transaction processing enabled                                                          #
# BAL pruning enabled (retained BALs: 113056)                                                      #
# Target Gas Limit: 60M                                                                            #
#                                                                                                  #
# Host:                                                                                            #
# Java: openjdk-java-21                                                                            #
# Maximum heap size: 4.00 GB                                                                       #
# OS: osx-aarch_64                                                                                 #
# Total memory: 16.00 GB                                                                           #
# CPU cores: 8                                                                                     #
#                                                                                                  #
# Plugin Registration Summary:                                                                     #
# No plugins have been registered.                                                                 #
# TOTAL = 0 of 0 plugins successfully registered.                                                  #
#                                                                                                  #
####################################################################################################
[m[2m2026-05-31 16:07:28.286-0400[m[2m | [m[2mmain[m[2m | [m[32mINFO [m[2m | [m[2mBesu[m[2m | [m[32mSecurity Module: localfile
[m[2m2026-05-31 16:07:28.287-0400[m[2m | [m[2mmain[m[2m | [m[32mINFO [m[2m | [m[2mVersionMetadata[m[2m | [m[32mLookup version metadata file in data directory: /Users/jakekantor/Projects/personal/QBFT-Network/Node-1/data
[m[2m2026-05-31 16:07:28.341-0400[m[2m | [m[2mmain[m[2m | [m[32mINFO [m[2m | [m[2mVersionMetadata[m[2m | [m[32mExisting version data detected. Besu version 26.5.0
[m[2m2026-05-31 16:07:28.569-0400[m[2m | [m[2mmain[m[2m | [m[32mINFO [m[2m | [m[2mBesu[m[2m | [m[32mUsing the native implementation of alt bn128
[m[2m2026-05-31 16:07:28.569-0400[m[2m | [m[2mmain[m[2m | [m[32mINFO [m[2m | [m[2mBesu[m[2m | [m[32mUsing the Java implementation of modexp
[m[2m2026-05-31 16:07:28.577-0400[m[2m | [m[2mmain[m[2m | [m[32mINFO [m[2m | [m[2mBesu[m[2m | [m[32mUsing the native implementation of the signature algorithm
[m[2m2026-05-31 16:07:28.584-0400[m[2m | [m[2mmain[m[2m | [m[32mINFO [m[2m | [m[2mBesu[m[2m | [m[32mUsing the Java implementation of the blake2bf algorithm
[m[2m2026-05-31 16:07:29.064-0400[m[2m | [m[2mmain[m[2m | [m[32mINFO [m[2m | [m[2mBesu[m[2m | [m[32mUsing the native BoringSSL implementation of p256verify
[m[2m2026-05-31 16:07:29.148-0400[m[2m | [m[2mmain[m[2m | [m[33mWARN [m[2m | [m[2mBesu[m[2m | [m[33mForcing price bump for transaction replacement to 0, since min-gas-price is set to 0
[m[2m2026-05-31 16:07:29.148-0400[m[2m | [m[2mmain[m[2m | [m[33mWARN [m[2m | [m[2mBesu[m[2m | [m[33mForcing tx-pool-min-gas-price=0, since it cannot be greater than the value of min-gas-price
[m[2m2026-05-31 16:07:29.149-0400[m[2m | [m[2mmain[m[2m | [m[32mINFO [m[2m | [m[2mKeyPairUtil[m[2m | [m[32mAttempting to load public key from /Users/jakekantor/Projects/personal/QBFT-Network/Node-1/data/key
[m[2m2026-05-31 16:07:29.163-0400[m[2m | [m[2mmain[m[2m | [m[32mINFO [m[2m | [m[2mKeyPairUtil[m[2m | [m[32mLoaded public key 0xe70893dc45c35288a56f933813fa1839e9af8f2f91f38f010d9c33f459db35eca85b3cf1a37924e033bee63c49de38f1cd54d91f97fe5e681aae34a863c7a7a3 from /Users/jakekantor/Projects/personal/QBFT-Network/Node-1/data/key
[m[2m2026-05-31 16:07:29.218-0400[m[2m | [m[2mmain[m[2m | [m[32mINFO [m[2m | [m[2mProtocolScheduleBuilder[m[2m | [m[32mProtocol schedule created with milestones: [Berlin:0]
[m[2m2026-05-31 16:07:29.220-0400[m[2m | [m[2mmain[m[2m | [m[32mINFO [m[2m | [m[2mDatabaseMetadata[m[2m | [m[32mLookup database metadata file in data directory: /Users/jakekantor/Projects/personal/QBFT-Network/Node-1/data
[m[2m2026-05-31 16:07:29.235-0400[m[2m | [m[2mmain[m[2m | [m[32mINFO [m[2m | [m[2mRocksDBKeyValueStorageFactory[m[2m | [m[32mExisting database at /Users/jakekantor/Projects/personal/QBFT-Network/Node-1/data. Metadata versionedStorageFormat=BaseVersionedStorageFormat{format=FOREST, version=3}. Processing WAL...
[m[2m2026-05-31 16:07:29.925-0400[m[2m | [m[2mmain[m[2m | [m[32mINFO [m[2m | [m[2mBesuControllerBuilder[m[2m | [m[32mAdding ChainDataPruner to observe block added events
[m[2m2026-05-31 16:07:29.926-0400[m[2m | [m[2mmain[m[2m | [m[32mINFO [m[2m | [m[2mBesuControllerBuilder[m[2m | [m[32mBAL pruning enabled | BALs retained: 113056 | Frequency: 256
[m[2m2026-05-31 16:07:29.941-0400[m[2m | [m[2mmain[m[2m | [m[32mINFO [m[2m | [m[2mTransactionPoolFactory[m[2m | [m[32mEnabling transaction pool
[m[2m2026-05-31 16:07:29.947-0400[m[2m | [m[2mmain[m[2m | [m[32mINFO [m[2m | [m[2mBesuControllerBuilder[m[2m | [m[32mQBFT is configured, creating initial sync for BFT
[m[2m2026-05-31 16:07:29.947-0400[m[2m | [m[2mmain[m[2m | [m[32mINFO [m[2m | [m[2mBFTPivotSelectorFromPeers[m[2m | [m[32mCreating pivot block selector for BFT node
[m[2m2026-05-31 16:07:29.965-0400[m[2m | [m[2mmain[m[2m | [m[32mINFO [m[2m | [m[2mRunnerBuilder[m[2m | [m[32mResolved 0 bootnodes.
[m[2m2026-05-31 16:07:29.970-0400[m[2m | [m[2mmain[m[2m | [m[32mINFO [m[2m | [m[2mRunnerBuilder[m[2m | [m[32mDetecting NAT service.
[m[2m2026-05-31 16:07:30.040-0400[m[2m | [m[2mmain[m[2m | [m[32mINFO [m[2m | [m[2mRunner[m[2m | [m[32mStarting external services ... 
[m[2m2026-05-31 16:07:30.040-0400[m[2m | [m[2mmain[m[2m | [m[32mINFO [m[2m | [m[2mJsonRpcHttpService[m[2m | [m[32mStarting JSON-RPC service on 127.0.0.1:8545
[m[2m2026-05-31 16:07:30.105-0400[m[2m | [m[2mvert.x-eventloop-thread-1[m[2m | [m[32mINFO [m[2m | [m[2mJsonRpcHttpService[m[2m | [m[32mJSON-RPC service started and listening on 127.0.0.1:8545
[m[2m2026-05-31 16:07:30.107-0400[m[2m | [m[2mmain[m[2m | [m[32mINFO [m[2m | [m[2mAutoTransactionLogBloomCachingService[m[2m | [m[32mStarting auto transaction log bloom caching service.
[m[2m2026-05-31 16:07:30.107-0400[m[2m | [m[2mmain[m[2m | [m[32mINFO [m[2m | [m[2mLogBloomCacheMetadata[m[2m | [m[32mLookup cache metadata file in data directory: /Users/jakekantor/Projects/personal/QBFT-Network/Node-1/data/caches
[m[2m2026-05-31 16:07:30.112-0400[m[2m | [m[2mmain[m[2m | [m[32mINFO [m[2m | [m[2mRunner[m[2m | [m[32mStarting Ethereum main loop ... 
[m[2m2026-05-31 16:07:30.112-0400[m[2m | [m[2mmain[m[2m | [m[32mINFO [m[2m | [m[2mNatService[m[2m | [m[32mNo NAT environment detected so no service could be started
[m[2m2026-05-31 16:07:30.112-0400[m[2m | [m[2mmain[m[2m | [m[32mINFO [m[2m | [m[2mNetworkRunner[m[2m | [m[32mStarting Network.
[m[2m2026-05-31 16:07:30.118-0400[m[2m | [m[2mnioEventLoopGroup-2-1[m[2m | [m[32mINFO [m[2m | [m[2mRlpxAgent[m[2m | [m[32mP2P RLPx agent started and listening on /[0:0:0:0:0:0:0:0]:30303.
[m[2m2026-05-31 16:07:30.119-0400[m[2m | [m[2mmain[m[2m | [m[32mINFO [m[2m | [m[2mPeerDiscoveryAgentV4[m[2m | [m[32mStarting peer discovery agent on host=0.0.0.0, port=30303. IPv6 available.
[m[2m2026-05-31 16:07:30.154-0400[m[2m | [m[2mvert.x-eventloop-thread-1[m[2m | [m[32mINFO [m[2m | [m[2mVertxPeerDiscoveryAgent[m[2m | [m[32mStarted peer discovery agent successfully, on effective host=0:0:0:0:0:0:0:0 and port=30303
[m[2m2026-05-31 16:07:30.171-0400[m[2m | [m[2mvert.x-eventloop-thread-1[m[2m | [m[32mINFO [m[2m | [m[2mNodeRecordManager[m[2m | [m[32mWriting node record to disk. NodeRecord{seq=2, publicKey=0x03e70893dc45c35288a56f933813fa1839e9af8f2f91f38f010d9c33f459db35ec, udpAddress=Optional[/127.0.0.1:30303], tcpAddress=Optional[/127.0.0.1:30303], quicAddress=Optional.empty, udp6Address=Optional.empty, tcp6Address=Optional.empty, quic6Address=Optional.empty, asBase64=-Je4QHvCdYG-Wq8BNFD3YwAp1rQAbT3EM1WdvW_kGPgbm7tlC0r_IhpqLoEX1zlrm03SvXUVSSLguSSegajIN8pE5Q0Cg2V0aMfGhKrqcLWAgmlkgnY0gmlwhH8AAAGJc2VjcDI1NmsxoQPnCJPcRcNSiKVvkzgT-hg56a-PL5HzjwENnDP0Wds17IN0Y3CCdl-DdWRwgnZf, nodeId=0x311ca0fea1fa67dfaa03a8a12a80753212a471468ce69e812b8d9d1a18472922, customFields={tcp=30303, udp=30303, eth=[[0xaaea70b5, 0x]], id=V4, ip=0x7f000001, secp256k1=0x03e70893dc45c35288a56f933813fa1839e9af8f2f91f38f010d9c33f459db35ec}}
[m[2m2026-05-31 16:07:30.177-0400[m[2m | [m[2mvert.x-eventloop-thread-1[m[2m | [m[32mINFO [m[2m | [m[2mPeerDiscoveryAgentV4[m[2m | [m[32mP2P peer discovery agent started and listening on /[0:0:0:0:0:0:0:0]:30303
[m[2m2026-05-31 16:07:30.177-0400[m[2m | [m[2mmain[m[2m | [m[32mINFO [m[2m | [m[2mDefaultP2PNetwork[m[2m | [m[32mEnode URL enode://e70893dc45c35288a56f933813fa1839e9af8f2f91f38f010d9c33f459db35eca85b3cf1a37924e033bee63c49de38f1cd54d91f97fe5e681aae34a863c7a7a3@127.0.0.1:30303
[m[2m2026-05-31 16:07:30.178-0400[m[2m | [m[2mmain[m[2m | [m[32mINFO [m[2m | [m[2mDefaultP2PNetwork[m[2m | [m[32mENR URL enr:-Je4QHvCdYG-Wq8BNFD3YwAp1rQAbT3EM1WdvW_kGPgbm7tlC0r_IhpqLoEX1zlrm03SvXUVSSLguSSegajIN8pE5Q0Cg2V0aMfGhKrqcLWAgmlkgnY0gmlwhH8AAAGJc2VjcDI1NmsxoQPnCJPcRcNSiKVvkzgT-hg56a-PL5HzjwENnDP0Wds17IN0Y3CCdl-DdWRwgnZf
[m[2m2026-05-31 16:07:30.178-0400[m[2m | [m[2mmain[m[2m | [m[32mINFO [m[2m | [m[2mDefaultP2PNetwork[m[2m | [m[32mNode address 0x2a80753212a471468ce69e812b8d9d1a18472922
[m[2m2026-05-31 16:07:30.181-0400[m[2m | [m[2mmain[m[2m | [m[32mINFO [m[2m | [m[2mNetworkRunner[m[2m | [m[32mSupported capabilities: [eth/68, eth/69, eth/70, eth/71], [istanbul/100], [snap/1]
[m[2m2026-05-31 16:07:30.181-0400[m[2m | [m[2mmain[m[2m | [m[32mINFO [m[2m | [m[2mDefaultSynchronizer[m[2m | [m[32mStarting synchronizer.
[m[2m2026-05-31 16:07:30.182-0400[m[2m | [m[2mmain[m[2m | [m[32mINFO [m[2m | [m[2mTransactionPoolFactory[m[2m | [m[32mEnabling transaction handling following initial sync
[m[2m2026-05-31 16:07:30.184-0400[m[2m | [m[2mmain[m[2m | [m[32mINFO [m[2m | [m[2mBftMiningCoordinator[m[2m | [m[32mStarting BFT mining coordinator following initial sync
[m[2m2026-05-31 16:07:30.194-0400[m[2m | [m[2mmain[m[2m | [m[32mINFO [m[2m | [m[2mFullSyncDownloader[m[2m | [m[32mStarting full sync.
[m[2m2026-05-31 16:07:30.195-0400[m[2m | [m[2mmain[m[2m | [m[32mINFO [m[2m | [m[2mFullSyncTargetManager[m[2m | [m[32mUnable to find sync target. Waiting for 1 peers minimum. Currently checking 0 peers for usefulness
[m[2m2026-05-31 16:07:30.196-0400[m[2m | [m[2mmain[m[2m | [m[32mINFO [m[2m | [m[2mRunner[m[2m | [m[32mEthereum main loop is up.
[m[2m2026-05-31 16:07:41.478-0400[m[2m | [m[2mBftProcessorExecutor-QBFT-0[m[2m | [m[32mINFO [m[2m | [m[2mQbftRound[m[2m | [m[32mImporting proposed block to chain. round=ConsensusRoundIdentifier{Sequence=81, Round=1}, hash=0xe89fd45f85b2820f45d5399eb2e8f403723b5237a0d126eb4b974fc01cfd5057
[m[2m2026-05-31 16:07:41.492-0400[m[2m | [m[2mBftProcessorExecutor-QBFT-0[m[2m | [m[32mINFO [m[2m | [m[2mQbftBesuControllerBuilder[m[2m | [m[32mImported empty block #81 / 0 tx / 0 pending / 0 (0.0%) gas / (0xe89fd45f85b2820f45d5399eb2e8f403723b5237a0d126eb4b974fc01cfd5057)
[m[2m2026-05-31 16:07:43.055-0400[m[2m | [m[2mBftProcessorExecutor-QBFT-0[m[2m | [m[32mINFO [m[2m | [m[2mQbftBesuControllerBuilder[m[2m | [m[32mImported empty block #82 / 0 tx / 0 pending / 0 (0.0%) gas / (0x072a1339f1ce386ef573ba96204e9a8128c6878f91c359ea7f323fec6c175861)
[m[2m2026-05-31 16:07:45.045-0400[m[2m | [m[2mBftProcessorExecutor-QBFT-0[m[2m | [m[32mINFO [m[2m | [m[2mQbftBesuControllerBuilder[m[2m | [m[32mProduced empty block #83 / 0 tx / 0 pending / 0 (0.0%) gas / (0xa8da11014eeb648e4a58e150799c349ed4060d1580fc8e76dab7cd0383100219)
[m[2m2026-05-31 16:07:47.033-0400[m[2m | [m[2mBftProcessorExecutor-QBFT-0[m[2m | [m[32mINFO [m[2m | [m[2mQbftBesuControllerBuilder[m[2m | [m[32mImported empty block #84 / 0 tx / 0 pending / 0 (0.0%) gas / (0xcd84394b3c37eb8c46f20e6905c9562d0ee13856873c9c0c8ef3bcfa7d42c88a)
[m[2m2026-05-31 16:07:49.027-0400[m[2m | [m[2mBftProcessorExecutor-QBFT-0[m[2m | [m[32mINFO [m[2m | [m[2mQbftBesuControllerBuilder[m[2m | [m[32mImported empty block #85 / 0 tx / 0 pending / 0 (0.0%) gas / (0x705c650451f1a601b586c5026794378eb665394b749dc4032ebd534cfd3ebce7)
[m[2m2026-05-31 16:07:51.033-0400[m[2m | [m[2mBftProcessorExecutor-QBFT-0[m[2m | [m[32mINFO [m[2m | [m[2mQbftBesuControllerBuilder[m[2m | [m[32mImported empty block #86 / 0 tx / 0 pending / 0 (0.0%) gas / (0x9b891673ce8647d3e5b981927810631ed8f35fa99dfa49731e8eaf3de3005717)
[m[2m2026-05-31 16:07:53.043-0400[m[2m | [m[2mBftProcessorExecutor-QBFT-0[m[2m | [m[32mINFO [m[2m | [m[2mQbftBesuControllerBuilder[m[2m | [m[32mProduced empty block #87 / 0 tx / 0 pending / 0 (0.0%) gas / (0xaea8ceaf1d39277c9b871eb9fba3e651d5333ba2285f7143d63891ab5ccba70a)
[m[2m2026-05-31 16:07:55.035-0400[m[2m | [m[2mBftProcessorExecutor-QBFT-0[m[2m | [m[32mINFO [m[2m | [m[2mQbftBesuControllerBuilder[m[2m | [m[32mImported empty block #88 / 0 tx / 0 pending / 0 (0.0%) gas / (0x4e4490e69584a5c4c36cceddb2f4cea245d66600e5397e48e3efad6d3c48d2f8)
[m[2m2026-05-31 16:07:57.026-0400[m[2m | [m[2mBftProcessorExecutor-QBFT-0[m[2m | [m[32mINFO [m[2m | [m[2mQbftBesuControllerBuilder[m[2m | [m[32mImported empty block #89 / 0 tx / 0 pending / 0 (0.0%) gas / (0x45ea7ecb50733c1fecb57b6f4463feae092cc791916e1e638c4eec0febbff162)
[m[2m2026-05-31 16:07:59.042-0400[m[2m | [m[2mBftProcessorExecutor-QBFT-0[m[2m | [m[32mINFO [m[2m | [m[2mQbftBesuControllerBuilder[m[2m | [m[32mImported empty block #90 / 0 tx / 0 pending / 0 (0.0%) gas / (0xa0748a355a06eebde27fbd021f61257e9d661661146250552acc8da172818166)
[m[2m2026-05-31 16:08:01.031-0400[m[2m | [m[2mBftProcessorExecutor-QBFT-0[m[2m | [m[32mINFO [m[2m | [m[2mQbftBesuControllerBuilder[m[2m | [m[32mProduced empty block #91 / 0 tx / 0 pending / 0 (0.0%) gas / (0x25cdeddf20c538de2ff7643988ac55f4beed7aafa523f80770cb407e3cfdc27a)
[m[2m2026-05-31 16:08:03.037-0400[m[2m | [m[2mBftProcessorExecutor-QBFT-0[m[2m | [m[32mINFO [m[2m | [m[2mQbftBesuControllerBuilder[m[2m | [m[32mImported empty block #92 / 0 tx / 0 pending / 0 (0.0%) gas / (0x8bc3da5c31a47db96725ba4f444eda13c4d3d6442f7b3780c841268b27afe1c8)
[m[2m2026-05-31 16:08:05.020-0400[m[2m | [m[2mBftProcessorExecutor-QBFT-0[m[2m | [m[32mINFO [m[2m | [m[2mQbftBesuControllerBuilder[m[2m | [m[32mImported empty block #93 / 0 tx / 0 pending / 0 (0.0%) gas / (0x6b9aaabb69ae1ae24d60564e85c1b2f7cca3f42db911b32770ea6a8bad473e7a)
[m[2m2026-05-31 16:08:19.011-0400[m[2m | [m[2mBftProcessorExecutor-QBFT-0[m[2m | [m[32mINFO [m[2m | [m[2mRoundTimer[m[2m | [m[32mMoved to round 2 which will expire in 16 seconds
[m[2m2026-05-31 16:08:30.237-0400[m[2m | [m[2mEthScheduler-Services-1[m[2m | [m[32mINFO [m[2m | [m[2mBftMiningCoordinator[m[2m | [m[32mStopping BFT mining coordinator while we are syncing
[m[2m2026-05-31 16:08:30.613-0400[m[2m | [m[2mBftProcessorExecutor-QBFT-0[m[2m | [m[32mINFO [m[2m | [m[2mBftProcessor[m[2m | [m[32mShutting down BFT event processor
[m[2m2026-05-31 16:08:30.613-0400[m[2m | [m[2mEthScheduler-Services-1[m[2m | [m[32mINFO [m[2m | [m[2mTransactionPoolFactory[m[2m | [m[32mNode out of sync, disabling transaction handling
[m[2m2026-05-31 16:08:30.626-0400[m[2m | [m[2mEthScheduler-Services-6 (importBlock)[m[2m | [m[32mINFO [m[2m | [m[2mTransactionPoolFactory[m[2m | [m[32mNode is in sync, enabling transaction handling
[m[2m2026-05-31 16:08:30.635-0400[m[2m | [m[2mEthScheduler-Services-6 (importBlock)[m[2m | [m[32mINFO [m[2m | [m[2mBftMiningCoordinator[m[2m | [m[32mStarting BFT mining coordinator following sync
[m[2m2026-05-31 16:08:30.649-0400[m[2m | [m[2mBftProcessorExecutor-QBFT-0[m[2m | [m[32mINFO [m[2m | [m[2mQbftBesuControllerBuilder[m[2m | [m[32mProduced empty block #101 / 0 tx / 0 pending / 0 (0.0%) gas / (0x67e0d0bdb4cfa05fe9e362e29c841c459cb556b1a57090437f23abd2f876d31c)
[m[2m2026-05-31 16:08:33.027-0400[m[2m | [m[2mBftProcessorExecutor-QBFT-0[m[2m | [m[32mINFO [m[2m | [m[2mQbftBesuControllerBuilder[m[2m | [m[32mImported empty block #102 / 0 tx / 0 pending / 0 (0.0%) gas / (0x145f3b45e895608f04caceebf60e0b4fd2d012aae321d484afffa5bc5f6c70ce)
[m[2m2026-05-31 16:08:35.028-0400[m[2m | [m[2mBftProcessorExecutor-QBFT-0[m[2m | [m[32mINFO [m[2m | [m[2mQbftBesuControllerBuilder[m[2m | [m[32mImported empty block #103 / 0 tx / 0 pending / 0 (0.0%) gas / (0x75419722f11b90b44ab3a15cddd0d378c8e7592cb82a4cd001435e25ddb92c92)
[m[2m2026-05-31 16:08:37.021-0400[m[2m | [m[2mBftProcessorExecutor-QBFT-0[m[2m | [m[32mINFO [m[2m | [m[2mQbftBesuControllerBuilder[m[2m | [m[32mImported empty block #104 / 0 tx / 0 pending / 0 (0.0%) gas / (0x78ef4481e9b273a2fa70b93f776b8266c0acf42672ad10af17fba4bb78985f5d)
[m[2m2026-05-31 16:08:39.028-0400[m[2m | [m[2mBftProcessorExecutor-QBFT-0[m[2m | [m[32mINFO [m[2m | [m[2mQbftBesuControllerBuilder[m[2m | [m[32mProduced empty block #105 / 0 tx / 0 pending / 0 (0.0%) gas / (0xde6a6660c65a65b229e576a2039eafc6c1ee3559fb64f7131f50b6f1984bf3b4)
[m[2m2026-05-31 16:08:41.029-0400[m[2m | [m[2mBftProcessorExecutor-QBFT-0[m[2m | [m[32mINFO [m[2m | [m[2mQbftBesuControllerBuilder[m[2m | [m[32mImported empty block #106 / 0 tx / 0 pending / 0 (0.0%) gas / (0x5fb3e562ab45e0f47ca2891daca93aa32d7afb7e73f0f9e2dc0a9f3a4e0754af)
[m[2m2026-05-31 16:08:43.032-0400[m[2m | [m[2mBftProcessorExecutor-QBFT-0[m[2m | [m[32mINFO [m[2m | [m[2mQbftBesuControllerBuilder[m[2m | [m[32mImported empty block #107 / 0 tx / 0 pending / 0 (0.0%) gas / (0xc1eb3194a4f0ec2b312e4be6000043953a91a6df1d938d05551d5d5fa183f91c)
[m[2m2026-05-31 16:08:45.027-0400[m[2m | [m[2mBftProcessorExecutor-QBFT-0[m[2m | [m[32mINFO [m[2m | [m[2mQbftBesuControllerBuilder[m[2m | [m[32mImported empty block #108 / 0 tx / 0 pending / 0 (0.0%) gas / (0x61d1560f947e6bebe9919634049e17610abe13e2574d43837931fc4fef55f85b)
[m[2m2026-05-31 16:08:47.031-0400[m[2m | [m[2mBftProcessorExecutor-QBFT-0[m[2m | [m[32mINFO [m[2m | [m[2mQbftBesuControllerBuilder[m[2m | [m[32mProduced empty block #109 / 0 tx / 0 pending / 0 (0.0%) gas / (0xfecbb0780409eb0de83b67f227d772e9525b705e83161f620197e4a9c3deaa0d)
[m[2m2026-05-31 16:08:49.026-0400[m[2m | [m[2mBftProcessorExecutor-QBFT-0[m[2m | [m[32mINFO [m[2m | [m[2mQbftBesuControllerBuilder[m[2m | [m[32mImported empty block #110 / 0 tx / 0 pending / 0 (0.0%) gas / (0x7e4f7565eeb3146646badfbb0358fe8c53303062dd42381a68e26471a33b542c)
[m[2m2026-05-31 16:08:51.024-0400[m[2m | [m[2mBftProcessorExecutor-QBFT-0[m[2m | [m[32mINFO [m[2m | [m[2mQbftBesuControllerBuilder[m[2m | [m[32mImported empty block #111 / 0 tx / 0 pending / 0 (0.0%) gas / (0xdfe7a87915f7e5cfed33e02448f42ae752103d2d7651a7d2747cc814d74df063)
[m[2m2026-05-31 16:08:53.044-0400[m[2m | [m[2mBftProcessorExecutor-QBFT-0[m[2m | [m[32mINFO [m[2m | [m[2mQbftBesuControllerBuilder[m[2m | [m[32mImported empty block #112 / 0 tx / 0 pending / 0 (0.0%) gas / (0x062ebc6def616e2a774a60bc1afa0b09966fcf0d8b64c4c601700c97c4c4ee5e)
[m[2m2026-05-31 16:08:55.043-0400[m[2m | [m[2mBftProcessorExecutor-QBFT-0[m[2m | [m[32mINFO [m[2m | [m[2mQbftBesuControllerBuilder[m[2m | [m[32mProduced empty block #113 / 0 tx / 0 pending / 0 (0.0%) gas / (0x43bafa59f3ec4ae616161d75c0d154d6df2bb739d0a38e693a7af524ee3ace6e)
[m[2m2026-05-31 16:08:57.031-0400[m[2m | [m[2mBftProcessorExecutor-QBFT-0[m[2m | [m[32mINFO [m[2m | [m[2mQbftBesuControllerBuilder[m[2m | [m[32mImported empty block #114 / 0 tx / 0 pending / 0 (0.0%) gas / (0x50b77c53e890c528ad43b4d18875a7986517c70d1a49aec61be19067ff79495b)
[m[2m2026-05-31 16:08:59.038-0400[m[2m | [m[2mBftProcessorExecutor-QBFT-0[m[2m | [m[32mINFO [m[2m | [m[2mQbftBesuControllerBuilder[m[2m | [m[32mImported empty block #115 / 0 tx / 0 pending / 0 (0.0%) gas / (0x363135c0db34cbadf73d619b80e5ab788cd18f27b37c579bf48a53bdcf63b4e3)
[m[2m2026-05-31 16:09:01.037-0400[m[2m | [m[2mBftProcessorExecutor-QBFT-0[m[2m | [m[32mINFO [m[2m | [m[2mQbftBesuControllerBuilder[m[2m | [m[32mImported empty block #116 / 0 tx / 0 pending / 0 (0.0%) gas / (0x15338315cd16cf910fac83a0818ac94308f8b999647aba959163dc2df48220d5)
[m[2m2026-05-31 16:09:01.046-0400[m[2m | [m[2mEthScheduler-Workers-3[m[2m | [m[32mINFO [m[2m | [m[2mPersistBlockTask[m[2m | [m[32mBlock 116 (0x15338315cd16cf910fac83a0818ac94308f8b999647aba959163dc2df48220d5) is already imported
[m[2m2026-05-31 16:09:03.035-0400[m[2m | [m[2mBftProcessorExecutor-QBFT-0[m[2m | [m[32mINFO [m[2m | [m[2mQbftBesuControllerBuilder[m[2m | [m[32mProduced empty block #117 / 0 tx / 0 pending / 0 (0.0%) gas / (0x26ebf32aa03d46e14a8e4162c4a9e763533313fcf8f6020ff988f4077bf22037)
[m[2m2026-05-31 16:09:05.026-0400[m[2m | [m[2mBftProcessorExecutor-QBFT-0[m[2m | [m[32mINFO [m[2m | [m[2mQbftBesuControllerBuilder[m[2m | [m[32mImported empty block #118 / 0 tx / 0 pending / 0 (0.0%) gas / (0x596b7820996f87832c2bdf7e3392ca030741eb626c4050272b986ad0b88133f8)
[m[2m2026-05-31 16:09:07.024-0400[m[2m | [m[2mBftProcessorExecutor-QBFT-0[m[2m | [m[32mINFO [m[2m | [m[2mQbftBesuControllerBuilder[m[2m | [m[32mImported empty block #119 / 0 tx / 0 pending / 0 (0.0%) gas / (0xa1b0f1519ace5487591dddb886ba765cf0b37b96d078a2ca25ce37ec3e9ac1fe)
[m[2m2026-05-31 16:09:07.024-0400[m[2m | [m[2mEthScheduler-Workers-5[m[2m | [m[32mINFO [m[2m | [m[2mPersistBlockTask[m[2m | [m[32mImported empty block #119 / 0 tx / 0 om / 0 (0.0%) gas / (0xa1b0f1519ace5487591dddb886ba765cf0b37b96d078a2ca25ce37ec3e9ac1fe) in 0.000s. Peers: 3
[m[2m2026-05-31 16:09:09.034-0400[m[2m | [m[2mBftProcessorExecutor-QBFT-0[m[2m | [m[32mINFO [m[2m | [m[2mQbftBesuControllerBuilder[m[2m | [m[32mImported empty block #120 / 0 tx / 0 pending / 0 (0.0%) gas / (0x5c1ef9e537f9306afcd41bc8bd1729c9b48518918c4ebb42a3b4a0eb84c76a8b)
[m[2m2026-05-31 16:09:11.034-0400[m[2m | [m[2mBftProcessorExecutor-QBFT-0[m[2m | [m[32mINFO [m[2m | [m[2mQbftBesuControllerBuilder[m[2m | [m[32mProduced empty block #121 / 0 tx / 0 pending / 0 (0.0%) gas / (0x5029fb655c21e11adfd61122274f9334560260044a2dee516da7c722f6c92f91)
[m[2m2026-05-31 16:09:13.039-0400[m[2m | [m[2mBftProcessorExecutor-QBFT-0[m[2m | [m[32mINFO [m[2m | [m[2mQbftBesuControllerBuilder[m[2m | [m[32mImported empty block #122 / 0 tx / 0 pending / 0 (0.0%) gas / (0x4e6aebe3b98f71d76f6c7007ce9d18754070490d1ffda58768965c9991cb4db6)
[m[2m2026-05-31 16:09:15.024-0400[m[2m | [m[2mBftProcessorExecutor-QBFT-0[m[2m | [m[32mINFO [m[2m | [m[2mQbftBesuControllerBuilder[m[2m | [m[32mImported empty block #123 / 0 tx / 0 pending / 0 (0.0%) gas / (0x6cea3b1ed2068b7dd4b560d67a8bd8632a2f3356b5760fa280a91fe1d09e43eb)
[m[2m2026-05-31 16:09:17.022-0400[m[2m | [m[2mBftProcessorExecutor-QBFT-0[m[2m | [m[32mINFO [m[2m | [m[2mQbftBesuControllerBuilder[m[2m | [m[32mImported empty block #124 / 0 tx / 0 pending / 0 (0.0%) gas / (0x2c7f2b40a33833b1c3554667131423edfac51ae5fc345d7f87a6edbd54b081d2)
[m[2m2026-05-31 16:09:19.040-0400[m[2m | [m[2mBftProcessorExecutor-QBFT-0[m[2m | [m[32mINFO [m[2m | [m[2mQbftBesuControllerBuilder[m[2m | [m[32mProduced empty block #125 / 0 tx / 0 pending / 0 (0.0%) gas / (0x5c95c31e679e2b3ef6b9079dd42d83c0479c66fda1e09fbac0fdcc702a82e73f)
[m[2m2026-05-31 16:09:21.048-0400[m[2m | [m[2mBftProcessorExecutor-QBFT-0[m[2m | [m[32mINFO [m[2m | [m[2mQbftBesuControllerBuilder[m[2m | [m[32mImported empty block #126 / 0 tx / 0 pending / 0 (0.0%) gas / (0xd7c74dcdde4b658242b938594a29f4667a4f8654deed9d70c5cb311224b6c472)
[m[2m2026-05-31 16:09:23.033-0400[m[2m | [m[2mBftProcessorExecutor-QBFT-0[m[2m | [m[32mINFO [m[2m | [m[2mQbftBesuControllerBuilder[m[2m | [m[32mImported empty block #127 / 0 tx / 0 pending / 0 (0.0%) gas / (0x09e1e52cda09bb918a36177ab5d78423122c21e3a5a431443df436927f6afbbc)
[m[2m2026-05-31 16:09:25.026-0400[m[2m | [m[2mBftProcessorExecutor-QBFT-0[m[2m | [m[32mINFO [m[2m | [m[2mQbftBesuControllerBuilder[m[2m | [m[32mImported empty block #128 / 0 tx / 0 pending / 0 (0.0%) gas / (0x4b5c4ebb8ebc6904b981d92afcd24ee57d159a61c40ba74b841e738870797624)
[m[2m2026-05-31 16:09:27.045-0400[m[2m | [m[2mBftProcessorExecutor-QBFT-0[m[2m | [m[32mINFO [m[2m | [m[2mQbftBesuControllerBuilder[m[2m | [m[32mProduced empty block #129 / 0 tx / 0 pending / 0 (0.0%) gas / (0x5ae0dd9116ae7a1ee8f5a63f6f4cf81d4bb2c71df430be353c997d11b79d959c)
[m[2m2026-05-31 16:09:29.034-0400[m[2m | [m[2mBftProcessorExecutor-QBFT-0[m[2m | [m[32mINFO [m[2m | [m[2mQbftBesuControllerBuilder[m[2m | [m[32mImported empty block #130 / 0 tx / 0 pending / 0 (0.0%) gas / (0xf705e336bf0a5c0efcb8900ef969fd0281b4f3794bfcab0310ee8014c127c12d)
[m[2m2026-05-31 16:09:31.046-0400[m[2m | [m[2mBftProcessorExecutor-QBFT-0[m[2m | [m[32mINFO [m[2m | [m[2mQbftBesuControllerBuilder[m[2m | [m[32mImported empty block #131 / 0 tx / 0 pending / 0 (0.0%) gas / (0x4319eb57c4fd28caf60fef4789503eda875bfdd7e06013724ef40f1d2a15323d)
[m[2m2026-05-31 16:09:33.040-0400[m[2m | [m[2mBftProcessorExecutor-QBFT-0[m[2m | [m[32mINFO [m[2m | [m[2mQbftBesuControllerBuilder[m[2m | [m[32mImported empty block #132 / 0 tx / 0 pending / 0 (0.0%) gas / (0x3d53682fc0f59b551c097c9373d2a7c5d272588435decf4e841379d4ab6760a5)
[m[2m2026-05-31 16:09:35.032-0400[m[2m | [m[2mBftProcessorExecutor-QBFT-0[m[2m | [m[32mINFO [m[2m | [m[2mQbftBesuControllerBuilder[m[2m | [m[32mProduced empty block #133 / 0 tx / 0 pending / 0 (0.0%) gas / (0xfd2bbdb44a2960ca863b8f49588b5d727068cf5e31b6da2f7a6a3253c08a393e)
[m[2m2026-05-31 16:09:37.033-0400[m[2m | [m[2mBftProcessorExecutor-QBFT-0[m[2m | [m[32mINFO [m[2m | [m[2mQbftBesuControllerBuilder[m[2m | [m[32mImported empty block #134 / 0 tx / 0 pending / 0 (0.0%) gas / (0xac9ddea1b0149567c4844dc5b7ca87d6a4b58eb9abdf5198d56bdc2bc857eb3e)
[m[2m2026-05-31 16:09:39.030-0400[m[2m | [m[2mBftProcessorExecutor-QBFT-0[m[2m | [m[32mINFO [m[2m | [m[2mQbftBesuControllerBuilder[m[2m | [m[32mImported empty block #135 / 0 tx / 0 pending / 0 (0.0%) gas / (0xbd5f5dca001fb70330cc4d20b786dbd0eb8f92b6d7644df653352c68a7786931)
[m[2m2026-05-31 16:09:39.030-0400[m[2m | [m[2mEthScheduler-Workers-7[m[2m | [m[32mINFO [m[2m | [m[2mPersistBlockTask[m[2m | [m[32mBlock 135 (0xbd5f5dca001fb70330cc4d20b786dbd0eb8f92b6d7644df653352c68a7786931) is already imported
[m[2m2026-05-31 16:09:41.029-0400[m[2m | [m[2mBftProcessorExecutor-QBFT-0[m[2m | [m[32mINFO [m[2m | [m[2mQbftBesuControllerBuilder[m[2m | [m[32mImported empty block #136 / 0 tx / 0 pending / 0 (0.0%) gas / (0xc2b25690de99376298da48b5ef4613c6f9f67563ca9ffeb0a40528162a6dbc4d)
[m[2m2026-05-31 16:09:43.039-0400[m[2m | [m[2mBftProcessorExecutor-QBFT-0[m[2m | [m[32mINFO [m[2m | [m[2mQbftBesuControllerBuilder[m[2m | [m[32mProduced empty block #137 / 0 tx / 0 pending / 0 (0.0%) gas / (0x2f89a0dcd8a9141af96d7e7006eefe15103767e1befce2853490e9126a304e1a)
[m[2m2026-05-31 16:09:45.039-0400[m[2m | [m[2mBftProcessorExecutor-QBFT-0[m[2m | [m[32mINFO [m[2m | [m[2mQbftBesuControllerBuilder[m[2m | [m[32mImported empty block #138 / 0 tx / 0 pending / 0 (0.0%) gas / (0x4fba647665282361abf9047ca566693fe42a42c54cf881b0f37f0b27b463a718)
[m[2m2026-05-31 16:09:47.037-0400[m[2m | [m[2mBftProcessorExecutor-QBFT-0[m[2m | [m[32mINFO [m[2m | [m[2mQbftBesuControllerBuilder[m[2m | [m[32mImported empty block #139 / 0 tx / 0 pending / 0 (0.0%) gas / (0xac981e5c26dc6a722acddbabe5421bbd45279d9496b1fa3973cde3eb1d2391e2)
[m[2m2026-05-31 16:09:49.046-0400[m[2m | [m[2mBftProcessorExecutor-QBFT-0[m[2m | [m[32mINFO [m[2m | [m[2mQbftBesuControllerBuilder[m[2m | [m[32mImported empty block #140 / 0 tx / 0 pending / 0 (0.0%) gas / (0xd6a084313f6a65126bcd826f0d2ca02578c0ed617be0e9e812d25e6b5e8adb3e)
[m[2m2026-05-31 16:09:49.047-0400[m[2m | [m[2mEthScheduler-Workers-9[m[2m | [m[32mINFO [m[2m | [m[2mPersistBlockTask[m[2m | [m[32mBlock 140 (0xd6a084313f6a65126bcd826f0d2ca02578c0ed617be0e9e812d25e6b5e8adb3e) is already imported
[m[2m2026-05-31 16:09:51.023-0400[m[2m | [m[2mBftProcessorExecutor-QBFT-0[m[2m | [m[32mINFO [m[2m | [m[2mQbftBesuControllerBuilder[m[2m | [m[32mProduced empty block #141 / 0 tx / 0 pending / 0 (0.0%) gas / (0x452413cd190f778535330d0f736cc964368b537a88d87daef301e4314fe49329)
[m[2m2026-05-31 16:09:53.012-0400[m[2m | [m[2mBftProcessorExecutor-QBFT-0[m[2m | [m[32mINFO [m[2m | [m[2mQbftBesuControllerBuilder[m[2m | [m[32mImported empty block #142 / 0 tx / 0 pending / 0 (0.0%) gas / (0x7a0eb94f0b583623af8c4f55923b7ad62a9df437a75dd5d97afa666c87b1e854)
[m[2m2026-05-31 16:09:55.024-0400[m[2m | [m[2mBftProcessorExecutor-QBFT-0[m[2m | [m[32mINFO [m[2m | [m[2mQbftBesuControllerBuilder[m[2m | [m[32mImported empty block #143 / 0 tx / 0 pending / 0 (0.0%) gas / (0xdd3ca1a8a660fa8b7e98b82c8f295653412f00509a655d2edfa6eaba68af9dbe)
[m[2m2026-05-31 16:09:57.016-0400[m[2m | [m[2mBftProcessorExecutor-QBFT-0[m[2m | [m[32mINFO [m[2m | [m[2mQbftBesuControllerBuilder[m[2m | [m[32mImported empty block #144 / 0 tx / 0 pending / 0 (0.0%) gas / (0x8f0f38d508bf9fbc565b6f06b9da9507f647a21f04f7d44d86b42d9c77934e50)
[m[2m2026-05-31 16:09:59.013-0400[m[2m | [m[2mBftProcessorExecutor-QBFT-0[m[2m | [m[32mINFO [m[2m | [m[2mQbftBesuControllerBuilder[m[2m | [m[32mProduced empty block #145 / 0 tx / 0 pending / 0 (0.0%) gas / (0x7d3cb54cfff9011ae83fc639537558f00d05612ca548a8495374d04b86053b82)
[m[2m2026-05-31 16:10:01.030-0400[m[2m | [m[2mBftProcessorExecutor-QBFT-0[m[2m | [m[32mINFO [m[2m | [m[2mQbftBesuControllerBuilder[m[2m | [m[32mImported empty block #146 / 0 tx / 0 pending / 0 (0.0%) gas / (0x2644730549ff51663628d33c9a14c77b5956228719946b8e47b9acd7694c36f6)
[m[2m2026-05-31 16:10:03.022-0400[m[2m | [m[2mBftProcessorExecutor-QBFT-0[m[2m | [m[32mINFO [m[2m | [m[2mQbftBesuControllerBuilder[m[2m | [m[32mImported empty block #147 / 0 tx / 0 pending / 0 (0.0%) gas / (0xb393ed02aadd40583d04880183534ade98e593096c125932f68d7f357478a8ac)
[m[2m2026-05-31 16:10:05.028-0400[m[2m | [m[2mBftProcessorExecutor-QBFT-0[m[2m | [m[32mINFO [m[2m | [m[2mQbftBesuControllerBuilder[m[2m | [m[32mImported empty block #148 / 0 tx / 0 pending / 0 (0.0%) gas / (0xb35df17645ea3dec8f25c6421033e0e6eed94cbaa9cf00b53ae7c95fba90ab7b)
[m[2m2026-05-31 16:10:07.022-0400[m[2m | [m[2mBftProcessorExecutor-QBFT-0[m[2m | [m[32mINFO [m[2m | [m[2mQbftBesuControllerBuilder[m[2m | [m[32mProduced empty block #149 / 0 tx / 0 pending / 0 (0.0%) gas / (0xe322ca6e2c55cb7cebd9f22a43aafda84da5204f4b96675182989a1fa0f6cd7f)
[m[2m2026-05-31 16:10:09.041-0400[m[2m | [m[2mBftProcessorExecutor-QBFT-0[m[2m | [m[32mINFO [m[2m | [m[2mQbftBesuControllerBuilder[m[2m | [m[32mImported empty block #150 / 0 tx / 0 pending / 0 (0.0%) gas / (0x0566e5d24a4e6959b3eb90d8b35952906ac54e73e4b3d15a75ecf9a0d32b8362)
[m[2m2026-05-31 16:10:11.029-0400[m[2m | [m[2mBftProcessorExecutor-QBFT-0[m[2m | [m[32mINFO [m[2m | [m[2mQbftBesuControllerBuilder[m[2m | [m[32mImported empty block #151 / 0 tx / 0 pending / 0 (0.0%) gas / (0xb23b2f0991e757e7b27ea5fb4f80da1d539c5306dbc89d6b36c753ff87033e9b)
[m[2m2026-05-31 16:10:11.031-0400[m[2m | [m[2mEthScheduler-Workers-11[m[2m | [m[32mINFO [m[2m | [m[2mPersistBlockTask[m[2m | [m[32mBlock 151 (0xb23b2f0991e757e7b27ea5fb4f80da1d539c5306dbc89d6b36c753ff87033e9b) is already imported
[m[2m2026-05-31 16:10:13.034-0400[m[2m | [m[2mBftProcessorExecutor-QBFT-0[m[2m | [m[32mINFO [m[2m | [m[2mQbftBesuControllerBuilder[m[2m | [m[32mImported empty block #152 / 0 tx / 0 pending / 0 (0.0%) gas / (0xc4280295716984d64f6bfcf45e3ae6f6f8c15d84422210337efa5058415fee8d)
[m[2m2026-05-31 16:10:15.030-0400[m[2m | [m[2mBftProcessorExecutor-QBFT-0[m[2m | [m[32mINFO [m[2m | [m[2mQbftBesuControllerBuilder[m[2m | [m[32mProduced empty block #153 / 0 tx / 0 pending / 0 (0.0%) gas / (0x83a2a5ccfbd2739d2ae62c5dbfdba57f7624764b1ec25a1dac40b41cbd608917)
[m[2m2026-05-31 16:10:17.038-0400[m[2m | [m[2mBftProcessorExecutor-QBFT-0[m[2m | [m[32mINFO [m[2m | [m[2mQbftBesuControllerBuilder[m[2m | [m[32mImported empty block #154 / 0 tx / 0 pending / 0 (0.0%) gas / (0x922f113771954d40c417ef9a9dd211172803b63334a6ba3579a84e46e2ac4c3b)
[m[2m2026-05-31 16:10:19.039-0400[m[2m | [m[2mBftProcessorExecutor-QBFT-0[m[2m | [m[32mINFO [m[2m | [m[2mQbftBesuControllerBuilder[m[2m | [m[32mImported empty block #155 / 0 tx / 0 pending / 0 (0.0%) gas / (0xc3f40d633e30a3f0ac7aef3b7d5bcf0097987b5d4ba5635beb41e54ac475b8e8)
[m[2m2026-05-31 16:10:21.035-0400[m[2m | [m[2mBftProcessorExecutor-QBFT-0[m[2m | [m[32mINFO [m[2m | [m[2mQbftBesuControllerBuilder[m[2m | [m[32mImported empty block #156 / 0 tx / 0 pending / 0 (0.0%) gas / (0xe0bd0068dfadf18e822c3b4a8dc95706443ceddb680a6b17a49e3bf16042d1f3)
[m[2m2026-05-31 16:10:23.035-0400[m[2m | [m[2mBftProcessorExecutor-QBFT-0[m[2m | [m[32mINFO [m[2m | [m[2mQbftBesuControllerBuilder[m[2m | [m[32mProduced empty block #157 / 0 tx / 0 pending / 0 (0.0%) gas / (0x7b7b2a25097b2bddf70db62ea9f93d01529f51c93921c31d304747b2e702d28e)
[m[2m2026-05-31 16:10:25.031-0400[m[2m | [m[2mBftProcessorExecutor-QBFT-0[m[2m | [m[32mINFO [m[2m | [m[2mQbftBesuControllerBuilder[m[2m | [m[32mImported empty block #158 / 0 tx / 0 pending / 0 (0.0%) gas / (0x69ecfbdc063c45792c8a0aa8fbee8083769da91df972ecf3a4fe22365bf11c67)
[m[2m2026-05-31 16:10:27.032-0400[m[2m | [m[2mBftProcessorExecutor-QBFT-0[m[2m | [m[32mINFO [m[2m | [m[2mQbftBesuControllerBuilder[m[2m | [m[32mImported empty block #159 / 0 tx / 0 pending / 0 (0.0%) gas / (0x0aa3ce06566cf31ad56bf5335fdec2f519130dc5fdc818ba3751d7afef5aee82)
[m[2m2026-05-31 16:10:29.037-0400[m[2m | [m[2mBftProcessorExecutor-QBFT-0[m[2m | [m[32mINFO [m[2m | [m[2mQbftBesuControllerBuilder[m[2m | [m[32mImported empty block #160 / 0 tx / 0 pending / 0 (0.0%) gas / (0x9583fbd262d747989d051223f7c7f98535954b4df132d47f966b46b7731f9c8e)
[m[2m2026-05-31 16:10:31.031-0400[m[2m | [m[2mBftProcessorExecutor-QBFT-0[m[2m | [m[32mINFO [m[2m | [m[2mQbftBesuControllerBuilder[m[2m | [m[32mProduced empty block #161 / 0 tx / 0 pending / 0 (0.0%) gas / (0xb7953219d1c36c7fe974e74e7b24b3ec915b8005b76e8f715b25f250bbc008ef)
[m[2m2026-05-31 16:10:33.043-0400[m[2m | [m[2mBftProcessorExecutor-QBFT-0[m[2m | [m[32mINFO [m[2m | [m[2mQbftBesuControllerBuilder[m[2m | [m[32mImported block #162 / 1 tx / 1 pending / 21,000 (0.4%) gas / (0xaea0528004ad919234f43509b3266ad9ab19b50174b6f2cb8421c5ad556119ad)
[m[2m2026-05-31 16:10:35.033-0400[m[2m | [m[2mBftProcessorExecutor-QBFT-0[m[2m | [m[32mINFO [m[2m | [m[2mQbftBesuControllerBuilder[m[2m | [m[32mImported empty block #163 / 0 tx / 0 pending / 0 (0.0%) gas / (0xce2a7a6c03b421b7419e526cb80b5767454606e67a6dd25c587e120e5250a9ea)
[m[2m2026-05-31 16:10:37.040-0400[m[2m | [m[2mBftProcessorExecutor-QBFT-0[m[2m | [m[32mINFO [m[2m | [m[2mQbftBesuControllerBuilder[m[2m | [m[32mImported empty block #164 / 0 tx / 0 pending / 0 (0.0%) gas / (0x302388f8efafd0ca09e04193dd4dc65e41d8440ca15bf6cb9d41a64b797ba75f)
[m[2m2026-05-31 16:10:39.018-0400[m[2m | [m[2mBftProcessorExecutor-QBFT-0[m[2m | [m[32mINFO [m[2m | [m[2mQbftBesuControllerBuilder[m[2m | [m[32mProduced empty block #165 / 0 tx / 0 pending / 0 (0.0%) gas / (0xf53f729f18a41626cab4750854c3e010c9d80005c0104eea9feef1f672d1c3ec)
[m[2m2026-05-31 16:10:41.017-0400[m[2m | [m[2mBftProcessorExecutor-QBFT-0[m[2m | [m[32mINFO [m[2m | [m[2mQbftBesuControllerBuilder[m[2m | [m[32mImported empty block #166 / 0 tx / 0 pending / 0 (0.0%) gas / (0x30f5a4444b4590c179515623130a3d3a6ada10742e15ff3e800163ab11848b37)
[m[2m2026-05-31 16:10:43.022-0400[m[2m | [m[2mBftProcessorExecutor-QBFT-0[m[2m | [m[32mINFO [m[2m | [m[2mQbftBesuControllerBuilder[m[2m | [m[32mImported empty block #167 / 0 tx / 0 pending / 0 (0.0%) gas / (0xba4e61b4e59738f0237906ee27af02a7cd861f20822d5e9997b0afc39455287b)
[m[2m2026-05-31 16:10:45.023-0400[m[2m | [m[2mBftProcessorExecutor-QBFT-0[m[2m | [m[32mINFO [m[2m | [m[2mQbftBesuControllerBuilder[m[2m | [m[32mImported empty block #168 / 0 tx / 0 pending / 0 (0.0%) gas / (0x126730f88836065e958fb4785bb436c98d38dc645be6c72f71c422a728a32f35)
[m[2m2026-05-31 16:10:47.015-0400[m[2m | [m[2mBftProcessorExecutor-QBFT-0[m[2m | [m[32mINFO [m[2m | [m[2mQbftBesuControllerBuilder[m[2m | [m[32mProduced empty block #169 / 0 tx / 0 pending / 0 (0.0%) gas / (0xe895e06481eb2c566fd543aec014977c0b2f91a4f737b83fc1325a2b369751f4)
[m[2m2026-05-31 16:10:49.047-0400[m[2m | [m[2mBftProcessorExecutor-QBFT-0[m[2m | [m[32mINFO [m[2m | [m[2mQbftBesuControllerBuilder[m[2m | [m[32mImported block #170 / 1 tx / 0 pending / 696,899 (14.8%) gas / (0x5d1bb1e8f815b2570400229740b874b7343f931f1980f15f2a1baae2856c1863)
[m[2m2026-05-31 16:10:51.020-0400[m[2m | [m[2mBftProcessorExecutor-QBFT-0[m[2m | [m[32mINFO [m[2m | [m[2mQbftBesuControllerBuilder[m[2m | [m[32mImported empty block #171 / 0 tx / 0 pending / 0 (0.0%) gas / (0x403cc8ebc28dafead4f3234ae4c4e395294c6f8faf4ca4f534344bc39fcc42fe)
[m[2m2026-05-31 16:10:53.019-0400[m[2m | [m[2mBftProcessorExecutor-QBFT-0[m[2m | [m[32mINFO [m[2m | [m[2mQbftBesuControllerBuilder[m[2m | [m[32mImported empty block #172 / 0 tx / 0 pending / 0 (0.0%) gas / (0x5887de5802b18f43f9e2b0ec0ec35cb7754b06d71d663ba8ad142cdd458641c2)
[m[2m2026-05-31 16:10:55.015-0400[m[2m | [m[2mBftProcessorExecutor-QBFT-0[m[2m | [m[32mINFO [m[2m | [m[2mQbftBesuControllerBuilder[m[2m | [m[32mProduced empty block #173 / 0 tx / 0 pending / 0 (0.0%) gas / (0x630bda1e0e831655fc564293d97a0677c6d0c0c00d4c38101dda684eee62be71)
[m[2m2026-05-31 16:10:57.028-0400[m[2m | [m[2mBftProcessorExecutor-QBFT-0[m[2m | [m[32mINFO [m[2m | [m[2mQbftBesuControllerBuilder[m[2m | [m[32mImported empty block #174 / 0 tx / 0 pending / 0 (0.0%) gas / (0xba60f3cbaca502502093c8969ed658381b18f10be04ed170a1e4fa44eecb1b57)
[m[2m2026-05-31 16:10:57.028-0400[m[2m | [m[2mEthScheduler-Workers-12[m[2m | [m[32mINFO [m[2m | [m[2mPersistBlockTask[m[2m | [m[32mBlock 174 (0xba60f3cbaca502502093c8969ed658381b18f10be04ed170a1e4fa44eecb1b57) is already imported
[m[2m2026-05-31 16:10:59.042-0400[m[2m | [m[2mBftProcessorExecutor-QBFT-0[m[2m | [m[32mINFO [m[2m | [m[2mQbftBesuControllerBuilder[m[2m | [m[32mImported empty block #175 / 0 tx / 0 pending / 0 (0.0%) gas / (0x6346a349d0aeab2bbccbe24093d2bb4ecc2edfbc5a0ae49cf4925591d2f139de)
[m[2m2026-05-31 16:11:01.035-0400[m[2m | [m[2mBftProcessorExecutor-QBFT-0[m[2m | [m[32mINFO [m[2m | [m[2mQbftBesuControllerBuilder[m[2m | [m[32mImported empty block #176 / 0 tx / 0 pending / 0 (0.0%) gas / (0x43f979f72180fe65963db025c0707f5e67d67bd21288670c29aff0beff245354)
[m[2m2026-05-31 16:11:03.043-0400[m[2m | [m[2mBftProcessorExecutor-QBFT-0[m[2m | [m[32mINFO [m[2m | [m[2mQbftBesuControllerBuilder[m[2m | [m[32mProduced empty block #177 / 0 tx / 0 pending / 0 (0.0%) gas / (0x2a75e257e4ad7a9c6fd57d73a835bd3d6c71dde03dd10311ea503a31fb29a1fd)
[m[2m2026-05-31 16:11:05.028-0400[m[2m | [m[2mBftProcessorExecutor-QBFT-0[m[2m | [m[32mINFO [m[2m | [m[2mQbftBesuControllerBuilder[m[2m | [m[32mImported empty block #178 / 0 tx / 0 pending / 0 (0.0%) gas / (0x28ec78dd6f6fcf05985b3427ea42c72364aa8b9633b2c23f3082967b49ba6f17)
[m[2m2026-05-31 16:11:07.033-0400[m[2m | [m[2mBftProcessorExecutor-QBFT-0[m[2m | [m[32mINFO [m[2m | [m[2mQbftBesuControllerBuilder[m[2m | [m[32mImported empty block #179 / 0 tx / 0 pending / 0 (0.0%) gas / (0xc2e07d98e741905580e5dd63fe14b16d48f49b0872e4097f31992db81023e4fe)
[m[2m2026-05-31 16:11:09.039-0400[m[2m | [m[2mBftProcessorExecutor-QBFT-0[m[2m | [m[32mINFO [m[2m | [m[2mQbftBesuControllerBuilder[m[2m | [m[32mImported empty block #180 / 0 tx / 0 pending / 0 (0.0%) gas / (0xc12da4fbc46133a7205b3a421274ce82dd225cac5ded2a0a56259fd0018d8fc6)
[m[2m2026-05-31 16:11:11.039-0400[m[2m | [m[2mBftProcessorExecutor-QBFT-0[m[2m | [m[32mINFO [m[2m | [m[2mQbftBesuControllerBuilder[m[2m | [m[32mProduced empty block #181 / 0 tx / 0 pending / 0 (0.0%) gas / (0x78bee15e96fe1a6835f86c73d0f4fcafe2f2ee9546db6549796bccb5c65fc71a)
[m[2m2026-05-31 16:11:13.033-0400[m[2m | [m[2mBftProcessorExecutor-QBFT-0[m[2m | [m[32mINFO [m[2m | [m[2mQbftBesuControllerBuilder[m[2m | [m[32mImported empty block #182 / 0 tx / 0 pending / 0 (0.0%) gas / (0xe4c16311aac01a43673d5e91e61f996592bf7955bced675e9c8f56c3a3c39a00)
[m[2m2026-05-31 16:11:15.029-0400[m[2m | [m[2mBftProcessorExecutor-QBFT-0[m[2m | [m[32mINFO [m[2m | [m[2mQbftBesuControllerBuilder[m[2m | [m[32mImported empty block #183 / 0 tx / 0 pending / 0 (0.0%) gas / (0xe89590f6483ff08f5a9c479099d1d80c1c3dbf4c68bcfacd896793e69a539869)
[m[2m2026-05-31 16:11:17.032-0400[m[2m | [m[2mBftProcessorExecutor-QBFT-0[m[2m | [m[32mINFO [m[2m | [m[2mQbftBesuControllerBuilder[m[2m | [m[32mImported empty block #184 / 0 tx / 0 pending / 0 (0.0%) gas / (0x32c880cc061e6cec7539aa82fde754afc6669876806dfe1a080697eb0b710ec3)
[m[2m2026-05-31 16:11:19.023-0400[m[2m | [m[2mBftProcessorExecutor-QBFT-0[m[2m | [m[32mINFO [m[2m | [m[2mQbftBesuControllerBuilder[m[2m | [m[32mProduced empty block #185 / 0 tx / 0 pending / 0 (0.0%) gas / (0x3b2c53eff1c6338cc96d7639eb44c4b91bfb36424f0b664e3b38ad82e251c8fc)
[m[2m2026-05-31 16:11:21.019-0400[m[2m | [m[2mBftProcessorExecutor-QBFT-0[m[2m | [m[32mINFO [m[2m | [m[2mQbftBesuControllerBuilder[m[2m | [m[32mImported empty block #186 / 0 tx / 0 pending / 0 (0.0%) gas / (0xdc3a50cdafc555cb442855c7097e6df01648cbe64ebf7510d61cdf3241796b5b)
[m[2m2026-05-31 16:11:23.044-0400[m[2m | [m[2mBftProcessorExecutor-QBFT-0[m[2m | [m[32mINFO [m[2m | [m[2mQbftBesuControllerBuilder[m[2m | [m[32mImported empty block #187 / 0 tx / 0 pending / 0 (0.0%) gas / (0x0f105363f53b0b63ebe3e482f41db8abd88fff0edd5b8bb768339e34dce22e8e)
[m[2m2026-05-31 16:11:23.044-0400[m[2m | [m[2mEthScheduler-Workers-16[m[2m | [m[32mINFO [m[2m | [m[2mPersistBlockTask[m[2m | [m[32mBlock 187 (0x0f105363f53b0b63ebe3e482f41db8abd88fff0edd5b8bb768339e34dce22e8e) is already imported
[m[2m2026-05-31 16:11:25.023-0400[m[2m | [m[2mBftProcessorExecutor-QBFT-0[m[2m | [m[32mINFO [m[2m | [m[2mQbftBesuControllerBuilder[m[2m | [m[32mImported empty block #188 / 0 tx / 0 pending / 0 (0.0%) gas / (0xa1ce327a99233ba60b76104ec930970e692e5419a3ec9b08b4d45c7ed8f9c4d1)
[m[2m2026-05-31 16:11:27.028-0400[m[2m | [m[2mBftProcessorExecutor-QBFT-0[m[2m | [m[32mINFO [m[2m | [m[2mQbftBesuControllerBuilder[m[2m | [m[32mProduced empty block #189 / 0 tx / 0 pending / 0 (0.0%) gas / (0x3867749bc73781771ecac279226b585b5c0046e425c8a2eb81dcc175316ef20f)
[m[2m2026-05-31 16:11:29.028-0400[m[2m | [m[2mBftProcessorExecutor-QBFT-0[m[2m | [m[32mINFO [m[2m | [m[2mQbftBesuControllerBuilder[m[2m | [m[32mImported empty block #190 / 0 tx / 0 pending / 0 (0.0%) gas / (0x5cb23656acd9b11a4c15d58325870246689655b53bd2168cbbddb6b3924612af)
[m[2m2026-05-31 16:11:31.022-0400[m[2m | [m[2mBftProcessorExecutor-QBFT-0[m[2m | [m[32mINFO [m[2m | [m[2mQbftBesuControllerBuilder[m[2m | [m[32mImported empty block #191 / 0 tx / 0 pending / 0 (0.0%) gas / (0x0c2f6545ebe2b0343314feaef2af621edc533ac78eabfb1ad4117884b68379af)
[m[2m2026-05-31 16:11:31.022-0400[m[2m | [m[2mEthScheduler-Workers-8[m[2m | [m[32mINFO [m[2m | [m[2mPersistBlockTask[m[2m | [m[32mBlock 191 (0x0c2f6545ebe2b0343314feaef2af621edc533ac78eabfb1ad4117884b68379af) is already imported
[m[2m2026-05-31 16:11:33.032-0400[m[2m | [m[2mBftProcessorExecutor-QBFT-0[m[2m | [m[32mINFO [m[2m | [m[2mQbftBesuControllerBuilder[m[2m | [m[32mImported empty block #192 / 0 tx / 0 pending / 0 (0.0%) gas / (0xc585fe0ed98b5ca50af45dc6dc155e5ba7f4bc934296f7601bb54fd833feee61)
[m[2m2026-05-31 16:11:35.026-0400[m[2m | [m[2mBftProcessorExecutor-QBFT-0[m[2m | [m[32mINFO [m[2m | [m[2mQbftBesuControllerBuilder[m[2m | [m[32mProduced empty block #193 / 0 tx / 0 pending / 0 (0.0%) gas / (0x382875410de41ca911b9dbf778f95fbb96c3f2702ad9537692139b1ff29b17f7)
[m[2m2026-05-31 16:11:37.028-0400[m[2m | [m[2mBftProcessorExecutor-QBFT-0[m[2m | [m[32mINFO [m[2m | [m[2mQbftBesuControllerBuilder[m[2m | [m[32mImported empty block #194 / 0 tx / 0 pending / 0 (0.0%) gas / (0x3ab477412ae768569b2c882061713cd00a241750521bba41be94926ba2527cc4)
[m[2m2026-05-31 16:11:39.027-0400[m[2m | [m[2mBftProcessorExecutor-QBFT-0[m[2m | [m[32mINFO [m[2m | [m[2mQbftBesuControllerBuilder[m[2m | [m[32mImported empty block #195 / 0 tx / 0 pending / 0 (0.0%) gas / (0x37c15e41f9355476e162fca3cd8c489892957a3b23ff90612486e369414ae942)
[m[2m2026-05-31 16:11:41.033-0400[m[2m | [m[2mBftProcessorExecutor-QBFT-0[m[2m | [m[32mINFO [m[2m | [m[2mQbftBesuControllerBuilder[m[2m | [m[32mImported empty block #196 / 0 tx / 0 pending / 0 (0.0%) gas / (0x23c31583b6b6d2957e627a860c7fb616d985dde66cca5c764b47ac0e20ce6348)
[m[2m2026-05-31 16:11:43.033-0400[m[2m | [m[2mBftProcessorExecutor-QBFT-0[m[2m | [m[32mINFO [m[2m | [m[2mQbftBesuControllerBuilder[m[2m | [m[32mProduced empty block #197 / 0 tx / 0 pending / 0 (0.0%) gas / (0xaa33697e3748115fa114d0defd42c19288ec375edf4e3d03b83774d501b1db28)
[m[2m2026-05-31 16:11:45.028-0400[m[2m | [m[2mBftProcessorExecutor-QBFT-0[m[2m | [m[32mINFO [m[2m | [m[2mQbftBesuControllerBuilder[m[2m | [m[32mImported empty block #198 / 0 tx / 0 pending / 0 (0.0%) gas / (0xccbaa16f4b1df6cf1e77f60a034be50c02ad1712864f2398a466ce28b73d8e42)
[m[2m2026-05-31 16:11:45.028-0400[m[2m | [m[2mEthScheduler-Workers-15[m[2m | [m[32mINFO [m[2m | [m[2mPersistBlockTask[m[2m | [m[32mBlock 198 (0xccbaa16f4b1df6cf1e77f60a034be50c02ad1712864f2398a466ce28b73d8e42) is already imported
[m[2m2026-05-31 16:11:47.035-0400[m[2m | [m[2mBftProcessorExecutor-QBFT-0[m[2m | [m[32mINFO [m[2m | [m[2mQbftBesuControllerBuilder[m[2m | [m[32mImported empty block #199 / 0 tx / 0 pending / 0 (0.0%) gas / (0x0eb08c432e6392072ef14775f91a8b35eb1a4c34105dfec2464614a097aa1bce)
[m[2m2026-05-31 16:11:49.035-0400[m[2m | [m[2mBftProcessorExecutor-QBFT-0[m[2m | [m[32mINFO [m[2m | [m[2mQbftBesuControllerBuilder[m[2m | [m[32mImported empty block #200 / 0 tx / 0 pending / 0 (0.0%) gas / (0xb76fb5bdffff14867b870985dfaf3167f23222582046d6d8ddcb52d6e952dfab)
[m[2m2026-05-31 16:11:51.023-0400[m[2m | [m[2mBftProcessorExecutor-QBFT-0[m[2m | [m[32mINFO [m[2m | [m[2mQbftBesuControllerBuilder[m[2m | [m[32mProduced empty block #201 / 0 tx / 0 pending / 0 (0.0%) gas / (0x189f7c6c0c37912ebf56262760571267e70f1433e75abd3455598b3853066d14)
[m[2m2026-05-31 16:11:53.034-0400[m[2m | [m[2mBftProcessorExecutor-QBFT-0[m[2m | [m[32mINFO [m[2m | [m[2mQbftBesuControllerBuilder[m[2m | [m[32mImported empty block #202 / 0 tx / 0 pending / 0 (0.0%) gas / (0xc3e7c8d9a53bafdc4e9897afddd468323ffe11f38ce1ff54d2f2a66e93870f39)
[m[2m2026-05-31 16:11:55.036-0400[m[2m | [m[2mBftProcessorExecutor-QBFT-0[m[2m | [m[32mINFO [m[2m | [m[2mQbftBesuControllerBuilder[m[2m | [m[32mImported empty block #203 / 0 tx / 0 pending / 0 (0.0%) gas / (0xb44629edd5ea49193b3e1b74c8b9c0d35a134e406fee91a42b8087f6cdb96434)
[m[2m2026-05-31 16:11:57.014-0400[m[2m | [m[2mBftProcessorExecutor-QBFT-0[m[2m | [m[32mINFO [m[2m | [m[2mQbftBesuControllerBuilder[m[2m | [m[32mImported empty block #204 / 0 tx / 0 pending / 0 (0.0%) gas / (0x112cf10bec1b8d72e5db86694a55d92fb369aacc3a3069351e4a58c6e68519c0)
[m[2m2026-05-31 16:11:59.031-0400[m[2m | [m[2mBftProcessorExecutor-QBFT-0[m[2m | [m[32mINFO [m[2m | [m[2mQbftBesuControllerBuilder[m[2m | [m[32mProduced empty block #205 / 0 tx / 0 pending / 0 (0.0%) gas / (0x7b758ea15446ab9c91ff24304c855d361133d44f2e91f2256c48bf1385ac2571)
[m[2m2026-05-31 16:11:59.031-0400[m[2m | [m[2mEthScheduler-Workers-17[m[2m | [m[32mINFO [m[2m | [m[2mPersistBlockTask[m[2m | [m[32mBlock 205 (0x7b758ea15446ab9c91ff24304c855d361133d44f2e91f2256c48bf1385ac2571) is already imported
[m[2m2026-05-31 16:12:01.028-0400[m[2m | [m[2mBftProcessorExecutor-QBFT-0[m[2m | [m[32mINFO [m[2m | [m[2mQbftBesuControllerBuilder[m[2m | [m[32mImported empty block #206 / 0 tx / 0 pending / 0 (0.0%) gas / (0x888a1ad9496ca64b8c3ba7af1d2fcdee688c46649e17ac16ea23ce6cc67ce7ea)
[m[2m2026-05-31 16:12:03.034-0400[m[2m | [m[2mBftProcessorExecutor-QBFT-0[m[2m | [m[32mINFO [m[2m | [m[2mQbftBesuControllerBuilder[m[2m | [m[32mImported empty block #207 / 0 tx / 0 pending / 0 (0.0%) gas / (0x7a3c35ea4381c415a2ddc9e60bfc5d0acb79066ac2a571b8dbb534e2ff6a6eed)
[m[2m2026-05-31 16:12:05.032-0400[m[2m | [m[2mBftProcessorExecutor-QBFT-0[m[2m | [m[32mINFO [m[2m | [m[2mQbftBesuControllerBuilder[m[2m | [m[32mImported empty block #208 / 0 tx / 0 pending / 0 (0.0%) gas / (0x0b29f52e7dc9f24062b826bd97d8262faaa4f52f3de48349499edd2367901663)
[m[2m2026-05-31 16:12:07.031-0400[m[2m | [m[2mBftProcessorExecutor-QBFT-0[m[2m | [m[32mINFO [m[2m | [m[2mQbftBesuControllerBuilder[m[2m | [m[32mProduced empty block #209 / 0 tx / 0 pending / 0 (0.0%) gas / (0xff771a2f4871e7fee5e5e5fb1fb3b9906d979ac97a93411dbbeb9b6c6be936d2)
[m[2m2026-05-31 16:12:09.033-0400[m[2m | [m[2mBftProcessorExecutor-QBFT-0[m[2m | [m[32mINFO [m[2m | [m[2mQbftBesuControllerBuilder[m[2m | [m[32mImported empty block #210 / 0 tx / 0 pending / 0 (0.0%) gas / (0x3b73ea63a3d516b4ab1dac771d11f5491a7fbdc8aefb3072c00af58482cc230a)
[m[2m2026-05-31 16:12:11.020-0400[m[2m | [m[2mBftProcessorExecutor-QBFT-0[m[2m | [m[32mINFO [m[2m | [m[2mQbftBesuControllerBuilder[m[2m | [m[32mImported empty block #211 / 0 tx / 0 pending / 0 (0.0%) gas / (0xd8489d8f6970622dba5ff293eb103bb174805f602856caad37360111be288305)
[m[2m2026-05-31 16:12:13.026-0400[m[2m | [m[2mBftProcessorExecutor-QBFT-0[m[2m | [m[32mINFO [m[2m | [m[2mQbftBesuControllerBuilder[m[2m | [m[32mImported empty block #212 / 0 tx / 0 pending / 0 (0.0%) gas / (0x832cf21631f4fe30eff440d08fee428e8736b07ffcfa7af33eb254c57132a907)
[m[2m2026-05-31 16:12:13.026-0400[m[2m | [m[2mEthScheduler-Workers-13[m[2m | [m[32mINFO [m[2m | [m[2mPersistBlockTask[m[2m | [m[32mBlock 212 (0x832cf21631f4fe30eff440d08fee428e8736b07ffcfa7af33eb254c57132a907) is already imported
[m[2m2026-05-31 16:12:15.033-0400[m[2m | [m[2mBftProcessorExecutor-QBFT-0[m[2m | [m[32mINFO [m[2m | [m[2mQbftBesuControllerBuilder[m[2m | [m[32mProduced empty block #213 / 0 tx / 0 pending / 0 (0.0%) gas / (0xfdc5b50ba1f8c7476f80c6a623da1f9213e23b39ae28962b7155770539cc5be4)
[m[2m2026-05-31 16:12:17.030-0400[m[2m | [m[2mBftProcessorExecutor-QBFT-0[m[2m | [m[32mINFO [m[2m | [m[2mQbftBesuControllerBuilder[m[2m | [m[32mImported empty block #214 / 0 tx / 0 pending / 0 (0.0%) gas / (0x4779a53b478e781b6c5f874901662b9b476566e369dc8c3199b3739777ce4a2b)
[m[2m2026-05-31 16:12:19.035-0400[m[2m | [m[2mBftProcessorExecutor-QBFT-0[m[2m | [m[32mINFO [m[2m | [m[2mQbftBesuControllerBuilder[m[2m | [m[32mImported empty block #215 / 0 tx / 0 pending / 0 (0.0%) gas / (0x1e83af1b6ba30f604450c75f499cf12bb2fec3f9a142a2fd14194d96b0ed2730)
[m[2m2026-05-31 16:12:21.025-0400[m[2m | [m[2mBftProcessorExecutor-QBFT-0[m[2m | [m[32mINFO [m[2m | [m[2mQbftBesuControllerBuilder[m[2m | [m[32mImported empty block #216 / 0 tx / 0 pending / 0 (0.0%) gas / (0x918301548ca4d74c71cfb0bd83a564816daed410af95a230a9ecb07290ac35ec)
[m[2m2026-05-31 16:12:23.035-0400[m[2m | [m[2mBftProcessorExecutor-QBFT-0[m[2m | [m[32mINFO [m[2m | [m[2mQbftBesuControllerBuilder[m[2m | [m[32mProduced empty block #217 / 0 tx / 0 pending / 0 (0.0%) gas / (0x2638c3ead405da52243eb40c6987b7959a7bd2d6ddde2b0d6080d4337fe3e4b2)
[m[2m2026-05-31 16:12:25.031-0400[m[2m | [m[2mBftProcessorExecutor-QBFT-0[m[2m | [m[32mINFO [m[2m | [m[2mQbftBesuControllerBuilder[m[2m | [m[32mImported empty block #218 / 0 tx / 0 pending / 0 (0.0%) gas / (0x4a2f3bef94dff747ea0effa251b612dfc5f6800ef898d5a15a98f1dfeedf1c46)
[m[2m2026-05-31 16:12:27.031-0400[m[2m | [m[2mBftProcessorExecutor-QBFT-0[m[2m | [m[32mINFO [m[2m | [m[2mQbftBesuControllerBuilder[m[2m | [m[32mImported empty block #219 / 0 tx / 0 pending / 0 (0.0%) gas / (0x0613060301ed65604dcfcec4354098887feb15e0c8c1b9145df44cff69722380)
[m[2m2026-05-31 16:12:29.027-0400[m[2m | [m[2mBftProcessorExecutor-QBFT-0[m[2m | [m[32mINFO [m[2m | [m[2mQbftBesuControllerBuilder[m[2m | [m[32mImported empty block #220 / 0 tx / 0 pending / 0 (0.0%) gas / (0x89765eb87cb08610725fba4f35f6577b8797029591aba1fdee22d8f1eb843fa6)
[m[2m2026-05-31 16:12:29.027-0400[m[2m | [m[2mEthScheduler-Workers-8[m[2m | [m[32mINFO [m[2m | [m[2mPersistBlockTask[m[2m | [m[32mBlock 220 (0x89765eb87cb08610725fba4f35f6577b8797029591aba1fdee22d8f1eb843fa6) is already imported
[m[2m2026-05-31 16:12:31.025-0400[m[2m | [m[2mBftProcessorExecutor-QBFT-0[m[2m | [m[32mINFO [m[2m | [m[2mQbftBesuControllerBuilder[m[2m | [m[32mProduced empty block #221 / 0 tx / 0 pending / 0 (0.0%) gas / (0xf7becf6c12aa9ff8774c1420162c42b79fd7c495b6b4804d6487e2240ef7e1cd)
[m[2m2026-05-31 16:12:33.104-0400[m[2m | [m[2mBftProcessorExecutor-QBFT-0[m[2m | [m[32mINFO [m[2m | [m[2mQbftBesuControllerBuilder[m[2m | [m[32mImported empty block #222 / 0 tx / 0 pending / 0 (0.0%) gas / (0x5b873df1f3618c3063e5421fc58b5507494fa3ec21e1aa97ab1b6374c5bb4888)
[m[2m2026-05-31 16:12:35.033-0400[m[2m | [m[2mBftProcessorExecutor-QBFT-0[m[2m | [m[32mINFO [m[2m | [m[2mQbftBesuControllerBuilder[m[2m | [m[32mImported empty block #223 / 0 tx / 0 pending / 0 (0.0%) gas / (0x00a717079310b48622aa48b75da9e753b4ccf8d44628d5e0a08acf60b3b4e2d5)
[m[2m2026-05-31 16:12:37.023-0400[m[2m | [m[2mBftProcessorExecutor-QBFT-0[m[2m | [m[32mINFO [m[2m | [m[2mQbftBesuControllerBuilder[m[2m | [m[32mImported empty block #224 / 0 tx / 0 pending / 0 (0.0%) gas / (0xab22b2f244d90805ddfd7c547b41b3d0bfcd84c9dfb4e21ed07f8ba3d6099389)
[m[2m2026-05-31 16:12:39.029-0400[m[2m | [m[2mBftProcessorExecutor-QBFT-0[m[2m | [m[32mINFO [m[2m | [m[2mQbftBesuControllerBuilder[m[2m | [m[32mProduced empty block #225 / 0 tx / 0 pending / 0 (0.0%) gas / (0xdbec88458d02b1ef5fa763f0960b5562df60e628f74feaeb161e1a91832f20c6)
[m[2m2026-05-31 16:12:41.048-0400[m[2m | [m[2mBftProcessorExecutor-QBFT-0[m[2m | [m[32mINFO [m[2m | [m[2mQbftBesuControllerBuilder[m[2m | [m[32mImported empty block #226 / 0 tx / 0 pending / 0 (0.0%) gas / (0x323e426654342eafa5d9d5d92c302151224f3e19cbdb21bec02870d01896f3f0)
[m[2m2026-05-31 16:12:41.049-0400[m[2m | [m[2mEthScheduler-Workers-9[m[2m | [m[32mINFO [m[2m | [m[2mPersistBlockTask[m[2m | [m[32mBlock 226 (0x323e426654342eafa5d9d5d92c302151224f3e19cbdb21bec02870d01896f3f0) is already imported
[m[2m2026-05-31 16:12:43.031-0400[m[2m | [m[2mBftProcessorExecutor-QBFT-0[m[2m | [m[32mINFO [m[2m | [m[2mQbftBesuControllerBuilder[m[2m | [m[32mImported empty block #227 / 0 tx / 0 pending / 0 (0.0%) gas / (0xd43934f9846b5a154cc30e7578cfba6c7753f4451b6f6a971b6f2e42981ae785)
[m[2m2026-05-31 16:12:45.014-0400[m[2m | [m[2mBftProcessorExecutor-QBFT-0[m[2m | [m[32mINFO [m[2m | [m[2mQbftBesuControllerBuilder[m[2m | [m[32mImported empty block #228 / 0 tx / 0 pending / 0 (0.0%) gas / (0xe16bab631a60833aa92d9f1a3fa2e86be0bcf5f87e2c7784b1ee33cec23d9c25)
[m[2m2026-05-31 16:12:47.039-0400[m[2m | [m[2mBftProcessorExecutor-QBFT-0[m[2m | [m[32mINFO [m[2m | [m[2mQbftBesuControllerBuilder[m[2m | [m[32mProduced empty block #229 / 0 tx / 0 pending / 0 (0.0%) gas / (0xe35edab74c58eb1d570d92c3a5add2a5b5628d72e74d088b535576094c8ca881)
[m[2m2026-05-31 16:12:49.038-0400[m[2m | [m[2mBftProcessorExecutor-QBFT-0[m[2m | [m[32mINFO [m[2m | [m[2mQbftBesuControllerBuilder[m[2m | [m[32mImported empty block #230 / 0 tx / 0 pending / 0 (0.0%) gas / (0xfedf1edd561e711866bd4a1ac49fc865bec767c86f6cbc43170075d47b516203)
[m[2m2026-05-31 16:12:51.029-0400[m[2m | [m[2mBftProcessorExecutor-QBFT-0[m[2m | [m[32mINFO [m[2m | [m[2mQbftBesuControllerBuilder[m[2m | [m[32mImported empty block #231 / 0 tx / 0 pending / 0 (0.0%) gas / (0x943b80e0521c7533c14484e80b4e8fc6f119e50981b700a6ea9168beb1c1416a)
[m[2m2026-05-31 16:12:53.038-0400[m[2m | [m[2mBftProcessorExecutor-QBFT-0[m[2m | [m[32mINFO [m[2m | [m[2mQbftBesuControllerBuilder[m[2m | [m[32mImported empty block #232 / 0 tx / 0 pending / 0 (0.0%) gas / (0x5afb2148bfde8cb9ad84b66213d9adec9449255e17b975943b4f03531671693d)
[m[2m2026-05-31 16:12:55.032-0400[m[2m | [m[2mBftProcessorExecutor-QBFT-0[m[2m | [m[32mINFO [m[2m | [m[2mQbftBesuControllerBuilder[m[2m | [m[32mProduced empty block #233 / 0 tx / 0 pending / 0 (0.0%) gas / (0xaeaaad4351bbd76c396089633e3cd9ef4d46df82ad0fe7715db57b0f196505a4)
[m[2m2026-05-31 16:12:57.039-0400[m[2m | [m[2mBftProcessorExecutor-QBFT-0[m[2m | [m[32mINFO [m[2m | [m[2mQbftBesuControllerBuilder[m[2m | [m[32mImported empty block #234 / 0 tx / 0 pending / 0 (0.0%) gas / (0x74246be07cf580bb5e75439b963dacc2c3f23e11c87cea1466ae51c28c59beb7)
[m[2m2026-05-31 16:12:59.045-0400[m[2m | [m[2mEthScheduler-Workers-19[m[2m | [m[32mINFO [m[2m | [m[2mPersistBlockTask[m[2m | [m[32mBlock 235 (0xe567520d014de808c715eb6bedc5cbe4a80ed3b0a4818e1de9da12b8fdded4bc) is already imported
[m[2m2026-05-31 16:12:59.045-0400[m[2m | [m[2mBftProcessorExecutor-QBFT-0[m[2m | [m[32mINFO [m[2m | [m[2mQbftBesuControllerBuilder[m[2m | [m[32mImported empty block #235 / 0 tx / 0 pending / 0 (0.0%) gas / (0xe567520d014de808c715eb6bedc5cbe4a80ed3b0a4818e1de9da12b8fdded4bc)
[m[2m2026-05-31 16:13:01.033-0400[m[2m | [m[2mBftProcessorExecutor-QBFT-0[m[2m | [m[32mINFO [m[2m | [m[2mQbftBesuControllerBuilder[m[2m | [m[32mImported empty block #236 / 0 tx / 0 pending / 0 (0.0%) gas / (0xa4dd3cc5a52b3bed7318f5673d834e0a0d99f5915cf660d618affa7578e56917)
[m[2m2026-05-31 16:13:03.034-0400[m[2m | [m[2mBftProcessorExecutor-QBFT-0[m[2m | [m[32mINFO [m[2m | [m[2mQbftBesuControllerBuilder[m[2m | [m[32mProduced empty block #237 / 0 tx / 0 pending / 0 (0.0%) gas / (0x37c88c7dafc35f5731e4d9716df7244b442f55c8faafcc1b5ab33372b5ea497f)
[m[2m2026-05-31 16:13:05.020-0400[m[2m | [m[2mBftProcessorExecutor-QBFT-0[m[2m | [m[32mINFO [m[2m | [m[2mQbftBesuControllerBuilder[m[2m | [m[32mImported empty block #238 / 0 tx / 0 pending / 0 (0.0%) gas / (0x4846171f0df6fa6da5be3df672055b8104e935b7c098a977e82700991ee0a3e2)
[m[2m2026-05-31 16:13:07.042-0400[m[2m | [m[2mBftProcessorExecutor-QBFT-0[m[2m | [m[32mINFO [m[2m | [m[2mQbftBesuControllerBuilder[m[2m | [m[32mImported empty block #239 / 0 tx / 0 pending / 0 (0.0%) gas / (0xac8abe300b84392dc9fc4a648aeed74d96a7882375d2d49cc8d48149de120e86)
[m[2m2026-05-31 16:13:09.019-0400[m[2m | [m[2mBftProcessorExecutor-QBFT-0[m[2m | [m[32mINFO [m[2m | [m[2mQbftBesuControllerBuilder[m[2m | [m[32mImported empty block #240 / 0 tx / 0 pending / 0 (0.0%) gas / (0x281ee850f01049ba2aeaf5e7f34620e6a1f83a3668a6201eeaba602aab9e69e0)
[m[2m2026-05-31 16:13:11.031-0400[m[2m | [m[2mBftProcessorExecutor-QBFT-0[m[2m | [m[32mINFO [m[2m | [m[2mQbftBesuControllerBuilder[m[2m | [m[32mProduced empty block #241 / 0 tx / 0 pending / 0 (0.0%) gas / (0xffc1d45e21b6ff75f16220e957ef8d9830e4e0ed3b7c13d0ba22ef2622a6dfeb)
[m[2m2026-05-31 16:13:13.030-0400[m[2m | [m[2mBftProcessorExecutor-QBFT-0[m[2m | [m[32mINFO [m[2m | [m[2mQbftBesuControllerBuilder[m[2m | [m[32mImported empty block #242 / 0 tx / 0 pending / 0 (0.0%) gas / (0x46aa256cf68f40ebcefa1d45494cb57b9899569b6d3ccbcd6e3284b4149fe177)
[m[2m2026-05-31 16:13:15.040-0400[m[2m | [m[2mBftProcessorExecutor-QBFT-0[m[2m | [m[32mINFO [m[2m | [m[2mQbftBesuControllerBuilder[m[2m | [m[32mImported empty block #243 / 0 tx / 0 pending / 0 (0.0%) gas / (0x23c4a916b43293b82bc06128e7474ea78998da13a4d686f5cc61111b08cee09d)
[m[2m2026-05-31 16:13:17.047-0400[m[2m | [m[2mBftProcessorExecutor-QBFT-0[m[2m | [m[32mINFO [m[2m | [m[2mQbftBesuControllerBuilder[m[2m | [m[32mImported empty block #244 / 0 tx / 0 pending / 0 (0.0%) gas / (0x6ae2f0d4a3821aea6f8515e96bbfc3a00607bc7dc3a7fb170f34f70f00a3aa0d)
[m[2m2026-05-31 16:13:17.049-0400[m[2m | [m[2mEthScheduler-Workers-21[m[2m | [m[32mINFO [m[2m | [m[2mPersistBlockTask[m[2m | [m[32mBlock 244 (0x6ae2f0d4a3821aea6f8515e96bbfc3a00607bc7dc3a7fb170f34f70f00a3aa0d) is already imported
[m[2m2026-05-31 16:13:19.031-0400[m[2m | [m[2mBftProcessorExecutor-QBFT-0[m[2m | [m[32mINFO [m[2m | [m[2mQbftBesuControllerBuilder[m[2m | [m[32mProduced empty block #245 / 0 tx / 0 pending / 0 (0.0%) gas / (0xa0fdffde930493bb35667707fd74611ba5e6f5d141e0d5e7a5d1e97a4b22ddd2)
[m[2m2026-05-31 16:13:21.026-0400[m[2m | [m[2mBftProcessorExecutor-QBFT-0[m[2m | [m[32mINFO [m[2m | [m[2mQbftBesuControllerBuilder[m[2m | [m[32mImported empty block #246 / 0 tx / 0 pending / 0 (0.0%) gas / (0xc1014b5ceed830fae80c29f52e5d52f6ec890a6b198f424915a23b7b4c3ccda9)
[m[2m2026-05-31 16:13:23.033-0400[m[2m | [m[2mBftProcessorExecutor-QBFT-0[m[2m | [m[32mINFO [m[2m | [m[2mQbftBesuControllerBuilder[m[2m | [m[32mImported empty block #247 / 0 tx / 0 pending / 0 (0.0%) gas / (0x53e116eb9b3ead94a34de3ff66bab1e1498e9a828f972456e3b0a179b91b6dc9)
[m[2m2026-05-31 16:13:25.014-0400[m[2m | [m[2mBftProcessorExecutor-QBFT-0[m[2m | [m[32mINFO [m[2m | [m[2mQbftBesuControllerBuilder[m[2m | [m[32mImported empty block #248 / 0 tx / 0 pending / 0 (0.0%) gas / (0x1d2c17a7ce46e648235017bb5b20a6cd8d8b9994c5db62a9f6f07e67fe3439ed)
[m[2m2026-05-31 16:13:27.032-0400[m[2m | [m[2mBftProcessorExecutor-QBFT-0[m[2m | [m[32mINFO [m[2m | [m[2mQbftBesuControllerBuilder[m[2m | [m[32mProduced empty block #249 / 0 tx / 0 pending / 0 (0.0%) gas / (0x830fe700e01119ab4fbb33b36bd3cc1f227c1916d580259530ec4f82e8f9d018)
[m[2m2026-05-31 16:13:29.031-0400[m[2m | [m[2mBftProcessorExecutor-QBFT-0[m[2m | [m[32mINFO [m[2m | [m[2mQbftBesuControllerBuilder[m[2m | [m[32mImported empty block #250 / 0 tx / 0 pending / 0 (0.0%) gas / (0x77ec1ab4f99fdf48d665abcba73f43f0f598335d0e541c1bdc162ba9b2179d19)
[m[2m2026-05-31 16:13:31.024-0400[m[2m | [m[2mBftProcessorExecutor-QBFT-0[m[2m | [m[32mINFO [m[2m | [m[2mQbftBesuControllerBuilder[m[2m | [m[32mImported empty block #251 / 0 tx / 0 pending / 0 (0.0%) gas / (0x00b0558c5ef0a7047fe3d80c7d76c6558d069bb4e8df7cccfcd5e8e3af92d5ab)
[m[2m2026-05-31 16:13:33.034-0400[m[2m | [m[2mBftProcessorExecutor-QBFT-0[m[2m | [m[32mINFO [m[2m | [m[2mQbftBesuControllerBuilder[m[2m | [m[32mImported empty block #252 / 0 tx / 0 pending / 0 (0.0%) gas / (0x277c5e7060d134dc9e6a6873763e7eb8560dff8cb98d79ef55d078153c2d63ab)
[m[2m2026-05-31 16:13:35.021-0400[m[2m | [m[2mBftProcessorExecutor-QBFT-0[m[2m | [m[32mINFO [m[2m | [m[2mQbftBesuControllerBuilder[m[2m | [m[32mProduced empty block #253 / 0 tx / 0 pending / 0 (0.0%) gas / (0x353b5afeba6f53039d2803a0c557a5f6fc8c84d53b8a05330bf61518ec282bfe)
[m[2m2026-05-31 16:13:37.032-0400[m[2m | [m[2mBftProcessorExecutor-QBFT-0[m[2m | [m[32mINFO [m[2m | [m[2mQbftBesuControllerBuilder[m[2m | [m[32mImported empty block #254 / 0 tx / 0 pending / 0 (0.0%) gas / (0x853d44f54caa6074629ae1ecf7955f00905f83c07276e58c4ea0728542b3335b)
[m[2m2026-05-31 16:13:39.035-0400[m[2m | [m[2mBftProcessorExecutor-QBFT-0[m[2m | [m[32mINFO [m[2m | [m[2mQbftBesuControllerBuilder[m[2m | [m[32mImported empty block #255 / 0 tx / 0 pending / 0 (0.0%) gas / (0x89ed3aa5fa35fb5cbb515171e23ab0ea3413820f030040c50ffa0da58d08a4ab)
[m[2m2026-05-31 16:13:41.042-0400[m[2m | [m[2mBftProcessorExecutor-QBFT-0[m[2m | [m[32mINFO [m[2m | [m[2mQbftBesuControllerBuilder[m[2m | [m[32mImported empty block #256 / 0 tx / 0 pending / 0 (0.0%) gas / (0x72744d5d93ae0f2851d66017d797e25c485f1ead2a287b1551626aff99cc976e)
[m[2m2026-05-31 16:13:43.039-0400[m[2m | [m[2mBftProcessorExecutor-QBFT-0[m[2m | [m[32mINFO [m[2m | [m[2mQbftBesuControllerBuilder[m[2m | [m[32mProduced empty block #257 / 0 tx / 0 pending / 0 (0.0%) gas / (0x0790914d05f659b7398c4860fd530f6a90c51fd5dc88ac2f4a95e77f7b4cc345)
[m[2m2026-05-31 16:13:45.040-0400[m[2m | [m[2mBftProcessorExecutor-QBFT-0[m[2m | [m[32mINFO [m[2m | [m[2mQbftBesuControllerBuilder[m[2m | [m[32mImported empty block #258 / 0 tx / 0 pending / 0 (0.0%) gas / (0xce985f4006ae21f24335dbf6e0a033a5e9e86c9bc84d7b590e2721f34f9fa4d2)
[m[2m2026-05-31 16:13:47.038-0400[m[2m | [m[2mBftProcessorExecutor-QBFT-0[m[2m | [m[32mINFO [m[2m | [m[2mQbftBesuControllerBuilder[m[2m | [m[32mImported empty block #259 / 0 tx / 0 pending / 0 (0.0%) gas / (0xfdb405b7e4710067e525e5a326cba5b7eccab4ddfb10e934ce3dc8d14f7d0da7)
[m[2m2026-05-31 16:13:49.025-0400[m[2m | [m[2mBftProcessorExecutor-QBFT-0[m[2m | [m[32mINFO [m[2m | [m[2mQbftBesuControllerBuilder[m[2m | [m[32mImported empty block #260 / 0 tx / 0 pending / 0 (0.0%) gas / (0x62e01ab109bd9b2fdd0b0436b75de86c91be60541020c49a9f16a3209273ab7e)
[m[2m2026-05-31 16:13:51.039-0400[m[2m | [m[2mBftProcessorExecutor-QBFT-0[m[2m | [m[32mINFO [m[2m | [m[2mQbftBesuControllerBuilder[m[2m | [m[32mProduced empty block #261 / 0 tx / 0 pending / 0 (0.0%) gas / (0x4a115041afc75b562433afdbd5677b02fe86fe3624d8c546d4302a8881212398)
[m[2m2026-05-31 16:13:53.026-0400[m[2m | [m[2mBftProcessorExecutor-QBFT-0[m[2m | [m[32mINFO [m[2m | [m[2mQbftBesuControllerBuilder[m[2m | [m[32mImported empty block #262 / 0 tx / 0 pending / 0 (0.0%) gas / (0x5a9d7dae5f983844aa8fae5478bc3ee591cf6debf95944341065f00b4f4add2c)
[m[2m2026-05-31 16:13:55.026-0400[m[2m | [m[2mBftProcessorExecutor-QBFT-0[m[2m | [m[32mINFO [m[2m | [m[2mQbftBesuControllerBuilder[m[2m | [m[32mImported empty block #263 / 0 tx / 0 pending / 0 (0.0%) gas / (0x5a1e8350f0968df86381107c11db12e9adba4e771071d983624e0d35df0b104e)
[m[2m2026-05-31 16:13:57.035-0400[m[2m | [m[2mBftProcessorExecutor-QBFT-0[m[2m | [m[32mINFO [m[2m | [m[2mQbftBesuControllerBuilder[m[2m | [m[32mImported empty block #264 / 0 tx / 0 pending / 0 (0.0%) gas / (0x835d8ca0737c2f7872be10795fcd31eca46e8d5b5f874092db9f26f1d3e6a913)
[m[2m2026-05-31 16:13:59.034-0400[m[2m | [m[2mBftProcessorExecutor-QBFT-0[m[2m | [m[32mINFO [m[2m | [m[2mQbftBesuControllerBuilder[m[2m | [m[32mProduced empty block #265 / 0 tx / 0 pending / 0 (0.0%) gas / (0xd2842f33ef3aa497a7e0fd92da5caeb7fe979669fdff56f659b0a86a3861b53b)
[m[2m2026-05-31 16:14:01.031-0400[m[2m | [m[2mBftProcessorExecutor-QBFT-0[m[2m | [m[32mINFO [m[2m | [m[2mQbftBesuControllerBuilder[m[2m | [m[32mImported empty block #266 / 0 tx / 0 pending / 0 (0.0%) gas / (0x57e8fce4c8413f53b099b4db368d5dbf6bef2435a45650f9663b42748be618a3)
[m[2m2026-05-31 16:14:03.031-0400[m[2m | [m[2mBftProcessorExecutor-QBFT-0[m[2m | [m[32mINFO [m[2m | [m[2mQbftBesuControllerBuilder[m[2m | [m[32mImported empty block #267 / 0 tx / 0 pending / 0 (0.0%) gas / (0xc92059a5819a840d355908c8e051500343806c407487a39b182813b3740fa3ff)
[m[2m2026-05-31 16:14:05.025-0400[m[2m | [m[2mBftProcessorExecutor-QBFT-0[m[2m | [m[32mINFO [m[2m | [m[2mQbftBesuControllerBuilder[m[2m | [m[32mImported empty block #268 / 0 tx / 0 pending / 0 (0.0%) gas / (0x1cc0014f453e46f5e7189c7abb9e438c79d31ddeeaa6a7d132ce1f0db09ed3d3)
[m[2m2026-05-31 16:14:07.038-0400[m[2m | [m[2mBftProcessorExecutor-QBFT-0[m[2m | [m[32mINFO [m[2m | [m[2mQbftBesuControllerBuilder[m[2m | [m[32mProduced empty block #269 / 0 tx / 0 pending / 0 (0.0%) gas / (0x1bd98b49a69a255893d5b7c1609ab9e31561bc4aba4d1a7189e3a62cd3e9b79d)
[m[2m2026-05-31 16:14:09.037-0400[m[2m | [m[2mBftProcessorExecutor-QBFT-0[m[2m | [m[32mINFO [m[2m | [m[2mQbftBesuControllerBuilder[m[2m | [m[32mImported empty block #270 / 0 tx / 0 pending / 0 (0.0%) gas / (0xd73b971034ec08cfa444639b0fc24217d5c5093426d45cc5b10676fe4b8419f4)
[m[2m2026-05-31 16:14:11.024-0400[m[2m | [m[2mBftProcessorExecutor-QBFT-0[m[2m | [m[32mINFO [m[2m | [m[2mQbftBesuControllerBuilder[m[2m | [m[32mImported empty block #271 / 0 tx / 0 pending / 0 (0.0%) gas / (0xc0facab0310a455a718ec12975494c4d2c536c95a0b6f08b5cf3d804a851e0d8)
[m[2m2026-05-31 16:14:13.028-0400[m[2m | [m[2mBftProcessorExecutor-QBFT-0[m[2m | [m[32mINFO [m[2m | [m[2mQbftBesuControllerBuilder[m[2m | [m[32mImported empty block #272 / 0 tx / 0 pending / 0 (0.0%) gas / (0x792359e688beeaa3b4f61571bb2bc217353828df23eaa8b9cc9395843732187f)
[m[2m2026-05-31 16:14:15.030-0400[m[2m | [m[2mBftProcessorExecutor-QBFT-0[m[2m | [m[32mINFO [m[2m | [m[2mQbftBesuControllerBuilder[m[2m | [m[32mProduced empty block #273 / 0 tx / 0 pending / 0 (0.0%) gas / (0x3a89172386e13b73b2623e69f0c4794e30ff3ed1390047802225e09836d00e8c)
[m[2m2026-05-31 16:14:17.038-0400[m[2m | [m[2mBftProcessorExecutor-QBFT-0[m[2m | [m[32mINFO [m[2m | [m[2mQbftBesuControllerBuilder[m[2m | [m[32mImported empty block #274 / 0 tx / 0 pending / 0 (0.0%) gas / (0x1960e97e86b3726aec2e72d309f651da51b4bf897e5d8b513a781df5d4aa1839)
[m[2m2026-05-31 16:14:19.023-0400[m[2m | [m[2mBftProcessorExecutor-QBFT-0[m[2m | [m[32mINFO [m[2m | [m[2mQbftBesuControllerBuilder[m[2m | [m[32mImported empty block #275 / 0 tx / 0 pending / 0 (0.0%) gas / (0x553bfb1d93d9e4af10e007ffa86d8eda4f3256ec2f7f94966a88e52a4368a6fe)
[m[2m2026-05-31 16:14:21.035-0400[m[2m | [m[2mBftProcessorExecutor-QBFT-0[m[2m | [m[32mINFO [m[2m | [m[2mQbftBesuControllerBuilder[m[2m | [m[32mImported empty block #276 / 0 tx / 0 pending / 0 (0.0%) gas / (0xcae28ea4f93de90fec504a7c6dfb9643f5cf667da3f3b0ef37d078f8f324f032)
[m[2m2026-05-31 16:14:21.035-0400[m[2m | [m[2mEthScheduler-Workers-23[m[2m | [m[32mINFO [m[2m | [m[2mPersistBlockTask[m[2m | [m[32mImported empty block #276 / 0 tx / 0 om / 0 (0.0%) gas / (0xcae28ea4f93de90fec504a7c6dfb9643f5cf667da3f3b0ef37d078f8f324f032) in 0.000s. Peers: 3
[m[2m2026-05-31 16:14:23.024-0400[m[2m | [m[2mBftProcessorExecutor-QBFT-0[m[2m | [m[32mINFO [m[2m | [m[2mQbftBesuControllerBuilder[m[2m | [m[32mProduced empty block #277 / 0 tx / 0 pending / 0 (0.0%) gas / (0x2d591bf7a681de2c67b1f2492fa0c479e3ec0dfaf645efd42ab843ce14e7e501)
[m[2m2026-05-31 16:14:25.038-0400[m[2m | [m[2mBftProcessorExecutor-QBFT-0[m[2m | [m[32mINFO [m[2m | [m[2mQbftBesuControllerBuilder[m[2m | [m[32mImported empty block #278 / 0 tx / 0 pending / 0 (0.0%) gas / (0x731777bba5ee8a8de37fb821162e99a4f53a3b12536f216867e17f350a8a4d0f)
[m[2m2026-05-31 16:14:27.037-0400[m[2m | [m[2mBftProcessorExecutor-QBFT-0[m[2m | [m[32mINFO [m[2m | [m[2mQbftBesuControllerBuilder[m[2m | [m[32mImported empty block #279 / 0 tx / 0 pending / 0 (0.0%) gas / (0x9f171af2392754b94743750e1ac6b342316e7ab0c908a036b59a542786ce66ac)
[m[2m2026-05-31 16:14:29.034-0400[m[2m | [m[2mBftProcessorExecutor-QBFT-0[m[2m | [m[32mINFO [m[2m | [m[2mQbftBesuControllerBuilder[m[2m | [m[32mImported empty block #280 / 0 tx / 0 pending / 0 (0.0%) gas / (0x9dfb37b5627abf3bd5d13898e4a917d6ed50449e91629d5f9d3bf429450d1dc6)
[m[2m2026-05-31 16:14:31.038-0400[m[2m | [m[2mBftProcessorExecutor-QBFT-0[m[2m | [m[32mINFO [m[2m | [m[2mQbftBesuControllerBuilder[m[2m | [m[32mProduced empty block #281 / 0 tx / 0 pending / 0 (0.0%) gas / (0x6d5d5f4526119ac5adfce6800282bfc2a5b3e719f27516703e2f14727cc0af6b)
[m[2m2026-05-31 16:14:33.035-0400[m[2m | [m[2mBftProcessorExecutor-QBFT-0[m[2m | [m[32mINFO [m[2m | [m[2mQbftBesuControllerBuilder[m[2m | [m[32mImported empty block #282 / 0 tx / 0 pending / 0 (0.0%) gas / (0x1aae479e247d14052fb7ab9810e2a1129590947ef7dd06a12d49b90cdc8a201b)
[m[2m2026-05-31 16:14:35.026-0400[m[2m | [m[2mBftProcessorExecutor-QBFT-0[m[2m | [m[32mINFO [m[2m | [m[2mQbftBesuControllerBuilder[m[2m | [m[32mImported empty block #283 / 0 tx / 0 pending / 0 (0.0%) gas / (0x62d5d3660c8655b29a3fead888693d82ebf351463c038d24d6fe0f7e398a0b4b)
[m[2m2026-05-31 16:14:37.028-0400[m[2m | [m[2mBftProcessorExecutor-QBFT-0[m[2m | [m[32mINFO [m[2m | [m[2mQbftBesuControllerBuilder[m[2m | [m[32mImported empty block #284 / 0 tx / 0 pending / 0 (0.0%) gas / (0xb4cde701637fb6b29d664e6ae6e0de031201890a43a054627b0c9eacf36f0e71)
[m[2m2026-05-31 16:14:39.042-0400[m[2m | [m[2mBftProcessorExecutor-QBFT-0[m[2m | [m[32mINFO [m[2m | [m[2mQbftBesuControllerBuilder[m[2m | [m[32mProduced empty block #285 / 0 tx / 0 pending / 0 (0.0%) gas / (0x8207d88cabdcdbfd32e2f9e4389684e358f0e6549228cefcbdcc1401032ab865)
[m[2m2026-05-31 16:14:41.033-0400[m[2m | [m[2mBftProcessorExecutor-QBFT-0[m[2m | [m[32mINFO [m[2m | [m[2mQbftBesuControllerBuilder[m[2m | [m[32mImported empty block #286 / 0 tx / 0 pending / 0 (0.0%) gas / (0x42f9c965970b8eefc178404f3c631e2b483e3338374a8a7944edeee9c1723576)
[m[2m2026-05-31 16:14:43.038-0400[m[2m | [m[2mBftProcessorExecutor-QBFT-0[m[2m | [m[32mINFO [m[2m | [m[2mQbftBesuControllerBuilder[m[2m | [m[32mImported empty block #287 / 0 tx / 0 pending / 0 (0.0%) gas / (0x0c44acecde172793070b5ec2260a268c21446d39d0f4a2182fbcac4e8dd31ef7)
[m[2m2026-05-31 16:14:45.031-0400[m[2m | [m[2mBftProcessorExecutor-QBFT-0[m[2m | [m[32mINFO [m[2m | [m[2mQbftBesuControllerBuilder[m[2m | [m[32mImported empty block #288 / 0 tx / 0 pending / 0 (0.0%) gas / (0x898f636e7385e03a234ae0b420636bf37f4ab4e84b067796eafc0c2ba2f3cfc1)
[m[2m2026-05-31 16:14:47.042-0400[m[2m | [m[2mBftProcessorExecutor-QBFT-0[m[2m | [m[32mINFO [m[2m | [m[2mQbftBesuControllerBuilder[m[2m | [m[32mProduced empty block #289 / 0 tx / 0 pending / 0 (0.0%) gas / (0x287c2f6fb18ac94d018f9d7ca51541e6dff5dbe24fd35a02803b77f164014c10)
[m[2m2026-05-31 16:14:49.036-0400[m[2m | [m[2mBftProcessorExecutor-QBFT-0[m[2m | [m[32mINFO [m[2m | [m[2mQbftBesuControllerBuilder[m[2m | [m[32mImported empty block #290 / 0 tx / 0 pending / 0 (0.0%) gas / (0x265013503a86f503a93aa1dd2617e410930460de60e474b0f120818fd0d4c3ce)
[m[2m2026-05-31 16:14:51.037-0400[m[2m | [m[2mBftProcessorExecutor-QBFT-0[m[2m | [m[32mINFO [m[2m | [m[2mQbftBesuControllerBuilder[m[2m | [m[32mImported empty block #291 / 0 tx / 0 pending / 0 (0.0%) gas / (0xbcfcacad3a40982236bc30c68dc1089d227eb4f1365f620961afd633e1314445)
[m[2m2026-05-31 16:14:53.037-0400[m[2m | [m[2mBftProcessorExecutor-QBFT-0[m[2m | [m[32mINFO [m[2m | [m[2mQbftBesuControllerBuilder[m[2m | [m[32mImported empty block #292 / 0 tx / 0 pending / 0 (0.0%) gas / (0xd67a6b42b396d510151998de185e30d1f7965df1fde61c9b453ae0257cd48acb)
[m[2m2026-05-31 16:14:55.034-0400[m[2m | [m[2mBftProcessorExecutor-QBFT-0[m[2m | [m[32mINFO [m[2m | [m[2mQbftBesuControllerBuilder[m[2m | [m[32mProduced empty block #293 / 0 tx / 0 pending / 0 (0.0%) gas / (0x809fed6762ca0cece2346676a6e918c64f39a5fb3d291dd4f7ca3a244d0128bc)
[m[2m2026-05-31 16:14:57.035-0400[m[2m | [m[2mBftProcessorExecutor-QBFT-0[m[2m | [m[32mINFO [m[2m | [m[2mQbftBesuControllerBuilder[m[2m | [m[32mImported empty block #294 / 0 tx / 0 pending / 0 (0.0%) gas / (0x40e9458be3b3ac6dccf1225a2cdf0387da41a35e11b317a235020bf9d5d1e1f8)
[m[2m2026-05-31 16:14:59.028-0400[m[2m | [m[2mBftProcessorExecutor-QBFT-0[m[2m | [m[32mINFO [m[2m | [m[2mQbftBesuControllerBuilder[m[2m | [m[32mImported empty block #295 / 0 tx / 0 pending / 0 (0.0%) gas / (0xa6c73731c6fc2423d8b9c79b7cfb53aaa75619c0698a449690607500d2b91b53)
[m[2m2026-05-31 16:15:01.034-0400[m[2m | [m[2mBftProcessorExecutor-QBFT-0[m[2m | [m[32mINFO [m[2m | [m[2mQbftBesuControllerBuilder[m[2m | [m[32mImported empty block #296 / 0 tx / 0 pending / 0 (0.0%) gas / (0x2be95fca4c0a2b38b900f86723b4df9ffa63c058755689715dd55c818b12408d)
[m[2m2026-05-31 16:15:03.042-0400[m[2m | [m[2mBftProcessorExecutor-QBFT-0[m[2m | [m[32mINFO [m[2m | [m[2mQbftBesuControllerBuilder[m[2m | [m[32mProduced empty block #297 / 0 tx / 0 pending / 0 (0.0%) gas / (0xdb0a845724a7cea1be0d1874fafeccab4c5528f5dba03b7036c8c2d765445a2a)
[m[2m2026-05-31 16:15:05.037-0400[m[2m | [m[2mBftProcessorExecutor-QBFT-0[m[2m | [m[32mINFO [m[2m | [m[2mQbftBesuControllerBuilder[m[2m | [m[32mImported empty block #298 / 0 tx / 0 pending / 0 (0.0%) gas / (0x62c5d971fef5a9b27d162cbe4b34f2fcc2f0f1b7b418fd797decb458f33dcc73)
[m[2m2026-05-31 16:15:07.027-0400[m[2m | [m[2mBftProcessorExecutor-QBFT-0[m[2m | [m[32mINFO [m[2m | [m[2mQbftBesuControllerBuilder[m[2m | [m[32mImported empty block #299 / 0 tx / 0 pending / 0 (0.0%) gas / (0xa55ca72afe198db131ee010ceeeee575dc9957a91667565a7841288648a9e18c)
[m[2m2026-05-31 16:15:09.030-0400[m[2m | [m[2mBftProcessorExecutor-QBFT-0[m[2m | [m[32mINFO [m[2m | [m[2mQbftBesuControllerBuilder[m[2m | [m[32mImported empty block #300 / 0 tx / 0 pending / 0 (0.0%) gas / (0x3cb7e8a542d26cb5f21b7f39f1d59a7d87d6398b727ea6c3a319c768bd8e7515)
[m[2m2026-05-31 16:15:09.037-0400[m[2m | [m[2mEthScheduler-Workers-25[m[2m | [m[32mINFO [m[2m | [m[2mPersistBlockTask[m[2m | [m[32mBlock 300 (0x3cb7e8a542d26cb5f21b7f39f1d59a7d87d6398b727ea6c3a319c768bd8e7515) is already imported
[m[2m2026-05-31 16:15:11.042-0400[m[2m | [m[2mBftProcessorExecutor-QBFT-0[m[2m | [m[32mINFO [m[2m | [m[2mQbftBesuControllerBuilder[m[2m | [m[32mProduced empty block #301 / 0 tx / 0 pending / 0 (0.0%) gas / (0xb8804cf9cbc3bd7727586f17ab132f967c4202a2b5215fe9198c830f217ff040)
[m[2m2026-05-31 16:15:13.035-0400[m[2m | [m[2mBftProcessorExecutor-QBFT-0[m[2m | [m[32mINFO [m[2m | [m[2mQbftBesuControllerBuilder[m[2m | [m[32mImported empty block #302 / 0 tx / 0 pending / 0 (0.0%) gas / (0x34ebab80df4c85caf338131bdafb332fa47c2c2b4f2d0c18c38b43ecb77dcf81)
[m[2m2026-05-31 16:15:15.035-0400[m[2m | [m[2mBftProcessorExecutor-QBFT-0[m[2m | [m[32mINFO [m[2m | [m[2mQbftBesuControllerBuilder[m[2m | [m[32mImported empty block #303 / 0 tx / 0 pending / 0 (0.0%) gas / (0x5b55c491909165610d063611b3885cd859424b6060ac468e6dd66f893e3114b3)
[m[2m2026-05-31 16:15:17.036-0400[m[2m | [m[2mBftProcessorExecutor-QBFT-0[m[2m | [m[32mINFO [m[2m | [m[2mQbftBesuControllerBuilder[m[2m | [m[32mImported empty block #304 / 0 tx / 0 pending / 0 (0.0%) gas / (0xef19378bbc6d1f6cba6487825b1dbf4724f5b0a25842c8287e5f408ae7e0f7bd)
[m[2m2026-05-31 16:15:19.037-0400[m[2m | [m[2mBftProcessorExecutor-QBFT-0[m[2m | [m[32mINFO [m[2m | [m[2mQbftBesuControllerBuilder[m[2m | [m[32mProduced empty block #305 / 0 tx / 0 pending / 0 (0.0%) gas / (0x1e26643a6f717f28cb8393890ce6bc625559ef199147c45b696f6a3a41283ace)
[m[2m2026-05-31 16:15:21.044-0400[m[2m | [m[2mBftProcessorExecutor-QBFT-0[m[2m | [m[32mINFO [m[2m | [m[2mQbftBesuControllerBuilder[m[2m | [m[32mImported empty block #306 / 0 tx / 0 pending / 0 (0.0%) gas / (0x774cc7af31553a147048dd9a532c3b589a3b3c4d0d5b77fea1be5ec1026ffe31)
[m[2m2026-05-31 16:15:21.044-0400[m[2m | [m[2mEthScheduler-Workers-27[m[2m | [m[32mINFO [m[2m | [m[2mPersistBlockTask[m[2m | [m[32mBlock 306 (0x774cc7af31553a147048dd9a532c3b589a3b3c4d0d5b77fea1be5ec1026ffe31) is already imported
[m[2m2026-05-31 16:15:23.037-0400[m[2m | [m[2mBftProcessorExecutor-QBFT-0[m[2m | [m[32mINFO [m[2m | [m[2mQbftBesuControllerBuilder[m[2m | [m[32mImported empty block #307 / 0 tx / 0 pending / 0 (0.0%) gas / (0x863c826e3b5131671fb96da692eab51c563d709f9ecdcae6123a3faeca8ec3f3)
[m[2m2026-05-31 16:15:25.033-0400[m[2m | [m[2mBftProcessorExecutor-QBFT-0[m[2m | [m[32mINFO [m[2m | [m[2mQbftBesuControllerBuilder[m[2m | [m[32mImported empty block #308 / 0 tx / 0 pending / 0 (0.0%) gas / (0xb88dc1a5e08a37dee67e64271bb8b81928b19b2a74d84323d40edc78c0bc4c34)
[m[2m2026-05-31 16:15:27.027-0400[m[2m | [m[2mBftProcessorExecutor-QBFT-0[m[2m | [m[32mINFO [m[2m | [m[2mQbftBesuControllerBuilder[m[2m | [m[32mProduced empty block #309 / 0 tx / 0 pending / 0 (0.0%) gas / (0xd86060c57f36233dc240c0640352249c7b53c0f1b71e1cb568ca7d03a829831a)
[m[2m2026-05-31 16:15:29.033-0400[m[2m | [m[2mBftProcessorExecutor-QBFT-0[m[2m | [m[32mINFO [m[2m | [m[2mQbftBesuControllerBuilder[m[2m | [m[32mImported empty block #310 / 0 tx / 0 pending / 0 (0.0%) gas / (0x9ab9474cb311aa718a0cf2ac1123fe1dc6a7138214d2496ec323693a28c4d9fd)
[m[2m2026-05-31 16:15:31.034-0400[m[2m | [m[2mBftProcessorExecutor-QBFT-0[m[2m | [m[32mINFO [m[2m | [m[2mQbftBesuControllerBuilder[m[2m | [m[32mImported empty block #311 / 0 tx / 0 pending / 0 (0.0%) gas / (0x87d4d84cb95fa08af3d430191ed1388075376f670c273c70b71d397bf062a4dc)
[m[2m2026-05-31 16:15:33.027-0400[m[2m | [m[2mBftProcessorExecutor-QBFT-0[m[2m | [m[32mINFO [m[2m | [m[2mQbftBesuControllerBuilder[m[2m | [m[32mImported empty block #312 / 0 tx / 0 pending / 0 (0.0%) gas / (0xfe111f11161b95bd6f8b53ebb5fa50d25f2dd5a2a2b9a4eadf5c5c9ee7d45cbb)
[m[2m2026-05-31 16:15:35.039-0400[m[2m | [m[2mBftProcessorExecutor-QBFT-0[m[2m | [m[32mINFO [m[2m | [m[2mQbftBesuControllerBuilder[m[2m | [m[32mProduced empty block #313 / 0 tx / 0 pending / 0 (0.0%) gas / (0xf63cbfdae952601a2d6248300770d16499fa92ff0016ecb29be0199da53d9c98)
[m[2m2026-05-31 16:15:37.035-0400[m[2m | [m[2mBftProcessorExecutor-QBFT-0[m[2m | [m[32mINFO [m[2m | [m[2mQbftBesuControllerBuilder[m[2m | [m[32mImported empty block #314 / 0 tx / 0 pending / 0 (0.0%) gas / (0xa0b33b7dab93286c4a7706e7eadc7c33a234fc325211d1b7f217874a5f3069f4)
[m[2m2026-05-31 16:15:39.031-0400[m[2m | [m[2mBftProcessorExecutor-QBFT-0[m[2m | [m[32mINFO [m[2m | [m[2mQbftBesuControllerBuilder[m[2m | [m[32mImported empty block #315 / 0 tx / 0 pending / 0 (0.0%) gas / (0x3923b4fc0ea3461c3b75414d46131f4d0bce9e51f51de3754bede21fde152cbb)
[m[2m2026-05-31 16:15:41.038-0400[m[2m | [m[2mBftProcessorExecutor-QBFT-0[m[2m | [m[32mINFO [m[2m | [m[2mQbftBesuControllerBuilder[m[2m | [m[32mImported empty block #316 / 0 tx / 0 pending / 0 (0.0%) gas / (0xfdf3df587654bca282ebde357cd335bc7adcc228bfa6952974ce6ff7ee9e2d6d)
[m[2m2026-05-31 16:15:43.030-0400[m[2m | [m[2mBftProcessorExecutor-QBFT-0[m[2m | [m[32mINFO [m[2m | [m[2mQbftBesuControllerBuilder[m[2m | [m[32mProduced empty block #317 / 0 tx / 0 pending / 0 (0.0%) gas / (0x3065293f60f0a079fb3c2c2a866516dc25e1421c6e442d0542fd851836a928a7)
[m[2m2026-05-31 16:15:45.032-0400[m[2m | [m[2mBftProcessorExecutor-QBFT-0[m[2m | [m[32mINFO [m[2m | [m[2mQbftBesuControllerBuilder[m[2m | [m[32mImported empty block #318 / 0 tx / 0 pending / 0 (0.0%) gas / (0x15430c4c34435924a56b8bae7847889827d196b9b11aa5bfdfa75d5eb8dac410)
[m[2m2026-05-31 16:15:47.016-0400[m[2m | [m[2mBftProcessorExecutor-QBFT-0[m[2m | [m[32mINFO [m[2m | [m[2mQbftBesuControllerBuilder[m[2m | [m[32mImported empty block #319 / 0 tx / 0 pending / 0 (0.0%) gas / (0x720d8a1653c766e7e406c18dbedf19c6b14603a360494d7700d4af7c6a1841c9)
[m[2m2026-05-31 16:15:49.039-0400[m[2m | [m[2mBftProcessorExecutor-QBFT-0[m[2m | [m[32mINFO [m[2m | [m[2mQbftBesuControllerBuilder[m[2m | [m[32mImported empty block #320 / 0 tx / 0 pending / 0 (0.0%) gas / (0x96701fa03435542a8893a58a2e575d96290c718ea212a695de01f3ece5debd94)
[m[2m2026-05-31 16:15:51.042-0400[m[2m | [m[2mBftProcessorExecutor-QBFT-0[m[2m | [m[32mINFO [m[2m | [m[2mQbftBesuControllerBuilder[m[2m | [m[32mProduced empty block #321 / 0 tx / 0 pending / 0 (0.0%) gas / (0xdc05af2280cdacc8188ce2666cdd641bb2f7d2ef50b809e0c6221ade20295086)
[m[2m2026-05-31 16:15:53.039-0400[m[2m | [m[2mBftProcessorExecutor-QBFT-0[m[2m | [m[32mINFO [m[2m | [m[2mQbftBesuControllerBuilder[m[2m | [m[32mImported empty block #322 / 0 tx / 0 pending / 0 (0.0%) gas / (0x94909819080b1131d69d019c1a40ad02cedaa776e37cd2633ce1577e79975268)
[m[2m2026-05-31 16:15:53.039-0400[m[2m | [m[2mEthScheduler-Workers-29[m[2m | [m[32mINFO [m[2m | [m[2mPersistBlockTask[m[2m | [m[32mBlock 322 (0x94909819080b1131d69d019c1a40ad02cedaa776e37cd2633ce1577e79975268) is already imported
[m[2m2026-05-31 16:15:55.038-0400[m[2m | [m[2mBftProcessorExecutor-QBFT-0[m[2m | [m[32mINFO [m[2m | [m[2mQbftBesuControllerBuilder[m[2m | [m[32mImported empty block #323 / 0 tx / 0 pending / 0 (0.0%) gas / (0x8f3e36fa6d6ebbb9ab3a8db5eccb05c6e3f82a5a765ad70e4eaf623a21b67d58)
[m[2m2026-05-31 16:15:57.045-0400[m[2m | [m[2mBftProcessorExecutor-QBFT-0[m[2m | [m[32mINFO [m[2m | [m[2mQbftBesuControllerBuilder[m[2m | [m[32mImported empty block #324 / 0 tx / 0 pending / 0 (0.0%) gas / (0x60becdf646c90a13d3307254a9eccc980c8e540042e4d64f02cd719740051f61)
[m[2m2026-05-31 16:15:57.045-0400[m[2m | [m[2mEthScheduler-Workers-31[m[2m | [m[32mINFO [m[2m | [m[2mPersistBlockTask[m[2m | [m[32mBlock 324 (0x60becdf646c90a13d3307254a9eccc980c8e540042e4d64f02cd719740051f61) is already imported
[m[2m2026-05-31 16:15:59.035-0400[m[2m | [m[2mBftProcessorExecutor-QBFT-0[m[2m | [m[32mINFO [m[2m | [m[2mQbftBesuControllerBuilder[m[2m | [m[32mProduced empty block #325 / 0 tx / 0 pending / 0 (0.0%) gas / (0xee3ab88bb4cb0b816b1957f158b49e7b14de001c7f599655ed57e9a35650b640)
[m[2m2026-05-31 16:16:01.022-0400[m[2m | [m[2mBftProcessorExecutor-QBFT-0[m[2m | [m[32mINFO [m[2m | [m[2mQbftBesuControllerBuilder[m[2m | [m[32mImported empty block #326 / 0 tx / 0 pending / 0 (0.0%) gas / (0x8cd6e4f3af2f618b68862b259666fed249e863a930cd3ff59182fc51cbb092b8)
[m[2m2026-05-31 16:16:01.022-0400[m[2m | [m[2mEthScheduler-Workers-26[m[2m | [m[32mINFO [m[2m | [m[2mPersistBlockTask[m[2m | [m[32mBlock 326 (0x8cd6e4f3af2f618b68862b259666fed249e863a930cd3ff59182fc51cbb092b8) is already imported
[m[2m2026-05-31 16:16:03.020-0400[m[2m | [m[2mBftProcessorExecutor-QBFT-0[m[2m | [m[32mINFO [m[2m | [m[2mQbftBesuControllerBuilder[m[2m | [m[32mImported empty block #327 / 0 tx / 0 pending / 0 (0.0%) gas / (0xccc17505809e7436b3db40bd50f70dab0c0549887f853aaff9a025dca81ef9e3)
[m[2m2026-05-31 16:16:05.038-0400[m[2m | [m[2mBftProcessorExecutor-QBFT-0[m[2m | [m[32mINFO [m[2m | [m[2mQbftBesuControllerBuilder[m[2m | [m[32mImported empty block #328 / 0 tx / 0 pending / 0 (0.0%) gas / (0xfa88fd8cae7dc473444bf50e0e9117c2fd5d04a4b57560ee6667b12b0405ed53)
[m[2m2026-05-31 16:16:07.034-0400[m[2m | [m[2mBftProcessorExecutor-QBFT-0[m[2m | [m[32mINFO [m[2m | [m[2mQbftBesuControllerBuilder[m[2m | [m[32mProduced empty block #329 / 0 tx / 0 pending / 0 (0.0%) gas / (0x22bea52f794ff43221892ef74307101dc6decbc14268f65a139308e3af56ef8b)
[m[2m2026-05-31 16:16:09.015-0400[m[2m | [m[2mBftProcessorExecutor-QBFT-0[m[2m | [m[32mINFO [m[2m | [m[2mQbftBesuControllerBuilder[m[2m | [m[32mImported empty block #330 / 0 tx / 0 pending / 0 (0.0%) gas / (0x0edaf6ceb92aa1611409d19b7deb0d136f7497a60c7d52a9aad704d8fb42d786)
[m[2m2026-05-31 16:16:11.034-0400[m[2m | [m[2mBftProcessorExecutor-QBFT-0[m[2m | [m[32mINFO [m[2m | [m[2mQbftBesuControllerBuilder[m[2m | [m[32mImported empty block #331 / 0 tx / 0 pending / 0 (0.0%) gas / (0x5d69ba1e2d46026469337336beaa059735771dfdf295a12137aa4b530b0bb941)
[m[2m2026-05-31 16:16:13.030-0400[m[2m | [m[2mBftProcessorExecutor-QBFT-0[m[2m | [m[32mINFO [m[2m | [m[2mQbftBesuControllerBuilder[m[2m | [m[32mImported empty block #332 / 0 tx / 0 pending / 0 (0.0%) gas / (0xe86a209b20431213ee6df0ba6de266c72bb013e64cd33726957fc0b5de3076fa)
[m[2m2026-05-31 16:16:15.029-0400[m[2m | [m[2mBftProcessorExecutor-QBFT-0[m[2m | [m[32mINFO [m[2m | [m[2mQbftBesuControllerBuilder[m[2m | [m[32mProduced empty block #333 / 0 tx / 0 pending / 0 (0.0%) gas / (0xaadac5c6a5f64ce2ef98349a6409dd22f8afb45836ca36543b7b1fefae93c329)
[m[2m2026-05-31 16:16:17.035-0400[m[2m | [m[2mBftProcessorExecutor-QBFT-0[m[2m | [m[32mINFO [m[2m | [m[2mQbftBesuControllerBuilder[m[2m | [m[32mImported empty block #334 / 0 tx / 0 pending / 0 (0.0%) gas / (0x9912a2572d9bd7cc213bc9daaccd32db7ab23963f30931e893202485310d4554)
[m[2m2026-05-31 16:16:19.013-0400[m[2m | [m[2mBftProcessorExecutor-QBFT-0[m[2m | [m[32mINFO [m[2m | [m[2mQbftBesuControllerBuilder[m[2m | [m[32mImported empty block #335 / 0 tx / 0 pending / 0 (0.0%) gas / (0x7efb5d8ffde40032957f890def30f353d31f14d3b878d0cfc3a3337f081b6cc3)
[m[2m2026-05-31 16:16:21.041-0400[m[2m | [m[2mBftProcessorExecutor-QBFT-0[m[2m | [m[32mINFO [m[2m | [m[2mQbftBesuControllerBuilder[m[2m | [m[32mImported empty block #336 / 0 tx / 0 pending / 0 (0.0%) gas / (0x9e5d11605cca45bf78d0ef4e85c05a3ef04d45fe6b8e89b1f67af3f47a460a4a)
[m[2m2026-05-31 16:16:23.041-0400[m[2m | [m[2mBftProcessorExecutor-QBFT-0[m[2m | [m[32mINFO [m[2m | [m[2mQbftBesuControllerBuilder[m[2m | [m[32mProduced empty block #337 / 0 tx / 0 pending / 0 (0.0%) gas / (0xa4e3138176d851e27609746abe59576a811cf61d2cdccb1a95e92a1c2e42dde0)
[m[2m2026-05-31 16:16:25.048-0400[m[2m | [m[2mEthScheduler-Workers-33[m[2m | [m[32mINFO [m[2m | [m[2mPersistBlockTask[m[2m | [m[32mImported empty block #338 / 0 tx / 0 om / 0 (0.0%) gas / (0x17ffc0d2c87a8cf944af897fbe34a4e249766c4aca1263c4056dcbd1300afa64) in 0.000s. Peers: 3
[m[2m2026-05-31 16:16:27.010-0400[m[2m | [m[2mBftProcessorExecutor-QBFT-0[m[2m | [m[32mINFO [m[2m | [m[2mQbftBesuControllerBuilder[m[2m | [m[32mImported empty block #339 / 0 tx / 0 pending / 0 (0.0%) gas / (0xfeafd558be9e71661ad281321733e23642979786b801afe1442b62797c99f182)
[m[2m2026-05-31 16:16:29.029-0400[m[2m | [m[2mBftProcessorExecutor-QBFT-0[m[2m | [m[32mINFO [m[2m | [m[2mQbftBesuControllerBuilder[m[2m | [m[32mImported empty block #340 / 0 tx / 0 pending / 0 (0.0%) gas / (0xa320bb3b782e0e99ed098abdbac908de5e98bba6aba59b2c84322ab1aabd6346)
[m[2m2026-05-31 16:16:31.017-0400[m[2m | [m[2mEthScheduler-Workers-30[m[2m | [m[32mINFO [m[2m | [m[2mPersistBlockTask[m[2m | [m[32mImported empty block #341 / 0 tx / 0 om / 0 (0.0%) gas / (0x8a31fc38efb7245d4cdc19b6d74004ef206827cb3de42c3edfaf96fa1d26e55e) in 0.000s. Peers: 3
[m[2m2026-05-31 16:16:31.018-0400[m[2m | [m[2mBftProcessorExecutor-QBFT-0[m[2m | [m[32mINFO [m[2m | [m[2mQbftBesuControllerBuilder[m[2m | [m[32mProduced empty block #341 / 0 tx / 0 pending / 0 (0.0%) gas / (0x8a31fc38efb7245d4cdc19b6d74004ef206827cb3de42c3edfaf96fa1d26e55e)
[m[2m2026-05-31 16:16:33.019-0400[m[2m | [m[2mBftProcessorExecutor-QBFT-0[m[2m | [m[32mINFO [m[2m | [m[2mQbftBesuControllerBuilder[m[2m | [m[32mImported empty block #342 / 0 tx / 0 pending / 0 (0.0%) gas / (0x8eda6a6baea0aba54d2469cd8b5a4f649a7b415a135255179a5bc5afe421d34e)
[m[2m2026-05-31 16:16:35.015-0400[m[2m | [m[2mBftProcessorExecutor-QBFT-0[m[2m | [m[32mINFO [m[2m | [m[2mQbftBesuControllerBuilder[m[2m | [m[32mImported empty block #343 / 0 tx / 0 pending / 0 (0.0%) gas / (0xe247a5e5ff8424e6baadb4094b65c333bcd6b55eb32b6161b84c158740e8a066)
[m[2m2026-05-31 16:16:37.020-0400[m[2m | [m[2mBftProcessorExecutor-QBFT-0[m[2m | [m[32mINFO [m[2m | [m[2mQbftBesuControllerBuilder[m[2m | [m[32mImported empty block #344 / 0 tx / 0 pending / 0 (0.0%) gas / (0xdb1cd0926d0f9c117f38a3a1cac931e223f5db726590582fc1e77f394983f438)
[m[2m2026-05-31 16:16:39.027-0400[m[2m | [m[2mBftProcessorExecutor-QBFT-0[m[2m | [m[32mINFO [m[2m | [m[2mQbftBesuControllerBuilder[m[2m | [m[32mProduced empty block #345 / 0 tx / 0 pending / 0 (0.0%) gas / (0x52206e31115cbe2be5c86976eecf438ebdae13121f1ff8c2df09539fe8a7ec1f)
[m[2m2026-05-31 16:16:41.027-0400[m[2m | [m[2mBftProcessorExecutor-QBFT-0[m[2m | [m[32mINFO [m[2m | [m[2mQbftBesuControllerBuilder[m[2m | [m[32mImported empty block #346 / 0 tx / 0 pending / 0 (0.0%) gas / (0xd85c36005dea50931d80aa38e09710c51a0e007f4121d5c52efa0d6341c1e50c)
[m[2m2026-05-31 16:16:43.042-0400[m[2m | [m[2mBftProcessorExecutor-QBFT-0[m[2m | [m[32mINFO [m[2m | [m[2mQbftBesuControllerBuilder[m[2m | [m[32mImported empty block #347 / 0 tx / 0 pending / 0 (0.0%) gas / (0xdf2df63953e3e35d5c726859802b715e278e198d46b02e1b7da1d803d83974fe)
[m[2m2026-05-31 16:16:45.038-0400[m[2m | [m[2mBftProcessorExecutor-QBFT-0[m[2m | [m[32mINFO [m[2m | [m[2mQbftBesuControllerBuilder[m[2m | [m[32mImported empty block #348 / 0 tx / 0 pending / 0 (0.0%) gas / (0xc0a9e770f0a3b5b39f735056c6964036da12c2b8bfe6334e9ab5e67493913f27)
[m[2m2026-05-31 16:16:47.039-0400[m[2m | [m[2mBftProcessorExecutor-QBFT-0[m[2m | [m[32mINFO [m[2m | [m[2mQbftBesuControllerBuilder[m[2m | [m[32mProduced empty block #349 / 0 tx / 0 pending / 0 (0.0%) gas / (0x7f6d2af46d5ef0763cf212daa420f41d81d3fc43263ddd3587d984cc5fd2f2a8)
[m[2m2026-05-31 16:16:49.035-0400[m[2m | [m[2mBftProcessorExecutor-QBFT-0[m[2m | [m[32mINFO [m[2m | [m[2mQbftBesuControllerBuilder[m[2m | [m[32mImported empty block #350 / 0 tx / 0 pending / 0 (0.0%) gas / (0x14038adf412788d4e0c536d0b8a0fa0c10538ddb216570d7ae2a04ef2cf2f970)
[m[2m2026-05-31 16:16:51.038-0400[m[2m | [m[2mBftProcessorExecutor-QBFT-0[m[2m | [m[32mINFO [m[2m | [m[2mQbftBesuControllerBuilder[m[2m | [m[32mImported empty block #351 / 0 tx / 0 pending / 0 (0.0%) gas / (0x876ab6486c4fc30afc38eaabdaf7f481623606d7e4db2d0ad1c7d17462133454)
[m[2m2026-05-31 16:16:53.031-0400[m[2m | [m[2mBftProcessorExecutor-QBFT-0[m[2m | [m[32mINFO [m[2m | [m[2mQbftBesuControllerBuilder[m[2m | [m[32mImported empty block #352 / 0 tx / 0 pending / 0 (0.0%) gas / (0x1cd08cd44dc5fc9b9d74c5a89c6b9040c7ee2b6fd625f60fc46488be7243aa85)
[m[2m2026-05-31 16:16:55.023-0400[m[2m | [m[2mBftProcessorExecutor-QBFT-0[m[2m | [m[32mINFO [m[2m | [m[2mQbftBesuControllerBuilder[m[2m | [m[32mProduced empty block #353 / 0 tx / 0 pending / 0 (0.0%) gas / (0x27f5b33216f00e3ddadfe0bb04c7d6cd387612cd50fd84fb9f40cc9b3c137b50)
[m[2m2026-05-31 16:16:57.036-0400[m[2m | [m[2mBftProcessorExecutor-QBFT-0[m[2m | [m[32mINFO [m[2m | [m[2mQbftBesuControllerBuilder[m[2m | [m[32mImported empty block #354 / 0 tx / 0 pending / 0 (0.0%) gas / (0xf73cae13fb43a922a5145ca4a0a387fe3c871ed7adcff6bf01cb43b9eedaf17e)
[m[2m2026-05-31 16:16:59.037-0400[m[2m | [m[2mBftProcessorExecutor-QBFT-0[m[2m | [m[32mINFO [m[2m | [m[2mQbftBesuControllerBuilder[m[2m | [m[32mImported empty block #355 / 0 tx / 0 pending / 0 (0.0%) gas / (0xd039e58bb50a8ed9dd36ddf24e868fafcc7a8206e8c62f6563ac97eaaa3d9c73)
[m[2m2026-05-31 16:17:01.037-0400[m[2m | [m[2mBftProcessorExecutor-QBFT-0[m[2m | [m[32mINFO [m[2m | [m[2mQbftBesuControllerBuilder[m[2m | [m[32mImported empty block #356 / 0 tx / 0 pending / 0 (0.0%) gas / (0xac9bf34086c7f2ad0d92f361e18ec677acae484744694b3ba77f14debcb5b857)
[m[2m2026-05-31 16:17:03.031-0400[m[2m | [m[2mBftProcessorExecutor-QBFT-0[m[2m | [m[32mINFO [m[2m | [m[2mQbftBesuControllerBuilder[m[2m | [m[32mProduced empty block #357 / 0 tx / 0 pending / 0 (0.0%) gas / (0xcd59207a009a44e7fce9a8ccd56a11dba538d129579567af2bb872451b964f6c)
[m[2m2026-05-31 16:17:05.034-0400[m[2m | [m[2mBftProcessorExecutor-QBFT-0[m[2m | [m[32mINFO [m[2m | [m[2mQbftBesuControllerBuilder[m[2m | [m[32mImported empty block #358 / 0 tx / 0 pending / 0 (0.0%) gas / (0xca3a06ba2bf7d69823ca6e8ae01f21084aa05424645a99480578d65815196c9e)
[m[2m2026-05-31 16:17:07.036-0400[m[2m | [m[2mBftProcessorExecutor-QBFT-0[m[2m | [m[32mINFO [m[2m | [m[2mQbftBesuControllerBuilder[m[2m | [m[32mImported empty block #359 / 0 tx / 0 pending / 0 (0.0%) gas / (0xd1403db8fb68b93f10c27a3c90965fe1dbbdd5a76a1367c389e03e2e319fde61)
[m[2m2026-05-31 16:17:09.044-0400[m[2m | [m[2mBftProcessorExecutor-QBFT-0[m[2m | [m[32mINFO [m[2m | [m[2mQbftBesuControllerBuilder[m[2m | [m[32mImported empty block #360 / 0 tx / 0 pending / 0 (0.0%) gas / (0x9da37272110b68e75f5a6e8b38e5bb8167f618148ca5c4f4ca5f11a198a8a1de)
[m[2m2026-05-31 16:17:11.033-0400[m[2m | [m[2mBftProcessorExecutor-QBFT-0[m[2m | [m[32mINFO [m[2m | [m[2mQbftBesuControllerBuilder[m[2m | [m[32mProduced empty block #361 / 0 tx / 0 pending / 0 (0.0%) gas / (0x45ac6bc15c3984fff92507cbb306841a667b23c53154b06f718b564ac3e4b0c8)
[m[2m2026-05-31 16:17:13.043-0400[m[2m | [m[2mBftProcessorExecutor-QBFT-0[m[2m | [m[32mINFO [m[2m | [m[2mQbftBesuControllerBuilder[m[2m | [m[32mImported empty block #362 / 0 tx / 0 pending / 0 (0.0%) gas / (0x369c63a80c6b15c73722abc3157c99ff4ccbad2821ee4d164f2dcac466baef2d)
[m[2m2026-05-31 16:17:15.024-0400[m[2m | [m[2mBftProcessorExecutor-QBFT-0[m[2m | [m[32mINFO [m[2m | [m[2mQbftBesuControllerBuilder[m[2m | [m[32mImported empty block #363 / 0 tx / 0 pending / 0 (0.0%) gas / (0x72378859a0103a14a97dd3a6ad420afaadae3df4b205c7b44da79d729ed9b3b3)
[m[2m2026-05-31 16:17:17.024-0400[m[2m | [m[2mBftProcessorExecutor-QBFT-0[m[2m | [m[32mINFO [m[2m | [m[2mQbftBesuControllerBuilder[m[2m | [m[32mImported empty block #364 / 0 tx / 0 pending / 0 (0.0%) gas / (0x502f93d5a5029c25e35b5e255a00decafda2eb33dabeea919ffd2c24d1d6879c)
[m[2m2026-05-31 16:17:19.036-0400[m[2m | [m[2mBftProcessorExecutor-QBFT-0[m[2m | [m[32mINFO [m[2m | [m[2mQbftBesuControllerBuilder[m[2m | [m[32mProduced empty block #365 / 0 tx / 0 pending / 0 (0.0%) gas / (0xbd7d8dcda01281ad1466d8efbfc79e679603f066823fddf49b48c5d79d00ae1f)
[m[2m2026-05-31 16:17:21.041-0400[m[2m | [m[2mBftProcessorExecutor-QBFT-0[m[2m | [m[32mINFO [m[2m | [m[2mQbftBesuControllerBuilder[m[2m | [m[32mImported empty block #366 / 0 tx / 0 pending / 0 (0.0%) gas / (0x8789b57252f19896ac7a4559df6f4edb603c216f36e5d3cd09df0afa848af559)
[m[2m2026-05-31 16:17:21.041-0400[m[2m | [m[2mEthScheduler-Workers-35[m[2m | [m[32mINFO [m[2m | [m[2mPersistBlockTask[m[2m | [m[32mBlock 366 (0x8789b57252f19896ac7a4559df6f4edb603c216f36e5d3cd09df0afa848af559) is already imported
[m[2m2026-05-31 16:17:23.031-0400[m[2m | [m[2mBftProcessorExecutor-QBFT-0[m[2m | [m[32mINFO [m[2m | [m[2mQbftBesuControllerBuilder[m[2m | [m[32mImported empty block #367 / 0 tx / 0 pending / 0 (0.0%) gas / (0xa14919433336e583b541bb701a5bc33d024dcf61053367698e6377bed7027843)
[m[2m2026-05-31 16:17:25.034-0400[m[2m | [m[2mBftProcessorExecutor-QBFT-0[m[2m | [m[32mINFO [m[2m | [m[2mQbftBesuControllerBuilder[m[2m | [m[32mImported empty block #368 / 0 tx / 0 pending / 0 (0.0%) gas / (0x75ab75ddad7fe7dddec2aa95c818acddce0e433f04f69961a48373b645d7db7d)
[m[2m2026-05-31 16:17:27.024-0400[m[2m | [m[2mBftProcessorExecutor-QBFT-0[m[2m | [m[32mINFO [m[2m | [m[2mQbftBesuControllerBuilder[m[2m | [m[32mProduced empty block #369 / 0 tx / 0 pending / 0 (0.0%) gas / (0xc27bb3ca299f0785e6ce633409d71874c84170f85fcb83aa617229165f7cf755)
[m[2m2026-05-31 16:17:29.033-0400[m[2m | [m[2mBftProcessorExecutor-QBFT-0[m[2m | [m[32mINFO [m[2m | [m[2mQbftBesuControllerBuilder[m[2m | [m[32mImported empty block #370 / 0 tx / 0 pending / 0 (0.0%) gas / (0xb13e0c8b9aa70ee6dff62a7d834905d96d4e7b51ea912876022781a026697bea)
[m[2m2026-05-31 16:17:29.033-0400[m[2m | [m[2mEthScheduler-Workers-37[m[2m | [m[32mINFO [m[2m | [m[2mPersistBlockTask[m[2m | [m[32mBlock 370 (0xb13e0c8b9aa70ee6dff62a7d834905d96d4e7b51ea912876022781a026697bea) is already imported
[m[2m2026-05-31 16:17:31.028-0400[m[2m | [m[2mBftProcessorExecutor-QBFT-0[m[2m | [m[32mINFO [m[2m | [m[2mQbftBesuControllerBuilder[m[2m | [m[32mImported empty block #371 / 0 tx / 0 pending / 0 (0.0%) gas / (0xe2c4f753f2373cc30669f1ca1aff18030ef319389b834a34bd5830e9e3197994)
[m[2m2026-05-31 16:17:33.027-0400[m[2m | [m[2mBftProcessorExecutor-QBFT-0[m[2m | [m[32mINFO [m[2m | [m[2mQbftBesuControllerBuilder[m[2m | [m[32mImported empty block #372 / 0 tx / 0 pending / 0 (0.0%) gas / (0x31c670387cbe5271a32a8de3658af956e7f2c634cd23446943b77e971420d10a)
[m[2m2026-05-31 16:17:35.029-0400[m[2m | [m[2mBftProcessorExecutor-QBFT-0[m[2m | [m[32mINFO [m[2m | [m[2mQbftBesuControllerBuilder[m[2m | [m[32mProduced empty block #373 / 0 tx / 0 pending / 0 (0.0%) gas / (0x85e1d30b1764b95433cf830ac4f794d31d07b52238e6b0d68d015740eeea5aa2)
[m[2m2026-05-31 16:17:37.027-0400[m[2m | [m[2mBftProcessorExecutor-QBFT-0[m[2m | [m[32mINFO [m[2m | [m[2mQbftBesuControllerBuilder[m[2m | [m[32mImported empty block #374 / 0 tx / 0 pending / 0 (0.0%) gas / (0x0da0e14d30053b50354bb4636c214ddafc75249ea7436789562796f9efc343db)
[m[2m2026-05-31 16:17:39.030-0400[m[2m | [m[2mBftProcessorExecutor-QBFT-0[m[2m | [m[32mINFO [m[2m | [m[2mQbftBesuControllerBuilder[m[2m | [m[32mImported empty block #375 / 0 tx / 0 pending / 0 (0.0%) gas / (0x49107a83c811e9b2aac26cedb4d0a28d2680ff7820ef5597f16d5371f8a87363)
[m[2m2026-05-31 16:17:41.028-0400[m[2m | [m[2mBftProcessorExecutor-QBFT-0[m[2m | [m[32mINFO [m[2m | [m[2mQbftBesuControllerBuilder[m[2m | [m[32mImported empty block #376 / 0 tx / 0 pending / 0 (0.0%) gas / (0xe99dd9a06dd72904b1b55aa7334ce6aad5f1da90047c1ea6fa99eb2ee96636f7)
[m[2m2026-05-31 16:17:43.022-0400[m[2m | [m[2mBftProcessorExecutor-QBFT-0[m[2m | [m[32mINFO [m[2m | [m[2mQbftBesuControllerBuilder[m[2m | [m[32mProduced empty block #377 / 0 tx / 0 pending / 0 (0.0%) gas / (0x479cf991be624809ac559662987720081c209e87353a6242224bb49d04dce1a3)
[m[2m2026-05-31 16:17:45.035-0400[m[2m | [m[2mBftProcessorExecutor-QBFT-0[m[2m | [m[32mINFO [m[2m | [m[2mQbftBesuControllerBuilder[m[2m | [m[32mImported empty block #378 / 0 tx / 0 pending / 0 (0.0%) gas / (0x9e2c5882940194fa6f6e9f08101f9060f9353479d4122ca39eef88682ee6f90d)
[m[2m2026-05-31 16:17:47.043-0400[m[2m | [m[2mBftProcessorExecutor-QBFT-0[m[2m | [m[32mINFO [m[2m | [m[2mQbftBesuControllerBuilder[m[2m | [m[32mImported empty block #379 / 0 tx / 0 pending / 0 (0.0%) gas / (0x58031e5006041aa1a4a3fe658c9d6fb3ff44883e3e31134a2e45f31fb2b83af2)
[m[2m2026-05-31 16:17:49.040-0400[m[2m | [m[2mBftProcessorExecutor-QBFT-0[m[2m | [m[32mINFO [m[2m | [m[2mQbftBesuControllerBuilder[m[2m | [m[32mImported empty block #380 / 0 tx / 0 pending / 0 (0.0%) gas / (0xcba001eb223e7c7d945135a9ce7711458d58284ee21871109014f579e1958575)
[m[2m2026-05-31 16:17:49.040-0400[m[2m | [m[2mEthScheduler-Workers-39[m[2m | [m[32mINFO [m[2m | [m[2mPersistBlockTask[m[2m | [m[32mBlock 380 (0xcba001eb223e7c7d945135a9ce7711458d58284ee21871109014f579e1958575) is already imported
[m[2m2026-05-31 16:17:51.036-0400[m[2m | [m[2mBftProcessorExecutor-QBFT-0[m[2m | [m[32mINFO [m[2m | [m[2mQbftBesuControllerBuilder[m[2m | [m[32mProduced empty block #381 / 0 tx / 0 pending / 0 (0.0%) gas / (0xff7b67bcc785cf7d13f3ad15f65f143fa7b4fa7e0b4a609b0062161549cba175)
[m[2m2026-05-31 16:17:53.030-0400[m[2m | [m[2mBftProcessorExecutor-QBFT-0[m[2m | [m[32mINFO [m[2m | [m[2mQbftBesuControllerBuilder[m[2m | [m[32mImported empty block #382 / 0 tx / 0 pending / 0 (0.0%) gas / (0xe8e9a0cbf52079af15e791ae4e5a9bac2b9200ba9ad9232fbe419914129cb0b5)
[m[2m2026-05-31 16:17:55.038-0400[m[2m | [m[2mBftProcessorExecutor-QBFT-0[m[2m | [m[32mINFO [m[2m | [m[2mQbftBesuControllerBuilder[m[2m | [m[32mImported empty block #383 / 0 tx / 0 pending / 0 (0.0%) gas / (0x063e3358063d5ffe37b622e1986d6229107c7311c05834bf64373a77202a3342)
[m[2m2026-05-31 16:17:57.121-0400[m[2m | [m[2mBftProcessorExecutor-QBFT-0[m[2m | [m[32mINFO [m[2m | [m[2mQbftBesuControllerBuilder[m[2m | [m[32mImported empty block #384 / 0 tx / 0 pending / 0 (0.0%) gas / (0xfdb189f91be13a8bdd99bbe0cf5349a98adaeafe83b027e45a610301d0771c7a)
[m[2m2026-05-31 16:17:57.121-0400[m[2m | [m[2mEthScheduler-Workers-41[m[2m | [m[32mINFO [m[2m | [m[2mPersistBlockTask[m[2m | [m[32mBlock 384 (0xfdb189f91be13a8bdd99bbe0cf5349a98adaeafe83b027e45a610301d0771c7a) is already imported
[m[2m2026-05-31 16:17:59.041-0400[m[2m | [m[2mBftProcessorExecutor-QBFT-0[m[2m | [m[32mINFO [m[2m | [m[2mQbftBesuControllerBuilder[m[2m | [m[32mProduced empty block #385 / 0 tx / 0 pending / 0 (0.0%) gas / (0x7149ae6a3ac0bcec6b90d247c8313ceb5f114b72260dd523d3b9f0a0d6cebf5d)
[m[2m2026-05-31 16:18:01.035-0400[m[2m | [m[2mBftProcessorExecutor-QBFT-0[m[2m | [m[32mINFO [m[2m | [m[2mQbftBesuControllerBuilder[m[2m | [m[32mImported empty block #386 / 0 tx / 0 pending / 0 (0.0%) gas / (0xd14f5a1be9878e21b2c1e948919c9617a329233170407afa4a2c4f553397ba73)
[m[2m2026-05-31 16:18:03.029-0400[m[2m | [m[2mBftProcessorExecutor-QBFT-0[m[2m | [m[32mINFO [m[2m | [m[2mQbftBesuControllerBuilder[m[2m | [m[32mImported empty block #387 / 0 tx / 0 pending / 0 (0.0%) gas / (0xfa9fa4ae4e7b61615b0a8a5a068a8cf389a9448d99ffc13a5a329a8d409cbe0b)
[m[2m2026-05-31 16:18:05.031-0400[m[2m | [m[2mBftProcessorExecutor-QBFT-0[m[2m | [m[32mINFO [m[2m | [m[2mQbftBesuControllerBuilder[m[2m | [m[32mImported empty block #388 / 0 tx / 0 pending / 0 (0.0%) gas / (0x59bc94b8a9276f2b771f2560f7a9cb8199b8635a1fa2bf06813f31e85074a8f6)
[m[2m2026-05-31 16:18:07.037-0400[m[2m | [m[2mBftProcessorExecutor-QBFT-0[m[2m | [m[32mINFO [m[2m | [m[2mQbftBesuControllerBuilder[m[2m | [m[32mProduced empty block #389 / 0 tx / 0 pending / 0 (0.0%) gas / (0xfe40c28a4fef07e0a44ccbb4ef57ef848562e048e363a2d3f784f841ca071144)
[m[2m2026-05-31 16:18:09.039-0400[m[2m | [m[2mBftProcessorExecutor-QBFT-0[m[2m | [m[32mINFO [m[2m | [m[2mQbftBesuControllerBuilder[m[2m | [m[32mImported empty block #390 / 0 tx / 0 pending / 0 (0.0%) gas / (0xc5358ce5da388bd353323188c13263d3599780e38f25ec34a711ec1d6de79fca)
[m[2m2026-05-31 16:18:11.040-0400[m[2m | [m[2mBftProcessorExecutor-QBFT-0[m[2m | [m[32mINFO [m[2m | [m[2mQbftBesuControllerBuilder[m[2m | [m[32mImported empty block #391 / 0 tx / 0 pending / 0 (0.0%) gas / (0xa822181633223ac2aa7f363eaadfea3703f36684d9dc0af83277ca93d21a7cc4)
[m[2m2026-05-31 16:18:13.032-0400[m[2m | [m[2mBftProcessorExecutor-QBFT-0[m[2m | [m[32mINFO [m[2m | [m[2mQbftBesuControllerBuilder[m[2m | [m[32mImported empty block #392 / 0 tx / 0 pending / 0 (0.0%) gas / (0x2471e0b309f23c639648d1b910925a772348c2fcc5ff000d4419ed1dcb153696)
[m[2m2026-05-31 16:18:15.038-0400[m[2m | [m[2mBftProcessorExecutor-QBFT-0[m[2m | [m[32mINFO [m[2m | [m[2mQbftBesuControllerBuilder[m[2m | [m[32mProduced empty block #393 / 0 tx / 0 pending / 0 (0.0%) gas / (0x8b128a2cd6cb0496d7b3c9c924273710d5218c4d0d5858c15119e63814a1813c)
[m[2m2026-05-31 16:18:17.028-0400[m[2m | [m[2mBftProcessorExecutor-QBFT-0[m[2m | [m[32mINFO [m[2m | [m[2mQbftBesuControllerBuilder[m[2m | [m[32mImported empty block #394 / 0 tx / 0 pending / 0 (0.0%) gas / (0xc2bcf31b611d42ab803d90695ea59b93342ab5b090945ce22b4028e709064a0d)
[m[2m2026-05-31 16:18:19.028-0400[m[2m | [m[2mBftProcessorExecutor-QBFT-0[m[2m | [m[32mINFO [m[2m | [m[2mQbftBesuControllerBuilder[m[2m | [m[32mImported empty block #395 / 0 tx / 0 pending / 0 (0.0%) gas / (0x572bd13d86c7eda1303227268b0f99d9800c01368fba7cb62bce125c4266ce32)
[m[2m2026-05-31 16:18:21.034-0400[m[2m | [m[2mBftProcessorExecutor-QBFT-0[m[2m | [m[32mINFO [m[2m | [m[2mQbftBesuControllerBuilder[m[2m | [m[32mImported empty block #396 / 0 tx / 0 pending / 0 (0.0%) gas / (0x7901b559f70888af8ac6029ae35122f04f80c4c14df5383e75ca9fffb6a7bb96)
[m[2m2026-05-31 16:18:23.025-0400[m[2m | [m[2mBftProcessorExecutor-QBFT-0[m[2m | [m[32mINFO [m[2m | [m[2mQbftBesuControllerBuilder[m[2m | [m[32mProduced empty block #397 / 0 tx / 0 pending / 0 (0.0%) gas / (0xb7b6f3f16b78d9db52d750a100a7cce68608f7dbe8bde29ced2c7f66a6b56708)
[m[2m2026-05-31 16:18:25.031-0400[m[2m | [m[2mBftProcessorExecutor-QBFT-0[m[2m | [m[32mINFO [m[2m | [m[2mQbftBesuControllerBuilder[m[2m | [m[32mImported empty block #398 / 0 tx / 0 pending / 0 (0.0%) gas / (0x78bea5e5b598906dbf8668c945c43c3d7a2da2339791a2f832af4b5ce8ba9f2f)
[m[2m2026-05-31 16:18:27.038-0400[m[2m | [m[2mBftProcessorExecutor-QBFT-0[m[2m | [m[32mINFO [m[2m | [m[2mQbftBesuControllerBuilder[m[2m | [m[32mImported empty block #399 / 0 tx / 0 pending / 0 (0.0%) gas / (0x8c75ec0db3f8a3c1e7a2d49beefbcb67208fc63672a44c8cd53b360ccd694140)
[m[2m2026-05-31 16:18:29.041-0400[m[2m | [m[2mBftProcessorExecutor-QBFT-0[m[2m | [m[32mINFO [m[2m | [m[2mQbftBesuControllerBuilder[m[2m | [m[32mImported empty block #400 / 0 tx / 0 pending / 0 (0.0%) gas / (0x3d1b2869f76c6f4a4ec72720c7359c112732f3cd852e0c21a4b256a50d51bfe4)
[m[2m2026-05-31 16:18:31.034-0400[m[2m | [m[2mBftProcessorExecutor-QBFT-0[m[2m | [m[32mINFO [m[2m | [m[2mQbftBesuControllerBuilder[m[2m | [m[32mProduced empty block #401 / 0 tx / 0 pending / 0 (0.0%) gas / (0xfa72dc7dd48c4c1258d0c746d6b88cc1cc184bf305b8642acf19940bbf2116ee)
[m[2m2026-05-31 16:18:33.032-0400[m[2m | [m[2mBftProcessorExecutor-QBFT-0[m[2m | [m[32mINFO [m[2m | [m[2mQbftBesuControllerBuilder[m[2m | [m[32mImported empty block #402 / 0 tx / 0 pending / 0 (0.0%) gas / (0x01e87eddaa44bd348be39789d4cfb370c6e2e00cbcc4fbff5b76905d50fa201d)
[m[2m2026-05-31 16:18:35.042-0400[m[2m | [m[2mBftProcessorExecutor-QBFT-0[m[2m | [m[32mINFO [m[2m | [m[2mQbftBesuControllerBuilder[m[2m | [m[32mImported empty block #403 / 0 tx / 0 pending / 0 (0.0%) gas / (0xeeae65d5ff21917953b1bf657b2fdfd81b9b0d1d04b01029e868435a520ab84f)
[m[2m2026-05-31 16:18:35.042-0400[m[2m | [m[2mEthScheduler-Workers-43[m[2m | [m[32mINFO [m[2m | [m[2mPersistBlockTask[m[2m | [m[32mBlock 403 (0xeeae65d5ff21917953b1bf657b2fdfd81b9b0d1d04b01029e868435a520ab84f) is already imported
[m[2m2026-05-31 16:18:37.030-0400[m[2m | [m[2mBftProcessorExecutor-QBFT-0[m[2m | [m[32mINFO [m[2m | [m[2mQbftBesuControllerBuilder[m[2m | [m[32mImported empty block #404 / 0 tx / 0 pending / 0 (0.0%) gas / (0x74d08ee2984741113add332228c9e566ab93f17e0b54949c18bd6809ac51439a)
[m[2m2026-05-31 16:18:39.040-0400[m[2m | [m[2mBftProcessorExecutor-QBFT-0[m[2m | [m[32mINFO [m[2m | [m[2mQbftBesuControllerBuilder[m[2m | [m[32mProduced empty block #405 / 0 tx / 0 pending / 0 (0.0%) gas / (0x59e1d940c70c963f1b76b5c41badecee858610f11781033b7aa1907d51f86059)
[m[2m2026-05-31 16:18:41.042-0400[m[2m | [m[2mBftProcessorExecutor-QBFT-0[m[2m | [m[32mINFO [m[2m | [m[2mQbftBesuControllerBuilder[m[2m | [m[32mImported empty block #406 / 0 tx / 0 pending / 0 (0.0%) gas / (0x84695485b8ba8ce787e7ddb93e2f05a2b9b41e55958c24f8eb242138eada3a25)
[m[2m2026-05-31 16:18:43.037-0400[m[2m | [m[2mBftProcessorExecutor-QBFT-0[m[2m | [m[32mINFO [m[2m | [m[2mQbftBesuControllerBuilder[m[2m | [m[32mImported empty block #407 / 0 tx / 0 pending / 0 (0.0%) gas / (0x56b3bf71cd46c59c11d6f37e5ea955cc3f18cefc93aa2d3922a31db90651ac2e)
[m[2m2026-05-31 16:18:45.038-0400[m[2m | [m[2mBftProcessorExecutor-QBFT-0[m[2m | [m[32mINFO [m[2m | [m[2mQbftBesuControllerBuilder[m[2m | [m[32mImported empty block #408 / 0 tx / 0 pending / 0 (0.0%) gas / (0xfa4a10f9efe650de25961e73eeefd173bac141188c62992c22b9827e25610028)
[m[2m2026-05-31 16:18:47.045-0400[m[2m | [m[2mBftProcessorExecutor-QBFT-0[m[2m | [m[32mINFO [m[2m | [m[2mQbftBesuControllerBuilder[m[2m | [m[32mProduced empty block #409 / 0 tx / 0 pending / 0 (0.0%) gas / (0xca16dd43338f4f8892fe870c6e78a608bcb9619599e65914f30dc4472a0b199f)
[m[2m2026-05-31 16:18:47.045-0400[m[2m | [m[2mEthScheduler-Workers-45[m[2m | [m[32mINFO [m[2m | [m[2mPersistBlockTask[m[2m | [m[32mBlock 409 (0xca16dd43338f4f8892fe870c6e78a608bcb9619599e65914f30dc4472a0b199f) is already imported
[m[2m2026-05-31 16:18:49.036-0400[m[2m | [m[2mBftProcessorExecutor-QBFT-0[m[2m | [m[32mINFO [m[2m | [m[2mQbftBesuControllerBuilder[m[2m | [m[32mImported empty block #410 / 0 tx / 0 pending / 0 (0.0%) gas / (0xb48f1bf35c8f73286eea86e9f3859f1c93b53ef66190510188ad007d9cd66440)
[m[2m2026-05-31 16:18:51.029-0400[m[2m | [m[2mBftProcessorExecutor-QBFT-0[m[2m | [m[32mINFO [m[2m | [m[2mQbftBesuControllerBuilder[m[2m | [m[32mImported empty block #411 / 0 tx / 0 pending / 0 (0.0%) gas / (0xd8536478b84015330a9536ce1cee068e69ea590f9e7fc635854157b4d773172a)
[m[2m2026-05-31 16:18:53.035-0400[m[2m | [m[2mBftProcessorExecutor-QBFT-0[m[2m | [m[32mINFO [m[2m | [m[2mQbftBesuControllerBuilder[m[2m | [m[32mImported empty block #412 / 0 tx / 0 pending / 0 (0.0%) gas / (0x2f66378f7b9bb9d4e3a69477191a51864e56540142e8a6a1c7f4fd3019c1f1c6)
[m[2m2026-05-31 16:18:55.038-0400[m[2m | [m[2mBftProcessorExecutor-QBFT-0[m[2m | [m[32mINFO [m[2m | [m[2mQbftBesuControllerBuilder[m[2m | [m[32mProduced empty block #413 / 0 tx / 0 pending / 0 (0.0%) gas / (0x24acaa2813132a2ca5c5b93a06efdceab3e15e86853301dd4dda199391e5d53c)
[m[2m2026-05-31 16:18:57.035-0400[m[2m | [m[2mBftProcessorExecutor-QBFT-0[m[2m | [m[32mINFO [m[2m | [m[2mQbftBesuControllerBuilder[m[2m | [m[32mImported empty block #414 / 0 tx / 0 pending / 0 (0.0%) gas / (0x24357d64f563bc535f91b9eb9184988e4be010106fe4a8385179584cc3a1f35c)
[m[2m2026-05-31 16:18:59.028-0400[m[2m | [m[2mBftProcessorExecutor-QBFT-0[m[2m | [m[32mINFO [m[2m | [m[2mQbftBesuControllerBuilder[m[2m | [m[32mImported empty block #415 / 0 tx / 0 pending / 0 (0.0%) gas / (0xb446df5317e3301fa0fefb23350cfa95a4387bb4a0fcc6dc7e1b30a5dd8b2d62)
[m[2m2026-05-31 16:19:01.033-0400[m[2m | [m[2mBftProcessorExecutor-QBFT-0[m[2m | [m[32mINFO [m[2m | [m[2mQbftBesuControllerBuilder[m[2m | [m[32mImported empty block #416 / 0 tx / 0 pending / 0 (0.0%) gas / (0x640f75c68ecb991ea0f5fa9593291bed29df4c70f94c70004c49fbf4c1c3b781)
[m[2m2026-05-31 16:19:03.040-0400[m[2m | [m[2mBftProcessorExecutor-QBFT-0[m[2m | [m[32mINFO [m[2m | [m[2mQbftBesuControllerBuilder[m[2m | [m[32mProduced empty block #417 / 0 tx / 0 pending / 0 (0.0%) gas / (0x649caef946817e9130b6bdc9c1867cb223dd87a20bca1d781560dddf34eb8e65)
[m[2m2026-05-31 16:19:05.041-0400[m[2m | [m[2mBftProcessorExecutor-QBFT-0[m[2m | [m[32mINFO [m[2m | [m[2mQbftBesuControllerBuilder[m[2m | [m[32mImported empty block #418 / 0 tx / 0 pending / 0 (0.0%) gas / (0x8a9cca4f31cb0375db1b2b7d2a8d55f5adb35556ea043b3509f944a5d9650a3a)
[m[2m2026-05-31 16:19:07.034-0400[m[2m | [m[2mBftProcessorExecutor-QBFT-0[m[2m | [m[32mINFO [m[2m | [m[2mQbftBesuControllerBuilder[m[2m | [m[32mImported empty block #419 / 0 tx / 0 pending / 0 (0.0%) gas / (0x1e57a5c3ff65d862ac17c135c0b186723879bbe79a606a63716d6cf2839d20df)
[m[2m2026-05-31 16:19:09.027-0400[m[2m | [m[2mBftProcessorExecutor-QBFT-0[m[2m | [m[32mINFO [m[2m | [m[2mQbftBesuControllerBuilder[m[2m | [m[32mImported empty block #420 / 0 tx / 0 pending / 0 (0.0%) gas / (0x09537546c2cfe171993136fe1eaa9a7a33df84c85620025bb356ab0edba1faf4)
[m[2m2026-05-31 16:19:11.033-0400[m[2m | [m[2mBftProcessorExecutor-QBFT-0[m[2m | [m[32mINFO [m[2m | [m[2mQbftBesuControllerBuilder[m[2m | [m[32mProduced empty block #421 / 0 tx / 0 pending / 0 (0.0%) gas / (0x1d58f7ac4c84e642a84c942fa7641d8f9d7fe780c1edbeea1646763a3cffc98d)
[m[2m2026-05-31 16:19:13.025-0400[m[2m | [m[2mBftProcessorExecutor-QBFT-0[m[2m | [m[32mINFO [m[2m | [m[2mQbftBesuControllerBuilder[m[2m | [m[32mImported empty block #422 / 0 tx / 0 pending / 0 (0.0%) gas / (0xd08de41828eed0e46c1219ef7b92d7148cff1933400e324b5b9308865ef6f1c4)
[m[2m2026-05-31 16:19:15.037-0400[m[2m | [m[2mBftProcessorExecutor-QBFT-0[m[2m | [m[32mINFO [m[2m | [m[2mQbftBesuControllerBuilder[m[2m | [m[32mImported empty block #423 / 0 tx / 0 pending / 0 (0.0%) gas / (0xbf3716014c7947e6c46a44c48c2e9c0d374b698c5f2cc9a99044f5b43dff9870)
[m[2m2026-05-31 16:19:17.036-0400[m[2m | [m[2mBftProcessorExecutor-QBFT-0[m[2m | [m[32mINFO [m[2m | [m[2mQbftBesuControllerBuilder[m[2m | [m[32mImported empty block #424 / 0 tx / 0 pending / 0 (0.0%) gas / (0x50093de847e3fda4145e1d8f170eadf501239aa607eec563268e2daf6d253fda)
[m[2m2026-05-31 16:19:19.014-0400[m[2m | [m[2mBftProcessorExecutor-QBFT-0[m[2m | [m[32mINFO [m[2m | [m[2mQbftBesuControllerBuilder[m[2m | [m[32mProduced empty block #425 / 0 tx / 0 pending / 0 (0.0%) gas / (0x18d198510d7c23ec8de57c4fa75cac46fe90b574df9e6ef326e2cd6eb3d36154)
[m[2m2026-05-31 16:19:21.015-0400[m[2m | [m[2mBftProcessorExecutor-QBFT-0[m[2m | [m[32mINFO [m[2m | [m[2mQbftBesuControllerBuilder[m[2m | [m[32mImported empty block #426 / 0 tx / 0 pending / 0 (0.0%) gas / (0x8c48c19bc8c0314092bca426ebec405095e7322ca3f29a5e23c0a937d54772a2)
[m[2m2026-05-31 16:19:23.039-0400[m[2m | [m[2mBftProcessorExecutor-QBFT-0[m[2m | [m[32mINFO [m[2m | [m[2mQbftBesuControllerBuilder[m[2m | [m[32mImported empty block #427 / 0 tx / 0 pending / 0 (0.0%) gas / (0x5c45c54e64481302b7a244ffa4527653f8d0b8589c12a3ef041412ad669030b5)
[m[2m2026-05-31 16:19:25.011-0400[m[2m | [m[2mBftProcessorExecutor-QBFT-0[m[2m | [m[32mINFO [m[2m | [m[2mQbftBesuControllerBuilder[m[2m | [m[32mImported empty block #428 / 0 tx / 0 pending / 0 (0.0%) gas / (0x91a5a847ebcbf26db767f18a6af0b8d0dec87acadccf969f41a9dc309ae39118)
[m[2m2026-05-31 16:19:27.033-0400[m[2m | [m[2mBftProcessorExecutor-QBFT-0[m[2m | [m[32mINFO [m[2m | [m[2mQbftBesuControllerBuilder[m[2m | [m[32mProduced empty block #429 / 0 tx / 0 pending / 0 (0.0%) gas / (0x343a8341dbe59e8bd02ea01e05f13a2c3af3b6949d0591a422e182165b5b1a4c)
[m[2m2026-05-31 16:19:29.030-0400[m[2m | [m[2mBftProcessorExecutor-QBFT-0[m[2m | [m[32mINFO [m[2m | [m[2mQbftBesuControllerBuilder[m[2m | [m[32mImported empty block #430 / 0 tx / 0 pending / 0 (0.0%) gas / (0xa45afe01652f26b0f74dcf1a9632f5fd2161a8087ec4c940981c46bd7e12d705)
[m[2m2026-05-31 16:19:31.010-0400[m[2m | [m[2mBftProcessorExecutor-QBFT-0[m[2m | [m[32mINFO [m[2m | [m[2mQbftBesuControllerBuilder[m[2m | [m[32mImported empty block #431 / 0 tx / 0 pending / 0 (0.0%) gas / (0xb8cab94a64c1ad93627ffcf151488df8f9fcd2276180f48cb0526ebc84f913da)
[m[2m2026-05-31 16:19:33.008-0400[m[2m | [m[2mBftProcessorExecutor-QBFT-0[m[2m | [m[32mINFO [m[2m | [m[2mQbftBesuControllerBuilder[m[2m | [m[32mImported empty block #432 / 0 tx / 0 pending / 0 (0.0%) gas / (0x47f94f212e075a5cd1f8d99ac3529d3161573b89158f1bbbc006a54e1e541d6b)
[m[2m2026-05-31 16:19:35.013-0400[m[2m | [m[2mBftProcessorExecutor-QBFT-0[m[2m | [m[32mINFO [m[2m | [m[2mQbftBesuControllerBuilder[m[2m | [m[32mProduced empty block #433 / 0 tx / 0 pending / 0 (0.0%) gas / (0xf81d5337d99e2862b7b38bb23f1f28a0c7b2bf957cd35a36a609915d57ab774e)
[m[2m2026-05-31 16:19:37.015-0400[m[2m | [m[2mBftProcessorExecutor-QBFT-0[m[2m | [m[32mINFO [m[2m | [m[2mQbftBesuControllerBuilder[m[2m | [m[32mImported empty block #434 / 0 tx / 0 pending / 0 (0.0%) gas / (0x0e304c897758121a2a8e0af633235a6f54ca5a16d00af28637acd088fe76fe9a)
[m[2m2026-05-31 16:19:39.011-0400[m[2m | [m[2mBftProcessorExecutor-QBFT-0[m[2m | [m[32mINFO [m[2m | [m[2mQbftBesuControllerBuilder[m[2m | [m[32mImported empty block #435 / 0 tx / 0 pending / 0 (0.0%) gas / (0x1e8a72e768c6b38bc4543f17c9ddc2324d5cea851bc8461113d28b8afe9c68e5)
[m[2m2026-05-31 16:19:41.010-0400[m[2m | [m[2mBftProcessorExecutor-QBFT-0[m[2m | [m[32mINFO [m[2m | [m[2mQbftBesuControllerBuilder[m[2m | [m[32mImported empty block #436 / 0 tx / 0 pending / 0 (0.0%) gas / (0xda4c80cf9b09731c14d10a20010b12ccf7b1bd6f90f1aedb0d909151ff14f695)
[m[2m2026-05-31 16:19:43.018-0400[m[2m | [m[2mBftProcessorExecutor-QBFT-0[m[2m | [m[32mINFO [m[2m | [m[2mQbftBesuControllerBuilder[m[2m | [m[32mProduced empty block #437 / 0 tx / 0 pending / 0 (0.0%) gas / (0x6385c93ea7c2b40a7bd19bf0e69c0f5b4fecb7a7e5f4c0478d8607cc4d71a23b)
[m[2m2026-05-31 16:19:45.020-0400[m[2m | [m[2mBftProcessorExecutor-QBFT-0[m[2m | [m[32mINFO [m[2m | [m[2mQbftBesuControllerBuilder[m[2m | [m[32mImported empty block #438 / 0 tx / 0 pending / 0 (0.0%) gas / (0xd96a5f72befdfc7bf4750ce108420aa5fcc8af833f9a3efc8e316e119d57b4f6)
[m[2m2026-05-31 16:19:45.020-0400[m[2m | [m[2mEthScheduler-Workers-47[m[2m | [m[32mINFO [m[2m | [m[2mPersistBlockTask[m[2m | [m[32mBlock 438 (0xd96a5f72befdfc7bf4750ce108420aa5fcc8af833f9a3efc8e316e119d57b4f6) is already imported
[m[2m2026-05-31 16:19:47.021-0400[m[2m | [m[2mBftProcessorExecutor-QBFT-0[m[2m | [m[32mINFO [m[2m | [m[2mQbftBesuControllerBuilder[m[2m | [m[32mImported empty block #439 / 0 tx / 0 pending / 0 (0.0%) gas / (0xa0e5bec4d8a76bf6760e2f53b6051c0422c00ac26b6004e84a3e1ed4077ee6ab)
[m[2m2026-05-31 16:19:49.026-0400[m[2m | [m[2mBftProcessorExecutor-QBFT-0[m[2m | [m[32mINFO [m[2m | [m[2mQbftBesuControllerBuilder[m[2m | [m[32mImported empty block #440 / 0 tx / 0 pending / 0 (0.0%) gas / (0xf016a45987b6c6a9a7fc01866fe7820bb0344617436e4aff5df8c431c34340ee)
[m[2m2026-05-31 16:19:51.035-0400[m[2m | [m[2mBftProcessorExecutor-QBFT-0[m[2m | [m[32mINFO [m[2m | [m[2mQbftBesuControllerBuilder[m[2m | [m[32mProduced empty block #441 / 0 tx / 0 pending / 0 (0.0%) gas / (0x62530e13589dc0814b599163191d2aed7bc05b3a792c2eb4679d1498b8aa0c28)
[m[2m2026-05-31 16:19:53.022-0400[m[2m | [m[2mBftProcessorExecutor-QBFT-0[m[2m | [m[32mINFO [m[2m | [m[2mQbftBesuControllerBuilder[m[2m | [m[32mImported empty block #442 / 0 tx / 0 pending / 0 (0.0%) gas / (0x216d08a41c101a60b4960a304b0198f7bc456445eccd69cead9eba5fd47032e2)
[m[2m2026-05-31 16:19:55.031-0400[m[2m | [m[2mBftProcessorExecutor-QBFT-0[m[2m | [m[32mINFO [m[2m | [m[2mQbftBesuControllerBuilder[m[2m | [m[32mImported empty block #443 / 0 tx / 0 pending / 0 (0.0%) gas / (0x7240f714dd247082c6a8ee4bc7f2a343c0dcdfb5357237900745d163e145309e)
[m[2m2026-05-31 16:19:57.037-0400[m[2m | [m[2mBftProcessorExecutor-QBFT-0[m[2m | [m[32mINFO [m[2m | [m[2mQbftBesuControllerBuilder[m[2m | [m[32mImported empty block #444 / 0 tx / 0 pending / 0 (0.0%) gas / (0xbd0ab87d35cf0bf7e58430fe121bfd3b54f761b47991e97faca43b78c38c71db)
[m[2m2026-05-31 16:19:59.035-0400[m[2m | [m[2mBftProcessorExecutor-QBFT-0[m[2m | [m[32mINFO [m[2m | [m[2mQbftBesuControllerBuilder[m[2m | [m[32mProduced empty block #445 / 0 tx / 0 pending / 0 (0.0%) gas / (0xc0c036c8e8f73a4f21160af112b125a5ce9aed4a1b25223bc5ea4ed38bfbf015)
[m[2m2026-05-31 16:20:01.028-0400[m[2m | [m[2mBftProcessorExecutor-QBFT-0[m[2m | [m[32mINFO [m[2m | [m[2mQbftBesuControllerBuilder[m[2m | [m[32mImported empty block #446 / 0 tx / 0 pending / 0 (0.0%) gas / (0x204ceb25ceb27916c73b99321a889ab93b30856a33b1d66d1cf7e43fdcd9091d)
[m[2m2026-05-31 16:20:01.028-0400[m[2m | [m[2mEthScheduler-Workers-49[m[2m | [m[32mINFO [m[2m | [m[2mPersistBlockTask[m[2m | [m[32mBlock 446 (0x204ceb25ceb27916c73b99321a889ab93b30856a33b1d66d1cf7e43fdcd9091d) is already imported
[m[2m2026-05-31 16:20:03.028-0400[m[2m | [m[2mBftProcessorExecutor-QBFT-0[m[2m | [m[32mINFO [m[2m | [m[2mQbftBesuControllerBuilder[m[2m | [m[32mImported empty block #447 / 0 tx / 0 pending / 0 (0.0%) gas / (0xc7e796d8950864f17811ae93324413c6f8dd7f23b639f46499d738e3556679bb)
[m[2m2026-05-31 16:20:03.028-0400[m[2m | [m[2mEthScheduler-Workers-51[m[2m | [m[32mINFO [m[2m | [m[2mPersistBlockTask[m[2m | [m[32mBlock 447 (0xc7e796d8950864f17811ae93324413c6f8dd7f23b639f46499d738e3556679bb) is already imported
[m[2m2026-05-31 16:20:05.027-0400[m[2m | [m[2mBftProcessorExecutor-QBFT-0[m[2m | [m[32mINFO [m[2m | [m[2mQbftBesuControllerBuilder[m[2m | [m[32mImported empty block #448 / 0 tx / 0 pending / 0 (0.0%) gas / (0x97857e49e39c610fab8d8b452ca07216f0691184be8a75b12172beb54f0bc30a)
[m[2m2026-05-31 16:20:07.026-0400[m[2m | [m[2mBftProcessorExecutor-QBFT-0[m[2m | [m[32mINFO [m[2m | [m[2mQbftBesuControllerBuilder[m[2m | [m[32mProduced empty block #449 / 0 tx / 0 pending / 0 (0.0%) gas / (0x18a9e61126c7fe8d3a09bcf8033e64968ab35ac929fa5513c6c0d2bdee7a6588)
[m[2m2026-05-31 16:20:09.024-0400[m[2m | [m[2mBftProcessorExecutor-QBFT-0[m[2m | [m[32mINFO [m[2m | [m[2mQbftBesuControllerBuilder[m[2m | [m[32mImported empty block #450 / 0 tx / 0 pending / 0 (0.0%) gas / (0x833d9455b60be0706fbfa1e345958573e3b52baf2d6a532edb56603d55e6aeaa)
[m[2m2026-05-31 16:20:11.038-0400[m[2m | [m[2mBftProcessorExecutor-QBFT-0[m[2m | [m[32mINFO [m[2m | [m[2mQbftBesuControllerBuilder[m[2m | [m[32mImported empty block #451 / 0 tx / 0 pending / 0 (0.0%) gas / (0x175454472b3a0c2a4972eb31d803f0cc834074d21401784f209e3ccddc0d2ebf)
[m[2m2026-05-31 16:20:13.029-0400[m[2m | [m[2mBftProcessorExecutor-QBFT-0[m[2m | [m[32mINFO [m[2m | [m[2mQbftBesuControllerBuilder[m[2m | [m[32mImported empty block #452 / 0 tx / 0 pending / 0 (0.0%) gas / (0x4d2543f560ce52ed534a46123cf979703212bd972c561d0c75a8727be7db9c02)
[m[2m2026-05-31 16:20:15.038-0400[m[2m | [m[2mBftProcessorExecutor-QBFT-0[m[2m | [m[32mINFO [m[2m | [m[2mQbftBesuControllerBuilder[m[2m | [m[32mProduced empty block #453 / 0 tx / 0 pending / 0 (0.0%) gas / (0xc57fb0ad914b288a72ea1743adf7fa3a6916c55bbec1e1b980bcd688210777a0)
[m[2m2026-05-31 16:20:17.038-0400[m[2m | [m[2mBftProcessorExecutor-QBFT-0[m[2m | [m[32mINFO [m[2m | [m[2mQbftBesuControllerBuilder[m[2m | [m[32mImported empty block #454 / 0 tx / 0 pending / 0 (0.0%) gas / (0x69d2d9b447b4f378774ccb871ff8c35a4afde62979d42aedcd7cc67c2b641b4c)
[m[2m2026-05-31 16:20:19.038-0400[m[2m | [m[2mBftProcessorExecutor-QBFT-0[m[2m | [m[32mINFO [m[2m | [m[2mQbftBesuControllerBuilder[m[2m | [m[32mImported empty block #455 / 0 tx / 0 pending / 0 (0.0%) gas / (0x5f365473ec492d91025e750fe8a09a5334fff09d86ed3b869aaef16f15fe5e9b)
[m[2m2026-05-31 16:20:19.038-0400[m[2m | [m[2mEthScheduler-Workers-53[m[2m | [m[32mINFO [m[2m | [m[2mPersistBlockTask[m[2m | [m[32mImported empty block #455 / 0 tx / 0 om / 0 (0.0%) gas / (0x5f365473ec492d91025e750fe8a09a5334fff09d86ed3b869aaef16f15fe5e9b) in 0.000s. Peers: 3
[m[2m2026-05-31 16:20:21.038-0400[m[2m | [m[2mBftProcessorExecutor-QBFT-0[m[2m | [m[32mINFO [m[2m | [m[2mQbftBesuControllerBuilder[m[2m | [m[32mImported empty block #456 / 0 tx / 0 pending / 0 (0.0%) gas / (0x9400803c95c88cbc317995d8cc5a9bf077e71bffb9963b85a5165112a08df099)
[m[2m2026-05-31 16:20:23.033-0400[m[2m | [m[2mBftProcessorExecutor-QBFT-0[m[2m | [m[32mINFO [m[2m | [m[2mQbftBesuControllerBuilder[m[2m | [m[32mProduced empty block #457 / 0 tx / 0 pending / 0 (0.0%) gas / (0xbcff1a034061f9f7143208128d4196a8162d60b9bc1127a958191122082ef3e1)
[m[2m2026-05-31 16:20:25.026-0400[m[2m | [m[2mBftProcessorExecutor-QBFT-0[m[2m | [m[32mINFO [m[2m | [m[2mQbftBesuControllerBuilder[m[2m | [m[32mImported empty block #458 / 0 tx / 0 pending / 0 (0.0%) gas / (0x04e3fb92494cfcfd4d2984dda7da7d67c4a11afc2282c44544c3bbbd1a3614cb)
[m[2m2026-05-31 16:20:27.037-0400[m[2m | [m[2mBftProcessorExecutor-QBFT-0[m[2m | [m[32mINFO [m[2m | [m[2mQbftBesuControllerBuilder[m[2m | [m[32mImported empty block #459 / 0 tx / 0 pending / 0 (0.0%) gas / (0x8fae0a8eff7f33a4c3ffc216f78383e8b031a6026d73282e8be0873e02299916)
[m[2m2026-05-31 16:20:29.026-0400[m[2m | [m[2mBftProcessorExecutor-QBFT-0[m[2m | [m[32mINFO [m[2m | [m[2mQbftBesuControllerBuilder[m[2m | [m[32mImported empty block #460 / 0 tx / 0 pending / 0 (0.0%) gas / (0x5044ceeaa8bb2e21d8965830b032a5ac2ea6f179c150cd62fb4c64484c731746)
[m[2m2026-05-31 16:20:31.025-0400[m[2m | [m[2mBftProcessorExecutor-QBFT-0[m[2m | [m[32mINFO [m[2m | [m[2mQbftBesuControllerBuilder[m[2m | [m[32mProduced empty block #461 / 0 tx / 0 pending / 0 (0.0%) gas / (0x0cc0d2923dc6c8bf5b02dac778b212175232baf45a6f6df078501fdfb532f597)
[m[2m2026-05-31 16:20:33.032-0400[m[2m | [m[2mBftProcessorExecutor-QBFT-0[m[2m | [m[32mINFO [m[2m | [m[2mQbftBesuControllerBuilder[m[2m | [m[32mImported empty block #462 / 0 tx / 0 pending / 0 (0.0%) gas / (0x4791d9dd3a17dcc31e771ddac328fe9b11bf7825cd8f7c5c8cc503bae0a9d311)
[m[2m2026-05-31 16:20:35.037-0400[m[2m | [m[2mBftProcessorExecutor-QBFT-0[m[2m | [m[32mINFO [m[2m | [m[2mQbftBesuControllerBuilder[m[2m | [m[32mImported empty block #463 / 0 tx / 0 pending / 0 (0.0%) gas / (0x80eae0fe89f30b26d32da8f15cd19d1af1b138affcef8b19975b0ec44f296f2f)
[m[2m2026-05-31 16:20:37.032-0400[m[2m | [m[2mBftProcessorExecutor-QBFT-0[m[2m | [m[32mINFO [m[2m | [m[2mQbftBesuControllerBuilder[m[2m | [m[32mImported empty block #464 / 0 tx / 0 pending / 0 (0.0%) gas / (0x91810de3e842aca46af3991d97687df4058c84e32df3b7034b3ed4ac5bdbd58a)
[m[2m2026-05-31 16:20:39.035-0400[m[2m | [m[2mBftProcessorExecutor-QBFT-0[m[2m | [m[32mINFO [m[2m | [m[2mQbftBesuControllerBuilder[m[2m | [m[32mProduced empty block #465 / 0 tx / 0 pending / 0 (0.0%) gas / (0x3291d270e037e8077429fa4a4f85cd3b1cbc382a3ec4b608d2d499c719149f0d)
[m[2m2026-05-31 16:20:41.032-0400[m[2m | [m[2mBftProcessorExecutor-QBFT-0[m[2m | [m[32mINFO [m[2m | [m[2mQbftBesuControllerBuilder[m[2m | [m[32mImported empty block #466 / 0 tx / 0 pending / 0 (0.0%) gas / (0xc8532faf00fe43d954bad65aab81e6e5309e8a23bd000f01ddb1255d801f9603)
[m[2m2026-05-31 16:20:43.037-0400[m[2m | [m[2mBftProcessorExecutor-QBFT-0[m[2m | [m[32mINFO [m[2m | [m[2mQbftBesuControllerBuilder[m[2m | [m[32mImported empty block #467 / 0 tx / 0 pending / 0 (0.0%) gas / (0x477673f16e3cc672aa7731f321d31b7118411024103705477444c6b27ade6cbe)
[m[2m2026-05-31 16:20:45.031-0400[m[2m | [m[2mBftProcessorExecutor-QBFT-0[m[2m | [m[32mINFO [m[2m | [m[2mQbftBesuControllerBuilder[m[2m | [m[32mImported empty block #468 / 0 tx / 0 pending / 0 (0.0%) gas / (0x490402d7864b067db1275fb5947f854e1022f575b4311490046aa4a4b12866a4)
[m[2m2026-05-31 16:20:47.027-0400[m[2m | [m[2mBftProcessorExecutor-QBFT-0[m[2m | [m[32mINFO [m[2m | [m[2mQbftBesuControllerBuilder[m[2m | [m[32mProduced empty block #469 / 0 tx / 0 pending / 0 (0.0%) gas / (0xe5f8ade7ab373306a9eb11e1e0f92bdb247d2d8398f96513b0f7b2b7f4fd9337)
[m[2m2026-05-31 16:20:49.033-0400[m[2m | [m[2mBftProcessorExecutor-QBFT-0[m[2m | [m[32mINFO [m[2m | [m[2mQbftBesuControllerBuilder[m[2m | [m[32mImported empty block #470 / 0 tx / 0 pending / 0 (0.0%) gas / (0x5e29f590959f1a129a5f26bdb8190b65bce2029ececf001a463422f158789ba8)
[m[2m2026-05-31 16:20:49.033-0400[m[2m | [m[2mEthScheduler-Workers-55[m[2m | [m[32mINFO [m[2m | [m[2mPersistBlockTask[m[2m | [m[32mBlock 470 (0x5e29f590959f1a129a5f26bdb8190b65bce2029ececf001a463422f158789ba8) is already imported
[m[2m2026-05-31 16:20:51.035-0400[m[2m | [m[2mBftProcessorExecutor-QBFT-0[m[2m | [m[32mINFO [m[2m | [m[2mQbftBesuControllerBuilder[m[2m | [m[32mImported empty block #471 / 0 tx / 0 pending / 0 (0.0%) gas / (0x9d3085f251c66009dcfb2d2ff7e05f378a8c9e86bad58e2ba9d44d09e3cd8d72)
[m[2m2026-05-31 16:20:53.038-0400[m[2m | [m[2mBftProcessorExecutor-QBFT-0[m[2m | [m[32mINFO [m[2m | [m[2mQbftBesuControllerBuilder[m[2m | [m[32mImported empty block #472 / 0 tx / 0 pending / 0 (0.0%) gas / (0x22d7042aba4645253ac0159bbe3f706a18dc84796a427c5a82c1e25a80667286)
[m[2m2026-05-31 16:20:55.026-0400[m[2m | [m[2mBftProcessorExecutor-QBFT-0[m[2m | [m[32mINFO [m[2m | [m[2mQbftBesuControllerBuilder[m[2m | [m[32mProduced empty block #473 / 0 tx / 0 pending / 0 (0.0%) gas / (0x92cbd51101410f2418e21d490a4b5fe8d7a98bd62633f500e79b26073ec114cc)
[m[2m2026-05-31 16:20:55.026-0400[m[2m | [m[2mEthScheduler-Workers-50[m[2m | [m[32mINFO [m[2m | [m[2mPersistBlockTask[m[2m | [m[32mBlock 473 (0x92cbd51101410f2418e21d490a4b5fe8d7a98bd62633f500e79b26073ec114cc) is already imported
[m[2m2026-05-31 16:20:57.039-0400[m[2m | [m[2mBftProcessorExecutor-QBFT-0[m[2m | [m[32mINFO [m[2m | [m[2mQbftBesuControllerBuilder[m[2m | [m[32mImported empty block #474 / 0 tx / 0 pending / 0 (0.0%) gas / (0x52b2bc848975d61df3a1daf715519a6f4ba62a078cfafbb73434c17c9c2ac304)
[m[2m2026-05-31 16:20:59.040-0400[m[2m | [m[2mBftProcessorExecutor-QBFT-0[m[2m | [m[32mINFO [m[2m | [m[2mQbftBesuControllerBuilder[m[2m | [m[32mImported empty block #475 / 0 tx / 0 pending / 0 (0.0%) gas / (0x1b31e515962e6fed0f4f8e8c1f4b06c9ec8af91fa05b27babfbfb51addf5fddf)
[m[2m2026-05-31 16:21:01.032-0400[m[2m | [m[2mBftProcessorExecutor-QBFT-0[m[2m | [m[32mINFO [m[2m | [m[2mQbftBesuControllerBuilder[m[2m | [m[32mImported empty block #476 / 0 tx / 0 pending / 0 (0.0%) gas / (0xf440758f85f291978eb4047fa6bc1936b01bfe43f149516401918113972f97b6)
[m[2m2026-05-31 16:21:03.029-0400[m[2m | [m[2mBftProcessorExecutor-QBFT-0[m[2m | [m[32mINFO [m[2m | [m[2mQbftBesuControllerBuilder[m[2m | [m[32mProduced empty block #477 / 0 tx / 0 pending / 0 (0.0%) gas / (0xfb83dfeed14866eb8279bfbcb72f0298ed903223252ff6cbc3c8858c779660eb)
[m[2m2026-05-31 16:21:05.036-0400[m[2m | [m[2mBftProcessorExecutor-QBFT-0[m[2m | [m[32mINFO [m[2m | [m[2mQbftBesuControllerBuilder[m[2m | [m[32mImported empty block #478 / 0 tx / 0 pending / 0 (0.0%) gas / (0x3547d3fbea9dea774b5ff3928ad1b37d9a10699adff8ed495c8c5b1a38d4ae41)
[m[2m2026-05-31 16:21:07.031-0400[m[2m | [m[2mBftProcessorExecutor-QBFT-0[m[2m | [m[32mINFO [m[2m | [m[2mQbftBesuControllerBuilder[m[2m | [m[32mImported empty block #479 / 0 tx / 0 pending / 0 (0.0%) gas / (0x0f7aeecb3c07f4e78c6798b7eadfe94869c69141e55e4fd45844fafcbe2ca600)
[m[2m2026-05-31 16:21:09.032-0400[m[2m | [m[2mBftProcessorExecutor-QBFT-0[m[2m | [m[32mINFO [m[2m | [m[2mQbftBesuControllerBuilder[m[2m | [m[32mImported empty block #480 / 0 tx / 0 pending / 0 (0.0%) gas / (0x44fb165cbf8676999e95cca56b28434e77590dbf3828fb68f128015a6c443270)
[m[2m2026-05-31 16:21:11.030-0400[m[2m | [m[2mBftProcessorExecutor-QBFT-0[m[2m | [m[32mINFO [m[2m | [m[2mQbftBesuControllerBuilder[m[2m | [m[32mProduced empty block #481 / 0 tx / 0 pending / 0 (0.0%) gas / (0xa8ec3155b9dcde594fc1bd7bea482b174c1e8b094ae8ee145ce29c35b2b3c6e2)
[m[2m2026-05-31 16:21:13.034-0400[m[2m | [m[2mBftProcessorExecutor-QBFT-0[m[2m | [m[32mINFO [m[2m | [m[2mQbftBesuControllerBuilder[m[2m | [m[32mImported empty block #482 / 0 tx / 0 pending / 0 (0.0%) gas / (0xa0d90eae355b056372f84775e7493a815619ca7da155d2ed081564e526fb2171)
[m[2m2026-05-31 16:21:15.033-0400[m[2m | [m[2mBftProcessorExecutor-QBFT-0[m[2m | [m[32mINFO [m[2m | [m[2mQbftBesuControllerBuilder[m[2m | [m[32mImported empty block #483 / 0 tx / 0 pending / 0 (0.0%) gas / (0x011747ab37fdf5132d27f4f2b6bffe13b18f28d2ba75583f4cca8aff6e4055ed)
[m[2m2026-05-31 16:21:17.032-0400[m[2m | [m[2mBftProcessorExecutor-QBFT-0[m[2m | [m[32mINFO [m[2m | [m[2mQbftBesuControllerBuilder[m[2m | [m[32mImported empty block #484 / 0 tx / 0 pending / 0 (0.0%) gas / (0x1418c3db6fc60a67f7e64489b78f92b45890aacb41a8d4b54bdc2945451ce56a)
[m[2m2026-05-31 16:21:19.039-0400[m[2m | [m[2mBftProcessorExecutor-QBFT-0[m[2m | [m[32mINFO [m[2m | [m[2mQbftBesuControllerBuilder[m[2m | [m[32mProduced empty block #485 / 0 tx / 0 pending / 0 (0.0%) gas / (0x59ce6ca03349f935b7a252859e2f638e02e0ae13b029199d2ec33c94e042cba0)
[m[2m2026-05-31 16:21:21.023-0400[m[2m | [m[2mBftProcessorExecutor-QBFT-0[m[2m | [m[32mINFO [m[2m | [m[2mQbftBesuControllerBuilder[m[2m | [m[32mImported empty block #486 / 0 tx / 0 pending / 0 (0.0%) gas / (0x05d6ba9291715c87b374ba8a4ecd8233189e3d96bf46257ec5fcf0a47223c891)
[m[2m2026-05-31 16:21:23.042-0400[m[2m | [m[2mBftProcessorExecutor-QBFT-0[m[2m | [m[32mINFO [m[2m | [m[2mQbftBesuControllerBuilder[m[2m | [m[32mImported empty block #487 / 0 tx / 0 pending / 0 (0.0%) gas / (0x991fb77878897e5238ec5897ae2d9d5da03803c5b17573f7e0b40ad5784fcd66)
[m[2m2026-05-31 16:21:25.023-0400[m[2m | [m[2mBftProcessorExecutor-QBFT-0[m[2m | [m[32mINFO [m[2m | [m[2mQbftBesuControllerBuilder[m[2m | [m[32mImported empty block #488 / 0 tx / 0 pending / 0 (0.0%) gas / (0x059c5021409984d2ca6392236dc1a6ef8ce32a9ec35e57f6c512ad00c437671b)
[m[2m2026-05-31 16:21:25.023-0400[m[2m | [m[2mEthScheduler-Workers-57[m[2m | [m[32mINFO [m[2m | [m[2mPersistBlockTask[m[2m | [m[32mBlock 488 (0x059c5021409984d2ca6392236dc1a6ef8ce32a9ec35e57f6c512ad00c437671b) is already imported
[m[2m2026-05-31 16:21:27.037-0400[m[2m | [m[2mBftProcessorExecutor-QBFT-0[m[2m | [m[32mINFO [m[2m | [m[2mQbftBesuControllerBuilder[m[2m | [m[32mProduced empty block #489 / 0 tx / 0 pending / 0 (0.0%) gas / (0xdc4914bc67974b9344b5b5942bacf268c9c95620bf98fafa21d244fa031f621b)
[m[2m2026-05-31 16:21:29.031-0400[m[2m | [m[2mBftProcessorExecutor-QBFT-0[m[2m | [m[32mINFO [m[2m | [m[2mQbftBesuControllerBuilder[m[2m | [m[32mImported empty block #490 / 0 tx / 0 pending / 0 (0.0%) gas / (0x43801a8d8d4b0cc246dac85259d32fb5fd741c637208eb150fb3dc7a0c192681)
[m[2m2026-05-31 16:21:31.037-0400[m[2m | [m[2mBftProcessorExecutor-QBFT-0[m[2m | [m[32mINFO [m[2m | [m[2mQbftBesuControllerBuilder[m[2m | [m[32mImported empty block #491 / 0 tx / 0 pending / 0 (0.0%) gas / (0x091bde097aaca48b4b0265ca4d10ecc76b5c74e27bd49a860cb8b6a7d3466517)
[m[2m2026-05-31 16:21:33.036-0400[m[2m | [m[2mBftProcessorExecutor-QBFT-0[m[2m | [m[32mINFO [m[2m | [m[2mQbftBesuControllerBuilder[m[2m | [m[32mImported empty block #492 / 0 tx / 0 pending / 0 (0.0%) gas / (0x852af1a2db090836ecd9e91a09aaa8b18cec7133cfbb84c813153bd3e123838f)
[m[2m2026-05-31 16:21:33.036-0400[m[2m | [m[2mEthScheduler-Workers-59[m[2m | [m[32mINFO [m[2m | [m[2mPersistBlockTask[m[2m | [m[32mBlock 492 (0x852af1a2db090836ecd9e91a09aaa8b18cec7133cfbb84c813153bd3e123838f) is already imported
[m[2m2026-05-31 16:21:35.034-0400[m[2m | [m[2mBftProcessorExecutor-QBFT-0[m[2m | [m[32mINFO [m[2m | [m[2mQbftBesuControllerBuilder[m[2m | [m[32mProduced empty block #493 / 0 tx / 0 pending / 0 (0.0%) gas / (0xe4181776ad41fe6d7036ecfb4fd950b23b992713345b8579110fa9372bdb3bf5)
[m[2m2026-05-31 16:21:37.029-0400[m[2m | [m[2mBftProcessorExecutor-QBFT-0[m[2m | [m[32mINFO [m[2m | [m[2mQbftBesuControllerBuilder[m[2m | [m[32mImported empty block #494 / 0 tx / 0 pending / 0 (0.0%) gas / (0xef4476335da4f17b06dd3e20d20a6760f052a924f04dcb5a5d87094b22a1d3a2)
[m[2m2026-05-31 16:21:39.036-0400[m[2m | [m[2mBftProcessorExecutor-QBFT-0[m[2m | [m[32mINFO [m[2m | [m[2mQbftBesuControllerBuilder[m[2m | [m[32mImported empty block #495 / 0 tx / 0 pending / 0 (0.0%) gas / (0x82ae6c3805baecb0d1c2dc054ea36588d6a3f7e801d331d978e1312df2079536)
[m[2m2026-05-31 16:21:41.029-0400[m[2m | [m[2mBftProcessorExecutor-QBFT-0[m[2m | [m[32mINFO [m[2m | [m[2mQbftBesuControllerBuilder[m[2m | [m[32mImported empty block #496 / 0 tx / 0 pending / 0 (0.0%) gas / (0x12e787fcbb3142f6f4878334b35d0a2cfc465c75157145543b7bb0e0eeb4af60)
[m[2m2026-05-31 16:21:41.029-0400[m[2m | [m[2mEthScheduler-Workers-56[m[2m | [m[32mINFO [m[2m | [m[2mPersistBlockTask[m[2m | [m[32mBlock 496 (0x12e787fcbb3142f6f4878334b35d0a2cfc465c75157145543b7bb0e0eeb4af60) is already imported
[m[2m2026-05-31 16:21:43.032-0400[m[2m | [m[2mBftProcessorExecutor-QBFT-0[m[2m | [m[32mINFO [m[2m | [m[2mQbftBesuControllerBuilder[m[2m | [m[32mProduced empty block #497 / 0 tx / 0 pending / 0 (0.0%) gas / (0xd72068b5c8f50ad123b305175fa0ce91c0afe0891fe8e472ea986485b455f870)
[m[2m2026-05-31 16:21:45.038-0400[m[2m | [m[2mBftProcessorExecutor-QBFT-0[m[2m | [m[32mINFO [m[2m | [m[2mQbftBesuControllerBuilder[m[2m | [m[32mImported empty block #498 / 0 tx / 0 pending / 0 (0.0%) gas / (0x8666bcd33a7aa3b519fc166bc6c8eccff2dcf1a78c0d7b63af1d65769be60d52)
[m[2m2026-05-31 16:21:47.035-0400[m[2m | [m[2mBftProcessorExecutor-QBFT-0[m[2m | [m[32mINFO [m[2m | [m[2mQbftBesuControllerBuilder[m[2m | [m[32mImported empty block #499 / 0 tx / 0 pending / 0 (0.0%) gas / (0xea537a9ab03d60280261d5628eb56a5e3b5af292d67af1d99fde91bd205a8af4)
[m[2m2026-05-31 16:21:49.029-0400[m[2m | [m[2mBftProcessorExecutor-QBFT-0[m[2m | [m[32mINFO [m[2m | [m[2mQbftBesuControllerBuilder[m[2m | [m[32mImported empty block #500 / 0 tx / 0 pending / 0 (0.0%) gas / (0xb63c7541ad51dd179aed0b1ee4560d505d4ac288895125cfaae5b7add239030c)
[m[2m2026-05-31 16:21:51.045-0400[m[2m | [m[2mBftProcessorExecutor-QBFT-0[m[2m | [m[32mINFO [m[2m | [m[2mQbftBesuControllerBuilder[m[2m | [m[32mProduced empty block #501 / 0 tx / 0 pending / 0 (0.0%) gas / (0x70e9c312a0e1d1a364fa54d68833eda4391cc7da74859af9f338d915e9395881)
[m[2m2026-05-31 16:21:51.046-0400[m[2m | [m[2mEthScheduler-Workers-49[m[2m | [m[32mINFO [m[2m | [m[2mPersistBlockTask[m[2m | [m[32mBlock 501 (0x70e9c312a0e1d1a364fa54d68833eda4391cc7da74859af9f338d915e9395881) is already imported
[m[2m2026-05-31 16:21:53.036-0400[m[2m | [m[2mBftProcessorExecutor-QBFT-0[m[2m | [m[32mINFO [m[2m | [m[2mQbftBesuControllerBuilder[m[2m | [m[32mImported empty block #502 / 0 tx / 0 pending / 0 (0.0%) gas / (0xdc70143ade32570547f6eb5b862e69d9ffe38021f7345cb79e626853b3bc4606)
[m[2m2026-05-31 16:21:55.031-0400[m[2m | [m[2mBftProcessorExecutor-QBFT-0[m[2m | [m[32mINFO [m[2m | [m[2mQbftBesuControllerBuilder[m[2m | [m[32mImported empty block #503 / 0 tx / 0 pending / 0 (0.0%) gas / (0x77917921ab054774c2cc510c77360f548a8cc741567600fe87f21a5b83f024e3)
[m[2m2026-05-31 16:21:57.024-0400[m[2m | [m[2mBftProcessorExecutor-QBFT-0[m[2m | [m[32mINFO [m[2m | [m[2mQbftBesuControllerBuilder[m[2m | [m[32mImported empty block #504 / 0 tx / 0 pending / 0 (0.0%) gas / (0xc449d0844ac0d10d7a763b3cbe81fe55913462f3ebe258ca627846c9cf1c3197)
[m[2m2026-05-31 16:21:59.033-0400[m[2m | [m[2mBftProcessorExecutor-QBFT-0[m[2m | [m[32mINFO [m[2m | [m[2mQbftBesuControllerBuilder[m[2m | [m[32mProduced empty block #505 / 0 tx / 0 pending / 0 (0.0%) gas / (0x32ffb0ecb5f7ac0f91ac8af944483abdff2f54d1bb965dee23836bb7515cc79a)
[m[2m2026-05-31 16:22:01.031-0400[m[2m | [m[2mBftProcessorExecutor-QBFT-0[m[2m | [m[32mINFO [m[2m | [m[2mQbftBesuControllerBuilder[m[2m | [m[32mImported empty block #506 / 0 tx / 0 pending / 0 (0.0%) gas / (0x6e5bb83417b7ceae8c8474e6fa15a372174351053b8117e66c4c0c4d22f3fe1f)
[m[2m2026-05-31 16:22:03.038-0400[m[2m | [m[2mBftProcessorExecutor-QBFT-0[m[2m | [m[32mINFO [m[2m | [m[2mQbftBesuControllerBuilder[m[2m | [m[32mImported empty block #507 / 0 tx / 0 pending / 0 (0.0%) gas / (0x2059bcec5b4eb10b6929b9ecb44eba2258482e2e9adbf110618ef8413fe44c8e)
[m[2m2026-05-31 16:22:03.038-0400[m[2m | [m[2mEthScheduler-Workers-58[m[2m | [m[32mINFO [m[2m | [m[2mPersistBlockTask[m[2m | [m[32mBlock 507 (0x2059bcec5b4eb10b6929b9ecb44eba2258482e2e9adbf110618ef8413fe44c8e) is already imported
[m[2m2026-05-31 16:22:05.035-0400[m[2m | [m[2mBftProcessorExecutor-QBFT-0[m[2m | [m[32mINFO [m[2m | [m[2mQbftBesuControllerBuilder[m[2m | [m[32mImported empty block #508 / 0 tx / 0 pending / 0 (0.0%) gas / (0x87257a1b1ae1db00f9818b78a34d08458570e52d96748ea0e3dd060103c3050f)
[m[2m2026-05-31 16:22:07.032-0400[m[2m | [m[2mBftProcessorExecutor-QBFT-0[m[2m | [m[32mINFO [m[2m | [m[2mQbftBesuControllerBuilder[m[2m | [m[32mProduced empty block #509 / 0 tx / 0 pending / 0 (0.0%) gas / (0xf8b76f97826b1853bd055f20a8bc0dbc31e385c613940c0f22673df689139bff)
[m[2m2026-05-31 16:22:09.035-0400[m[2m | [m[2mBftProcessorExecutor-QBFT-0[m[2m | [m[32mINFO [m[2m | [m[2mQbftBesuControllerBuilder[m[2m | [m[32mImported empty block #510 / 0 tx / 0 pending / 0 (0.0%) gas / (0x29bc8965c1161aba49af4f56d6427f9ec14f9e76be99be6b93ea7b208ba6c5a3)
[m[2m2026-05-31 16:22:11.017-0400[m[2m | [m[2mBftProcessorExecutor-QBFT-0[m[2m | [m[32mINFO [m[2m | [m[2mQbftBesuControllerBuilder[m[2m | [m[32mImported empty block #511 / 0 tx / 0 pending / 0 (0.0%) gas / (0x32720de6883fab4def44f4be6758ae0bf1fae3873361780fc5a5fcab3a8de35b)
[m[2m2026-05-31 16:22:13.029-0400[m[2m | [m[2mBftProcessorExecutor-QBFT-0[m[2m | [m[32mINFO [m[2m | [m[2mQbftBesuControllerBuilder[m[2m | [m[32mImported empty block #512 / 0 tx / 0 pending / 0 (0.0%) gas / (0x96a548ae224ed545a0bddf1b7122c92e8a797d85f808853617d8fcbe70f9b532)
[m[2m2026-05-31 16:22:15.038-0400[m[2m | [m[2mBftProcessorExecutor-QBFT-0[m[2m | [m[32mINFO [m[2m | [m[2mQbftBesuControllerBuilder[m[2m | [m[32mProduced empty block #513 / 0 tx / 0 pending / 0 (0.0%) gas / (0xd57f075c507ecb1e43f562c9835581243e43db599f4899e1e2e02f3ead93ec69)
[m[2m2026-05-31 16:22:17.037-0400[m[2m | [m[2mBftProcessorExecutor-QBFT-0[m[2m | [m[32mINFO [m[2m | [m[2mQbftBesuControllerBuilder[m[2m | [m[32mImported empty block #514 / 0 tx / 0 pending / 0 (0.0%) gas / (0xfee641f72257e08574495887ab648e3be571072e3df504788706a91faacf8edb)
[m[2m2026-05-31 16:22:19.030-0400[m[2m | [m[2mBftProcessorExecutor-QBFT-0[m[2m | [m[32mINFO [m[2m | [m[2mQbftBesuControllerBuilder[m[2m | [m[32mImported empty block #515 / 0 tx / 0 pending / 0 (0.0%) gas / (0x2a09311e230559fec97cece8e71079216bc088b5ab0f4770b5ae6f837a330b1e)
[m[2m2026-05-31 16:22:21.028-0400[m[2m | [m[2mBftProcessorExecutor-QBFT-0[m[2m | [m[32mINFO [m[2m | [m[2mQbftBesuControllerBuilder[m[2m | [m[32mImported empty block #516 / 0 tx / 0 pending / 0 (0.0%) gas / (0xf8f002540f19848040104aea78a977e92c47c484eba0f3e68093d1002699ed74)
[m[2m2026-05-31 16:22:23.024-0400[m[2m | [m[2mBftProcessorExecutor-QBFT-0[m[2m | [m[32mINFO [m[2m | [m[2mQbftBesuControllerBuilder[m[2m | [m[32mProduced empty block #517 / 0 tx / 0 pending / 0 (0.0%) gas / (0xe89b66b1ab8ab613761cf448cf39e563fa95068e56cb5645a112eb331bab7567)
[m[2m2026-05-31 16:22:25.038-0400[m[2m | [m[2mBftProcessorExecutor-QBFT-0[m[2m | [m[32mINFO [m[2m | [m[2mQbftBesuControllerBuilder[m[2m | [m[32mImported empty block #518 / 0 tx / 0 pending / 0 (0.0%) gas / (0x513c9529d1a73c80bf26eaffee765ecae1ebf7e7d5822be0469ffabe8def192c)
[m[2m2026-05-31 16:22:27.033-0400[m[2m | [m[2mBftProcessorExecutor-QBFT-0[m[2m | [m[32mINFO [m[2m | [m[2mQbftBesuControllerBuilder[m[2m | [m[32mImported empty block #519 / 0 tx / 0 pending / 0 (0.0%) gas / (0x9f8c2f7a0861a1cd75701608a7d256aa96a2a5b01b36c9053cbe2465a55d23bf)
[m[2m2026-05-31 16:22:29.035-0400[m[2m | [m[2mBftProcessorExecutor-QBFT-0[m[2m | [m[32mINFO [m[2m | [m[2mQbftBesuControllerBuilder[m[2m | [m[32mImported empty block #520 / 0 tx / 0 pending / 0 (0.0%) gas / (0xc504dd5331d1462fb38d27f9d8776edf90b348849f285404d575c361dd3d96fb)
[m[2m2026-05-31 16:22:31.013-0400[m[2m | [m[2mBftProcessorExecutor-QBFT-0[m[2m | [m[32mINFO [m[2m | [m[2mQbftBesuControllerBuilder[m[2m | [m[32mProduced empty block #521 / 0 tx / 0 pending / 0 (0.0%) gas / (0x1cc1808ddb81684e8a08d01d0a5bcc7792aa0541d97a46003c0a0779ec691aae)
[m[2m2026-05-31 16:22:33.042-0400[m[2m | [m[2mBftProcessorExecutor-QBFT-0[m[2m | [m[32mINFO [m[2m | [m[2mQbftBesuControllerBuilder[m[2m | [m[32mImported empty block #522 / 0 tx / 0 pending / 0 (0.0%) gas / (0x821aa44cd6600580422492111389de1e883028dbf9b3e1f211503444c8e573e0)
[m[2m2026-05-31 16:22:33.042-0400[m[2m | [m[2mEthScheduler-Workers-61[m[2m | [m[32mINFO [m[2m | [m[2mPersistBlockTask[m[2m | [m[32mBlock 522 (0x821aa44cd6600580422492111389de1e883028dbf9b3e1f211503444c8e573e0) is already imported
[m[2m2026-05-31 16:22:35.032-0400[m[2m | [m[2mBftProcessorExecutor-QBFT-0[m[2m | [m[32mINFO [m[2m | [m[2mQbftBesuControllerBuilder[m[2m | [m[32mImported empty block #523 / 0 tx / 0 pending / 0 (0.0%) gas / (0x795d6311507aa3f04a8d9456e52589457440d6cd997721f8411ebc8b495dbbc3)
[m[2m2026-05-31 16:22:35.032-0400[m[2m | [m[2mEthScheduler-Workers-55[m[2m | [m[32mINFO [m[2m | [m[2mPersistBlockTask[m[2m | [m[32mBlock 523 (0x795d6311507aa3f04a8d9456e52589457440d6cd997721f8411ebc8b495dbbc3) is already imported
[m[2m2026-05-31 16:22:37.015-0400[m[2m | [m[2mBftProcessorExecutor-QBFT-0[m[2m | [m[32mINFO [m[2m | [m[2mQbftBesuControllerBuilder[m[2m | [m[32mImported empty block #524 / 0 tx / 0 pending / 0 (0.0%) gas / (0x84a7a2ab06b19c7d2f17a4873b43cb41de940144e3c40669d123298d53e1bdb8)
[m[2m2026-05-31 16:22:39.011-0400[m[2m | [m[2mBftProcessorExecutor-QBFT-0[m[2m | [m[32mINFO [m[2m | [m[2mQbftBesuControllerBuilder[m[2m | [m[32mProduced empty block #525 / 0 tx / 0 pending / 0 (0.0%) gas / (0xf81555054a8e77a247d1eca084549fe527f2a9b6846a94aa68ff0cd3b3bcef91)
[m[2m2026-05-31 16:22:41.011-0400[m[2m | [m[2mBftProcessorExecutor-QBFT-0[m[2m | [m[32mINFO [m[2m | [m[2mQbftBesuControllerBuilder[m[2m | [m[32mImported empty block #526 / 0 tx / 0 pending / 0 (0.0%) gas / (0xbfe15f8b78895dae63b8fb931204e799f4625d059cfbaff3a08f5ed276c12cd4)
[m[2m2026-05-31 16:22:43.022-0400[m[2m | [m[2mBftProcessorExecutor-QBFT-0[m[2m | [m[32mINFO [m[2m | [m[2mQbftBesuControllerBuilder[m[2m | [m[32mImported empty block #527 / 0 tx / 0 pending / 0 (0.0%) gas / (0xebe0aaf37409f8636ab6b5b5e8c9905b653a2baa469e1db51dced3e7c5b072d9)
[m[2m2026-05-31 16:22:45.021-0400[m[2m | [m[2mBftProcessorExecutor-QBFT-0[m[2m | [m[32mINFO [m[2m | [m[2mQbftBesuControllerBuilder[m[2m | [m[32mImported empty block #528 / 0 tx / 0 pending / 0 (0.0%) gas / (0xd6f3d7986f88c402f397d9a8101b186bf586689a36277d2c01dde0ba825c30dd)
[m[2m2026-05-31 16:22:45.021-0400[m[2m | [m[2mEthScheduler-Workers-50[m[2m | [m[32mINFO [m[2m | [m[2mPersistBlockTask[m[2m | [m[32mBlock 528 (0xd6f3d7986f88c402f397d9a8101b186bf586689a36277d2c01dde0ba825c30dd) is already imported
[m[2m2026-05-31 16:22:47.014-0400[m[2m | [m[2mBftProcessorExecutor-QBFT-0[m[2m | [m[32mINFO [m[2m | [m[2mQbftBesuControllerBuilder[m[2m | [m[32mProduced empty block #529 / 0 tx / 0 pending / 0 (0.0%) gas / (0xf918caa95b239267fe8c7b8806354087d82eee0cee846575fcec4052370ab979)
[m[2m2026-05-31 16:22:49.025-0400[m[2m | [m[2mBftProcessorExecutor-QBFT-0[m[2m | [m[32mINFO [m[2m | [m[2mQbftBesuControllerBuilder[m[2m | [m[32mImported empty block #530 / 0 tx / 0 pending / 0 (0.0%) gas / (0x9e8572a6badd4b6c2264043a43cd4a829150048c5ae446b48aa10241cedbf32b)
[m[2m2026-05-31 16:22:51.021-0400[m[2m | [m[2mBftProcessorExecutor-QBFT-0[m[2m | [m[32mINFO [m[2m | [m[2mQbftBesuControllerBuilder[m[2m | [m[32mImported empty block #531 / 0 tx / 0 pending / 0 (0.0%) gas / (0xbae0ba8959b94fad98037feac574255fc204bbaf5402750075993a298e7459bf)
[m[2m2026-05-31 16:22:53.033-0400[m[2m | [m[2mBftProcessorExecutor-QBFT-0[m[2m | [m[32mINFO [m[2m | [m[2mQbftBesuControllerBuilder[m[2m | [m[32mImported empty block #532 / 0 tx / 0 pending / 0 (0.0%) gas / (0x66045dab8af43a395d2b13a1ec1bf4b216e20cb06126ce94d7d3bd6257a0de7a)
[m[2m2026-05-31 16:22:55.023-0400[m[2m | [m[2mBftProcessorExecutor-QBFT-0[m[2m | [m[32mINFO [m[2m | [m[2mQbftBesuControllerBuilder[m[2m | [m[32mProduced empty block #533 / 0 tx / 0 pending / 0 (0.0%) gas / (0xb6c9abab3a4b2fc75a6c2e8a0fec5c030539fde99ecf7e4eb137ae2688feffd9)
[m[2m2026-05-31 16:22:57.016-0400[m[2m | [m[2mBftProcessorExecutor-QBFT-0[m[2m | [m[32mINFO [m[2m | [m[2mQbftBesuControllerBuilder[m[2m | [m[32mImported empty block #534 / 0 tx / 0 pending / 0 (0.0%) gas / (0x5f37f22d1aa65ef733cb4e8e6db854bd7476242fc55dfa00ea2b9c5fc3791d74)
[m[2m2026-05-31 16:22:59.028-0400[m[2m | [m[2mBftProcessorExecutor-QBFT-0[m[2m | [m[32mINFO [m[2m | [m[2mQbftBesuControllerBuilder[m[2m | [m[32mImported empty block #535 / 0 tx / 0 pending / 0 (0.0%) gas / (0x9f9f7186a4419081349fc9212820b6ab34402f29a5cf153a554b3b69c4d2e0ca)
[m[2m2026-05-31 16:23:01.026-0400[m[2m | [m[2mBftProcessorExecutor-QBFT-0[m[2m | [m[32mINFO [m[2m | [m[2mQbftBesuControllerBuilder[m[2m | [m[32mImported empty block #536 / 0 tx / 0 pending / 0 (0.0%) gas / (0x970fa2565aedce3075ff19beb618985a2f59d68cc21b85ce85e7fb1b091e101d)
[m[2m2026-05-31 16:23:01.026-0400[m[2m | [m[2mEthScheduler-Workers-57[m[2m | [m[32mINFO [m[2m | [m[2mPersistBlockTask[m[2m | [m[32mBlock 536 (0x970fa2565aedce3075ff19beb618985a2f59d68cc21b85ce85e7fb1b091e101d) is already imported
[m[2m2026-05-31 16:23:03.026-0400[m[2m | [m[2mBftProcessorExecutor-QBFT-0[m[2m | [m[32mINFO [m[2m | [m[2mQbftBesuControllerBuilder[m[2m | [m[32mProduced empty block #537 / 0 tx / 0 pending / 0 (0.0%) gas / (0x1c4912ef3ca1a0149e5e9b929fe0e50bf5710db9df905872d5ec2809b5b80a35)
[m[2m2026-05-31 16:23:03.026-0400[m[2m | [m[2mEthScheduler-Workers-62[m[2m | [m[32mINFO [m[2m | [m[2mPersistBlockTask[m[2m | [m[32mBlock 537 (0x1c4912ef3ca1a0149e5e9b929fe0e50bf5710db9df905872d5ec2809b5b80a35) is already imported
[m[2m2026-05-31 16:23:05.036-0400[m[2m | [m[2mBftProcessorExecutor-QBFT-0[m[2m | [m[32mINFO [m[2m | [m[2mQbftBesuControllerBuilder[m[2m | [m[32mImported empty block #538 / 0 tx / 0 pending / 0 (0.0%) gas / (0x795304e10f6e60411dff8f0df09be20e958af66aeff0818beb57040462c1239b)
[m[2m2026-05-31 16:23:07.020-0400[m[2m | [m[2mBftProcessorExecutor-QBFT-0[m[2m | [m[32mINFO [m[2m | [m[2mQbftBesuControllerBuilder[m[2m | [m[32mImported empty block #539 / 0 tx / 0 pending / 0 (0.0%) gas / (0xdd9a3257b0c5809770ecc39939e9c8a765ce5b499543c38c19ab9b657ded9a2a)
[m[2m2026-05-31 16:23:09.026-0400[m[2m | [m[2mBftProcessorExecutor-QBFT-0[m[2m | [m[32mINFO [m[2m | [m[2mQbftBesuControllerBuilder[m[2m | [m[32mImported empty block #540 / 0 tx / 0 pending / 0 (0.0%) gas / (0x76e5f6479c642811103dc04f436895635bd3eedb518d309acc2d79610a0a28e0)
[m[2m2026-05-31 16:23:11.008-0400[m[2m | [m[2mBftProcessorExecutor-QBFT-0[m[2m | [m[32mINFO [m[2m | [m[2mQbftBesuControllerBuilder[m[2m | [m[32mProduced empty block #541 / 0 tx / 0 pending / 0 (0.0%) gas / (0x539674fb1152bdb6b871dc1076e65cd64b8a77e2243445794a4906c77d539f0c)
[m[2m2026-05-31 16:23:13.057-0400[m[2m | [m[2mBftProcessorExecutor-QBFT-0[m[2m | [m[32mINFO [m[2m | [m[2mQbftBesuControllerBuilder[m[2m | [m[32mImported block #542 / 1 tx / 0 pending / 49,413 (1.1%) gas / (0x50829003183db647f44c3a7fb6fe6e058728db76372128aa42e6642853bfad17)
[m[2m2026-05-31 16:23:15.028-0400[m[2m | [m[2mBftProcessorExecutor-QBFT-0[m[2m | [m[32mINFO [m[2m | [m[2mQbftBesuControllerBuilder[m[2m | [m[32mImported block #543 / 1 tx / 1 pending / 49,389 (1.1%) gas / (0xe73222575efae1060d2001135037f85a48c2f7621eda981d925f6badacd3846e)
[m[2m2026-05-31 16:23:17.016-0400[m[2m | [m[2mBftProcessorExecutor-QBFT-0[m[2m | [m[32mINFO [m[2m | [m[2mQbftBesuControllerBuilder[m[2m | [m[32mImported empty block #544 / 0 tx / 0 pending / 0 (0.0%) gas / (0x9ec32e97e2103b96751034d63b54c1792e1e1db7e926abe30f1c1ee7b89875ad)
[m[2m2026-05-31 16:23:19.018-0400[m[2m | [m[2mBftProcessorExecutor-QBFT-0[m[2m | [m[32mINFO [m[2m | [m[2mQbftBesuControllerBuilder[m[2m | [m[32mProduced empty block #545 / 0 tx / 0 pending / 0 (0.0%) gas / (0x36573bb535c45c721c50aa0b9c9ea1f2c4b6cf1bcc2fa851d11c016bd0e16d58)
[m[2m2026-05-31 16:23:21.036-0400[m[2m | [m[2mBftProcessorExecutor-QBFT-0[m[2m | [m[32mINFO [m[2m | [m[2mQbftBesuControllerBuilder[m[2m | [m[32mImported empty block #546 / 0 tx / 0 pending / 0 (0.0%) gas / (0x618d5748e0ccf3204b33485da1b8b71093c79bfbe5ed74a7b68ab56d50998693)
[m[2m2026-05-31 16:23:23.016-0400[m[2m | [m[2mBftProcessorExecutor-QBFT-0[m[2m | [m[32mINFO [m[2m | [m[2mQbftBesuControllerBuilder[m[2m | [m[32mImported empty block #547 / 0 tx / 0 pending / 0 (0.0%) gas / (0x155146b6338280ed46126cc069e6c94a5b5098f9da9de300a2893ae057625c75)
[m[2m2026-05-31 16:23:25.029-0400[m[2m | [m[2mBftProcessorExecutor-QBFT-0[m[2m | [m[32mINFO [m[2m | [m[2mQbftBesuControllerBuilder[m[2m | [m[32mImported empty block #548 / 0 tx / 0 pending / 0 (0.0%) gas / (0x944bededf9c28c3b1fa17f3648ba7307415c999f94344ce8d68101a2eb42323f)
[m[2m2026-05-31 16:23:27.024-0400[m[2m | [m[2mBftProcessorExecutor-QBFT-0[m[2m | [m[32mINFO [m[2m | [m[2mQbftBesuControllerBuilder[m[2m | [m[32mProduced empty block #549 / 0 tx / 0 pending / 0 (0.0%) gas / (0x05e27d5026bad929de79c5efebc2981bea15fe02ee577abcc8634481c92bb475)
[m[2m2026-05-31 16:23:29.040-0400[m[2m | [m[2mBftProcessorExecutor-QBFT-0[m[2m | [m[32mINFO [m[2m | [m[2mQbftBesuControllerBuilder[m[2m | [m[32mImported empty block #550 / 0 tx / 0 pending / 0 (0.0%) gas / (0xe7a3162adc2bbd08f4e66ec406855fddc932a15d8fee093a288beb96f5a5d952)
[m[2m2026-05-31 16:23:31.031-0400[m[2m | [m[2mBftProcessorExecutor-QBFT-0[m[2m | [m[32mINFO [m[2m | [m[2mQbftBesuControllerBuilder[m[2m | [m[32mImported empty block #551 / 0 tx / 0 pending / 0 (0.0%) gas / (0xfcdee18b956d1d10cc3ee389ea427147796026eb93a0060ecfcf3a4ec282edb9)
[m[2m2026-05-31 16:23:33.034-0400[m[2m | [m[2mBftProcessorExecutor-QBFT-0[m[2m | [m[32mINFO [m[2m | [m[2mQbftBesuControllerBuilder[m[2m | [m[32mImported empty block #552 / 0 tx / 0 pending / 0 (0.0%) gas / (0x46db943aa70d097535174e752f7bf9991cf661ab60a48e05e0e26cda90dd3b53)
[m[2m2026-05-31 16:23:35.025-0400[m[2m | [m[2mBftProcessorExecutor-QBFT-0[m[2m | [m[32mINFO [m[2m | [m[2mQbftBesuControllerBuilder[m[2m | [m[32mProduced empty block #553 / 0 tx / 0 pending / 0 (0.0%) gas / (0xb2934ed4430984c5b7b2d4463ae5c85e60d0ca6ec6d5efdb269010b776ca5eb3)
[m[2m2026-05-31 16:23:37.033-0400[m[2m | [m[2mBftProcessorExecutor-QBFT-0[m[2m | [m[32mINFO [m[2m | [m[2mQbftBesuControllerBuilder[m[2m | [m[32mImported empty block #554 / 0 tx / 0 pending / 0 (0.0%) gas / (0x109b3120154587eccf197833c4bcef9e6375481823d9386e7160426c0b7de40d)
[m[2m2026-05-31 16:23:39.011-0400[m[2m | [m[2mBftProcessorExecutor-QBFT-0[m[2m | [m[32mINFO [m[2m | [m[2mQbftBesuControllerBuilder[m[2m | [m[32mImported empty block #555 / 0 tx / 0 pending / 0 (0.0%) gas / (0x838aa8434d21e490a3d185f674758a068e2d0e80c06a10b4f7492bb6d55a7a2c)
[m[2m2026-05-31 16:23:41.023-0400[m[2m | [m[2mBftProcessorExecutor-QBFT-0[m[2m | [m[32mINFO [m[2m | [m[2mQbftBesuControllerBuilder[m[2m | [m[32mImported empty block #556 / 0 tx / 0 pending / 0 (0.0%) gas / (0x018b4930e27e3a0b49e91eae9c6d7d5e08dbacdbe26480556bb339d9351511b7)
[m[2m2026-05-31 16:23:43.037-0400[m[2m | [m[2mBftProcessorExecutor-QBFT-0[m[2m | [m[32mINFO [m[2m | [m[2mQbftBesuControllerBuilder[m[2m | [m[32mProduced empty block #557 / 0 tx / 0 pending / 0 (0.0%) gas / (0xe031b29daeb87d13711b57ca7e252619315aa7eccdee99a763e09d48ba44fd62)
[m[2m2026-05-31 16:23:45.035-0400[m[2m | [m[2mBftProcessorExecutor-QBFT-0[m[2m | [m[32mINFO [m[2m | [m[2mQbftBesuControllerBuilder[m[2m | [m[32mImported empty block #558 / 0 tx / 0 pending / 0 (0.0%) gas / (0x6f95a3aac2bb7e87416e29819725ceb54c448446a5b1cfba3f1c48a15400f860)
[m[2m2026-05-31 16:23:45.036-0400[m[2m | [m[2mEthScheduler-Workers-61[m[2m | [m[32mINFO [m[2m | [m[2mPersistBlockTask[m[2m | [m[32mBlock 558 (0x6f95a3aac2bb7e87416e29819725ceb54c448446a5b1cfba3f1c48a15400f860) is already imported
[m[2m2026-05-31 16:23:47.040-0400[m[2m | [m[2mEthScheduler-Workers-56[m[2m | [m[32mINFO [m[2m | [m[2mPersistBlockTask[m[2m | [m[32mBlock 559 (0x57123a7e572355c86bc5553113e41f7f5f3c8704b62e4c8cc8e27f8d5f197b75) is already imported
[m[2m2026-05-31 16:23:47.040-0400[m[2m | [m[2mBftProcessorExecutor-QBFT-0[m[2m | [m[32mINFO [m[2m | [m[2mQbftBesuControllerBuilder[m[2m | [m[32mImported empty block #559 / 0 tx / 0 pending / 0 (0.0%) gas / (0x57123a7e572355c86bc5553113e41f7f5f3c8704b62e4c8cc8e27f8d5f197b75)
[m[2m2026-05-31 16:23:49.032-0400[m[2m | [m[2mBftProcessorExecutor-QBFT-0[m[2m | [m[32mINFO [m[2m | [m[2mQbftBesuControllerBuilder[m[2m | [m[32mImported empty block #560 / 0 tx / 0 pending / 0 (0.0%) gas / (0x8c70dfa32daf5eb474247c323a5bee6c445767b9a2d092574d77a660991cc9db)
[m[2m2026-05-31 16:23:51.036-0400[m[2m | [m[2mBftProcessorExecutor-QBFT-0[m[2m | [m[32mINFO [m[2m | [m[2mQbftBesuControllerBuilder[m[2m | [m[32mProduced empty block #561 / 0 tx / 0 pending / 0 (0.0%) gas / (0x84d744b975717e449a607cc80b1a3d239a92346d7d8f0d4dab08cc45a139f88c)
[m[2m2026-05-31 16:23:53.026-0400[m[2m | [m[2mBftProcessorExecutor-QBFT-0[m[2m | [m[32mINFO [m[2m | [m[2mQbftBesuControllerBuilder[m[2m | [m[32mImported empty block #562 / 0 tx / 0 pending / 0 (0.0%) gas / (0xc744710bdb980478d642af354bde96e6fe681332143024a0b529bd0f4d2c2d85)
[m[2m2026-05-31 16:23:55.023-0400[m[2m | [m[2mBftProcessorExecutor-QBFT-0[m[2m | [m[32mINFO [m[2m | [m[2mQbftBesuControllerBuilder[m[2m | [m[32mImported empty block #563 / 0 tx / 0 pending / 0 (0.0%) gas / (0xe24e3011173943711c5328741865912e2dc35af4ed4a57ea29c0c778f68b00e2)
[m[2m2026-05-31 16:23:57.030-0400[m[2m | [m[2mBftProcessorExecutor-QBFT-0[m[2m | [m[32mINFO [m[2m | [m[2mQbftBesuControllerBuilder[m[2m | [m[32mImported empty block #564 / 0 tx / 0 pending / 0 (0.0%) gas / (0x27a67e3b8eb9ddb4ca27d87c82ab3712e67c8ac9e45576e5806ae2d41b88bf4f)
[m[2m2026-05-31 16:23:59.035-0400[m[2m | [m[2mBftProcessorExecutor-QBFT-0[m[2m | [m[32mINFO [m[2m | [m[2mQbftBesuControllerBuilder[m[2m | [m[32mProduced empty block #565 / 0 tx / 0 pending / 0 (0.0%) gas / (0x0f080d684a7437e1df48b6b0c7db8c2dedabd4050f996f3c19a0b815c9330057)
[m[2m2026-05-31 16:24:01.029-0400[m[2m | [m[2mBftProcessorExecutor-QBFT-0[m[2m | [m[32mINFO [m[2m | [m[2mQbftBesuControllerBuilder[m[2m | [m[32mImported empty block #566 / 0 tx / 0 pending / 0 (0.0%) gas / (0x447ff304fae0a39d4dfb592a12bc83bad8ea902f716933376ee36bba108f55e3)
[m[2m2026-05-31 16:24:03.042-0400[m[2m | [m[2mBftProcessorExecutor-QBFT-0[m[2m | [m[32mINFO [m[2m | [m[2mQbftBesuControllerBuilder[m[2m | [m[32mImported empty block #567 / 0 tx / 0 pending / 0 (0.0%) gas / (0xeac6578d95c44f4b481ce475220b099c012659731c10decbf29abea405aa085b)
[m[2m2026-05-31 16:24:05.022-0400[m[2m | [m[2mBftProcessorExecutor-QBFT-0[m[2m | [m[32mINFO [m[2m | [m[2mQbftBesuControllerBuilder[m[2m | [m[32mImported empty block #568 / 0 tx / 0 pending / 0 (0.0%) gas / (0x300afb4c72d33cd292dda10d068deecb5c8e9c8c48fd656c972dd9c72bddcea1)
[m[2m2026-05-31 16:24:07.028-0400[m[2m | [m[2mBftProcessorExecutor-QBFT-0[m[2m | [m[32mINFO [m[2m | [m[2mQbftBesuControllerBuilder[m[2m | [m[32mProduced empty block #569 / 0 tx / 0 pending / 0 (0.0%) gas / (0x13db42fac87fecde46b15517268352ebec5a93d84539db4d6833c043b69eafe6)
[m[2m2026-05-31 16:24:09.024-0400[m[2m | [m[2mBftProcessorExecutor-QBFT-0[m[2m | [m[32mINFO [m[2m | [m[2mQbftBesuControllerBuilder[m[2m | [m[32mImported empty block #570 / 0 tx / 0 pending / 0 (0.0%) gas / (0x4c1a12b8fd664a888ea4870c870f27a8f4243b2924415375cdfc205b840e0c99)
[m[2m2026-05-31 16:24:11.033-0400[m[2m | [m[2mBftProcessorExecutor-QBFT-0[m[2m | [m[32mINFO [m[2m | [m[2mQbftBesuControllerBuilder[m[2m | [m[32mImported empty block #571 / 0 tx / 0 pending / 0 (0.0%) gas / (0x5de6337524e47b3701c9bd8b233ba91a5f44f59fa098c41c708d5f948e75fd6c)
[m[2m2026-05-31 16:24:13.029-0400[m[2m | [m[2mBftProcessorExecutor-QBFT-0[m[2m | [m[32mINFO [m[2m | [m[2mQbftBesuControllerBuilder[m[2m | [m[32mImported empty block #572 / 0 tx / 0 pending / 0 (0.0%) gas / (0xd382910a288d56fdb0578d8dbfb1a03f810f576888d85580602adff8b70bba7f)
[m[2m2026-05-31 16:24:13.029-0400[m[2m | [m[2mEthScheduler-Workers-63[m[2m | [m[32mINFO [m[2m | [m[2mPersistBlockTask[m[2m | [m[32mBlock 572 (0xd382910a288d56fdb0578d8dbfb1a03f810f576888d85580602adff8b70bba7f) is already imported
[m[2m2026-05-31 16:24:15.041-0400[m[2m | [m[2mBftProcessorExecutor-QBFT-0[m[2m | [m[32mINFO [m[2m | [m[2mQbftBesuControllerBuilder[m[2m | [m[32mProduced empty block #573 / 0 tx / 0 pending / 0 (0.0%) gas / (0x27ae64345745570e9914461f50428187f75113ac56a5349415b8728b76c9da60)
[m[2m2026-05-31 16:24:17.033-0400[m[2m | [m[2mBftProcessorExecutor-QBFT-0[m[2m | [m[32mINFO [m[2m | [m[2mQbftBesuControllerBuilder[m[2m | [m[32mImported empty block #574 / 0 tx / 0 pending / 0 (0.0%) gas / (0x6b9de23e2901f15bf3f86bd41805d796a9dfa4f307b6b08755b7c21a1a479e4a)
[m[2m2026-05-31 16:24:19.015-0400[m[2m | [m[2mBftProcessorExecutor-QBFT-0[m[2m | [m[32mINFO [m[2m | [m[2mQbftBesuControllerBuilder[m[2m | [m[32mImported empty block #575 / 0 tx / 0 pending / 0 (0.0%) gas / (0x6e4811fae0b1428cf289a2488359fc7ab4b23acd524eba9d72dd3c67bdcc2534)
[m[2m2026-05-31 16:24:21.024-0400[m[2m | [m[2mBftProcessorExecutor-QBFT-0[m[2m | [m[32mINFO [m[2m | [m[2mQbftBesuControllerBuilder[m[2m | [m[32mImported empty block #576 / 0 tx / 0 pending / 0 (0.0%) gas / (0x65bbaf1b8135e758ca33369feaa9c6952d01e5e77930f3b9e4cdcb14555e3949)
[m[2m2026-05-31 16:24:23.022-0400[m[2m | [m[2mBftProcessorExecutor-QBFT-0[m[2m | [m[32mINFO [m[2m | [m[2mQbftBesuControllerBuilder[m[2m | [m[32mProduced empty block #577 / 0 tx / 0 pending / 0 (0.0%) gas / (0xec99d8205084a0d9e2249bf68480d1ea3f3ceedd1cfdcf2542f80bffd1e7bfb6)
[m[2m2026-05-31 16:24:25.019-0400[m[2m | [m[2mBftProcessorExecutor-QBFT-0[m[2m | [m[32mINFO [m[2m | [m[2mQbftBesuControllerBuilder[m[2m | [m[32mImported empty block #578 / 0 tx / 0 pending / 0 (0.0%) gas / (0x3c8628bb112c883202f829445839f62cefa42098cca305feb8e845313a6bea04)
[m[2m2026-05-31 16:24:27.015-0400[m[2m | [m[2mBftProcessorExecutor-QBFT-0[m[2m | [m[32mINFO [m[2m | [m[2mQbftBesuControllerBuilder[m[2m | [m[32mImported empty block #579 / 0 tx / 0 pending / 0 (0.0%) gas / (0x0727e69d475c68f56687f99655933c60426255e6d5aa87f3adda84e75014de2f)
[m[2m2026-05-31 16:24:29.022-0400[m[2m | [m[2mBftProcessorExecutor-QBFT-0[m[2m | [m[32mINFO [m[2m | [m[2mQbftBesuControllerBuilder[m[2m | [m[32mImported empty block #580 / 0 tx / 0 pending / 0 (0.0%) gas / (0xb39300855bc322035a7f17a0920fac03c12a7e037bc127613cf15ac79c36ebfe)
[m[2m2026-05-31 16:24:31.018-0400[m[2m | [m[2mBftProcessorExecutor-QBFT-0[m[2m | [m[32mINFO [m[2m | [m[2mQbftBesuControllerBuilder[m[2m | [m[32mProduced empty block #581 / 0 tx / 0 pending / 0 (0.0%) gas / (0x396c9b68a2821f8f2066e2c4d84d707ff89925123e41833d8e8272bcb733dbd2)
[m[2m2026-05-31 16:24:33.038-0400[m[2m | [m[2mBftProcessorExecutor-QBFT-0[m[2m | [m[32mINFO [m[2m | [m[2mQbftBesuControllerBuilder[m[2m | [m[32mImported empty block #582 / 0 tx / 0 pending / 0 (0.0%) gas / (0x05b9919a73d4a3ac3590c008ad41eb334e6bfd01f581efbeb08a3e94d62c1d3f)
[m[2m2026-05-31 16:24:35.021-0400[m[2m | [m[2mBftProcessorExecutor-QBFT-0[m[2m | [m[32mINFO [m[2m | [m[2mQbftBesuControllerBuilder[m[2m | [m[32mImported empty block #583 / 0 tx / 0 pending / 0 (0.0%) gas / (0xb42221698f4046f4221a9736bf27540fdee2c85f8084147097d0487283be98c8)
[m[2m2026-05-31 16:24:37.028-0400[m[2m | [m[2mBftProcessorExecutor-QBFT-0[m[2m | [m[32mINFO [m[2m | [m[2mQbftBesuControllerBuilder[m[2m | [m[32mImported empty block #584 / 0 tx / 0 pending / 0 (0.0%) gas / (0x78068006fc2659c0f31c5660ab928782aa5b1540f9ffb0f35bdbe4c6a421b097)
[m[2m2026-05-31 16:24:39.031-0400[m[2m | [m[2mBftProcessorExecutor-QBFT-0[m[2m | [m[32mINFO [m[2m | [m[2mQbftBesuControllerBuilder[m[2m | [m[32mProduced empty block #585 / 0 tx / 0 pending / 0 (0.0%) gas / (0xe56e87e886140f31d3fe840d7a4ad0c1df59da87c3e4f16963ee60edcdf77ed1)
[m[2m2026-05-31 16:24:41.032-0400[m[2m | [m[2mBftProcessorExecutor-QBFT-0[m[2m | [m[32mINFO [m[2m | [m[2mQbftBesuControllerBuilder[m[2m | [m[32mImported empty block #586 / 0 tx / 0 pending / 0 (0.0%) gas / (0x26635b288c563497c73055c63d0aaae85771371c0f0ddbce5d6126733a296d6e)
[m[2m2026-05-31 16:24:43.028-0400[m[2m | [m[2mBftProcessorExecutor-QBFT-0[m[2m | [m[32mINFO [m[2m | [m[2mQbftBesuControllerBuilder[m[2m | [m[32mImported empty block #587 / 0 tx / 0 pending / 0 (0.0%) gas / (0x3db71b065fdb14ba27ba04a6246b7963d5b5d9f7b1f7072a4cb1dad4377e4f68)
[m[2m2026-05-31 16:24:43.028-0400[m[2m | [m[2mEthScheduler-Workers-64[m[2m | [m[32mINFO [m[2m | [m[2mPersistBlockTask[m[2m | [m[32mBlock 587 (0x3db71b065fdb14ba27ba04a6246b7963d5b5d9f7b1f7072a4cb1dad4377e4f68) is already imported
[m[2m2026-05-31 16:24:45.032-0400[m[2m | [m[2mBftProcessorExecutor-QBFT-0[m[2m | [m[32mINFO [m[2m | [m[2mQbftBesuControllerBuilder[m[2m | [m[32mImported empty block #588 / 0 tx / 0 pending / 0 (0.0%) gas / (0xe70dab0adbd132988d0eaccacd31cc5bea53da64bbf443c2bbb3e26323c7ead6)
[m[2m2026-05-31 16:24:47.025-0400[m[2m | [m[2mBftProcessorExecutor-QBFT-0[m[2m | [m[32mINFO [m[2m | [m[2mQbftBesuControllerBuilder[m[2m | [m[32mProduced empty block #589 / 0 tx / 0 pending / 0 (0.0%) gas / (0x60a1af97db239321675ddf9b5cd121f206dc6ad82eccf0e06182524df4dbb359)
[m[2m2026-05-31 16:24:49.025-0400[m[2m | [m[2mBftProcessorExecutor-QBFT-0[m[2m | [m[32mINFO [m[2m | [m[2mQbftBesuControllerBuilder[m[2m | [m[32mImported empty block #590 / 0 tx / 0 pending / 0 (0.0%) gas / (0x66cfece95775d2f41a62eaad4f687d208e95675ccbea062a7d42e07e949cfc9c)
[m[2m2026-05-31 16:24:51.027-0400[m[2m | [m[2mBftProcessorExecutor-QBFT-0[m[2m | [m[32mINFO [m[2m | [m[2mQbftBesuControllerBuilder[m[2m | [m[32mImported empty block #591 / 0 tx / 0 pending / 0 (0.0%) gas / (0x66703473773544550a9c8b485ccca9509224bc0c6a93ad451b65e70aa92ec13c)
[m[2m2026-05-31 16:24:51.028-0400[m[2m | [m[2mEthScheduler-Workers-66[m[2m | [m[32mINFO [m[2m | [m[2mPersistBlockTask[m[2m | [m[32mBlock 591 (0x66703473773544550a9c8b485ccca9509224bc0c6a93ad451b65e70aa92ec13c) is already imported
[m[2m2026-05-31 16:24:53.029-0400[m[2m | [m[2mBftProcessorExecutor-QBFT-0[m[2m | [m[32mINFO [m[2m | [m[2mQbftBesuControllerBuilder[m[2m | [m[32mImported empty block #592 / 0 tx / 0 pending / 0 (0.0%) gas / (0x437cd2bace4469d2de7d5168120dc9db7b0a59cf199b5891e5bc4818d27e5c9a)
[m[2m2026-05-31 16:24:55.027-0400[m[2m | [m[2mBftProcessorExecutor-QBFT-0[m[2m | [m[32mINFO [m[2m | [m[2mQbftBesuControllerBuilder[m[2m | [m[32mProduced empty block #593 / 0 tx / 0 pending / 0 (0.0%) gas / (0x351bc71d2c65d648e8a3eab753412a11703e0a754d915515fa2edfa83c272385)
[m[2m2026-05-31 16:24:57.027-0400[m[2m | [m[2mBftProcessorExecutor-QBFT-0[m[2m | [m[32mINFO [m[2m | [m[2mQbftBesuControllerBuilder[m[2m | [m[32mImported empty block #594 / 0 tx / 0 pending / 0 (0.0%) gas / (0x08c8788c198071aa493e5256bd152c2667f1e4a728efc43a1dda446bff885b8c)
[m[2m2026-05-31 16:24:59.025-0400[m[2m | [m[2mBftProcessorExecutor-QBFT-0[m[2m | [m[32mINFO [m[2m | [m[2mQbftBesuControllerBuilder[m[2m | [m[32mImported empty block #595 / 0 tx / 0 pending / 0 (0.0%) gas / (0x632364c28aa45485d853128fd1caf9599cbc94d804dc59442d92f5966258dcc9)
[m[2m2026-05-31 16:24:59.025-0400[m[2m | [m[2mEthScheduler-Workers-68[m[2m | [m[32mINFO [m[2m | [m[2mPersistBlockTask[m[2m | [m[32mBlock 595 (0x632364c28aa45485d853128fd1caf9599cbc94d804dc59442d92f5966258dcc9) is already imported
[m[2m2026-05-31 16:25:01.032-0400[m[2m | [m[2mBftProcessorExecutor-QBFT-0[m[2m | [m[32mINFO [m[2m | [m[2mQbftBesuControllerBuilder[m[2m | [m[32mImported empty block #596 / 0 tx / 0 pending / 0 (0.0%) gas / (0x8a3493ae54d38021dc9778d48396b18160040b6c8dcdc3cd85db726b9cef782b)
[m[2m2026-05-31 16:25:01.032-0400[m[2m | [m[2mEthScheduler-Workers-50[m[2m | [m[32mINFO [m[2m | [m[2mPersistBlockTask[m[2m | [m[32mBlock 596 (0x8a3493ae54d38021dc9778d48396b18160040b6c8dcdc3cd85db726b9cef782b) is already imported
[m[2m2026-05-31 16:25:03.025-0400[m[2m | [m[2mBftProcessorExecutor-QBFT-0[m[2m | [m[32mINFO [m[2m | [m[2mQbftBesuControllerBuilder[m[2m | [m[32mProduced empty block #597 / 0 tx / 0 pending / 0 (0.0%) gas / (0xe146bacd9effcdbcee27cfce4c54b10026396c019d194602e7bbda008d811d0d)
[m[2m2026-05-31 16:25:05.033-0400[m[2m | [m[2mBftProcessorExecutor-QBFT-0[m[2m | [m[32mINFO [m[2m | [m[2mQbftBesuControllerBuilder[m[2m | [m[32mImported empty block #598 / 0 tx / 0 pending / 0 (0.0%) gas / (0x5ed25f02f635b0822d380a4757b10c3d3ab7294ae33dd0663c87e573dbecb39a)
[m[2m2026-05-31 16:25:07.027-0400[m[2m | [m[2mBftProcessorExecutor-QBFT-0[m[2m | [m[32mINFO [m[2m | [m[2mQbftBesuControllerBuilder[m[2m | [m[32mImported empty block #599 / 0 tx / 0 pending / 0 (0.0%) gas / (0xef55d4daf3d5c5967effe7bd8b4010e341db974bb802da543c1a44111aecaf32)
[m[2m2026-05-31 16:25:09.034-0400[m[2m | [m[2mEthScheduler-Workers-65[m[2m | [m[32mINFO [m[2m | [m[2mPersistBlockTask[m[2m | [m[32mBlock 600 (0xf5fff0c79b8d38ed61e27a967cf3db5af303119779e116f7bbb5774f92906891) is already imported
[m[2m2026-05-31 16:25:09.034-0400[m[2m | [m[2mBftProcessorExecutor-QBFT-0[m[2m | [m[32mINFO [m[2m | [m[2mQbftBesuControllerBuilder[m[2m | [m[32mImported empty block #600 / 0 tx / 0 pending / 0 (0.0%) gas / (0xf5fff0c79b8d38ed61e27a967cf3db5af303119779e116f7bbb5774f92906891)
[m[2m2026-05-31 16:25:11.026-0400[m[2m | [m[2mBftProcessorExecutor-QBFT-0[m[2m | [m[32mINFO [m[2m | [m[2mQbftBesuControllerBuilder[m[2m | [m[32mProduced empty block #601 / 0 tx / 0 pending / 0 (0.0%) gas / (0x308b89b282864857f6142d780a98db69709ac60b6828e890df7185ef1ebc14df)
[m[2m2026-05-31 16:25:13.013-0400[m[2m | [m[2mBftProcessorExecutor-QBFT-0[m[2m | [m[32mINFO [m[2m | [m[2mQbftBesuControllerBuilder[m[2m | [m[32mImported empty block #602 / 0 tx / 0 pending / 0 (0.0%) gas / (0x76d661e1a641ae3824ec6ee7a7bf75ea26476c7225a60b309881592ba17901f9)
[m[2m2026-05-31 16:25:15.029-0400[m[2m | [m[2mEthScheduler-Workers-66[m[2m | [m[32mINFO [m[2m | [m[2mPersistBlockTask[m[2m | [m[32mImported empty block #603 / 0 tx / 0 om / 0 (0.0%) gas / (0x081a960dfedaf04e15076ed1cf9dfefa34d48087298a5227a2f2ea31e750e78e) in 0.000s. Peers: 3
[m[2m2026-05-31 16:25:17.024-0400[m[2m | [m[2mBftProcessorExecutor-QBFT-0[m[2m | [m[32mINFO [m[2m | [m[2mQbftBesuControllerBuilder[m[2m | [m[32mImported empty block #604 / 0 tx / 0 pending / 0 (0.0%) gas / (0x0b482098c7d4cce0b99024afbc29c53208c6c968930124f848848e141c0d3c70)
[m[2m2026-05-31 16:25:19.015-0400[m[2m | [m[2mBftProcessorExecutor-QBFT-0[m[2m | [m[32mINFO [m[2m | [m[2mQbftBesuControllerBuilder[m[2m | [m[32mProduced empty block #605 / 0 tx / 0 pending / 0 (0.0%) gas / (0xd7e946440c7155a562ad562bed30e47307787658e9722b88f31e9017ac4d2f30)
[m[2m2026-05-31 16:25:21.030-0400[m[2m | [m[2mBftProcessorExecutor-QBFT-0[m[2m | [m[32mINFO [m[2m | [m[2mQbftBesuControllerBuilder[m[2m | [m[32mImported empty block #606 / 0 tx / 0 pending / 0 (0.0%) gas / (0x477f4a82fa279e16b610c5eca18dd5ebf6f4ee8c8a76ccdd0783260475cd36cd)
[m[2m2026-05-31 16:25:23.026-0400[m[2m | [m[2mBftProcessorExecutor-QBFT-0[m[2m | [m[32mINFO [m[2m | [m[2mQbftBesuControllerBuilder[m[2m | [m[32mImported empty block #607 / 0 tx / 0 pending / 0 (0.0%) gas / (0x5370e026be301786255db1f838d46143b16ad742b76bbe66e47f57301e268030)
[m[2m2026-05-31 16:25:25.032-0400[m[2m | [m[2mBftProcessorExecutor-QBFT-0[m[2m | [m[32mINFO [m[2m | [m[2mQbftBesuControllerBuilder[m[2m | [m[32mImported empty block #608 / 0 tx / 0 pending / 0 (0.0%) gas / (0xbc00a765b3d621330eb6338f9ef28b2b80a32e578abb3757838288c368d6be20)
[m[2m2026-05-31 16:25:27.008-0400[m[2m | [m[2mBftProcessorExecutor-QBFT-0[m[2m | [m[32mINFO [m[2m | [m[2mQbftBesuControllerBuilder[m[2m | [m[32mProduced empty block #609 / 0 tx / 0 pending / 0 (0.0%) gas / (0x29168a658f9f43b7b5f495b24f024f0fde46bbdc6c0e5cb91cea8a8a3062d8e4)
[m[2m2026-05-31 16:25:29.028-0400[m[2m | [m[2mBftProcessorExecutor-QBFT-0[m[2m | [m[32mINFO [m[2m | [m[2mQbftBesuControllerBuilder[m[2m | [m[32mImported empty block #610 / 0 tx / 0 pending / 0 (0.0%) gas / (0x13e1ec6ad307cdbec3455b9efff690cf6be00f91181887b00e1dce42444ed0cd)
[m[2m2026-05-31 16:25:31.015-0400[m[2m | [m[2mBftProcessorExecutor-QBFT-0[m[2m | [m[32mINFO [m[2m | [m[2mQbftBesuControllerBuilder[m[2m | [m[32mImported empty block #611 / 0 tx / 0 pending / 0 (0.0%) gas / (0x9158ec87d5e26f735168173f3c8d96d024e9d79f026cbe1f3b0982fd7964f100)
[m[2m2026-05-31 16:25:33.027-0400[m[2m | [m[2mBftProcessorExecutor-QBFT-0[m[2m | [m[32mINFO [m[2m | [m[2mQbftBesuControllerBuilder[m[2m | [m[32mImported empty block #612 / 0 tx / 0 pending / 0 (0.0%) gas / (0x627ceea6e9970636eb3739169654875e6a1b67b1307fc71b67f7860f3eaf8cf8)
[m[2m2026-05-31 16:25:35.012-0400[m[2m | [m[2mBftProcessorExecutor-QBFT-0[m[2m | [m[32mINFO [m[2m | [m[2mQbftBesuControllerBuilder[m[2m | [m[32mProduced empty block #613 / 0 tx / 0 pending / 0 (0.0%) gas / (0x419f8bbdc702b6e8dab789857330757978195f9c496e7c1585086ab8a329bba9)
[m[2m2026-05-31 16:25:37.010-0400[m[2m | [m[2mBftProcessorExecutor-QBFT-0[m[2m | [m[32mINFO [m[2m | [m[2mQbftBesuControllerBuilder[m[2m | [m[32mImported empty block #614 / 0 tx / 0 pending / 0 (0.0%) gas / (0x81814b53192fd360bf3ed655e87e228581756c2e7149d0ba906ae0186a7a22c1)
[m[2m2026-05-31 16:25:39.039-0400[m[2m | [m[2mBftProcessorExecutor-QBFT-0[m[2m | [m[32mINFO [m[2m | [m[2mQbftBesuControllerBuilder[m[2m | [m[32mImported empty block #615 / 0 tx / 0 pending / 0 (0.0%) gas / (0x23503542e4921e38d17d5957812f4f39d0eda83ba71d635d5f5ae3f753ac9e46)
[m[2m2026-05-31 16:25:41.021-0400[m[2m | [m[2mBftProcessorExecutor-QBFT-0[m[2m | [m[32mINFO [m[2m | [m[2mQbftBesuControllerBuilder[m[2m | [m[32mImported empty block #616 / 0 tx / 0 pending / 0 (0.0%) gas / (0x851b1e36a3fc0eee83c3cc6cd61ee66b2a12a1df5122f4911a977c8b5e7d074e)
[m[2m2026-05-31 16:25:43.024-0400[m[2m | [m[2mBftProcessorExecutor-QBFT-0[m[2m | [m[32mINFO [m[2m | [m[2mQbftBesuControllerBuilder[m[2m | [m[32mProduced empty block #617 / 0 tx / 0 pending / 0 (0.0%) gas / (0x9723cd66ba021be7b43127f4f0e3cf8dfceb0747f158b217c99f9b6e7c84e163)
[m[2m2026-05-31 16:25:45.011-0400[m[2m | [m[2mBftProcessorExecutor-QBFT-0[m[2m | [m[32mINFO [m[2m | [m[2mQbftBesuControllerBuilder[m[2m | [m[32mImported empty block #618 / 0 tx / 0 pending / 0 (0.0%) gas / (0x6a5a96b5ddc2da49c16f5c135ca2aa9e48049543c8f271eec77f591555d015d6)
[m[2m2026-05-31 16:25:47.037-0400[m[2m | [m[2mBftProcessorExecutor-QBFT-0[m[2m | [m[32mINFO [m[2m | [m[2mQbftBesuControllerBuilder[m[2m | [m[32mImported empty block #619 / 0 tx / 0 pending / 0 (0.0%) gas / (0xed71110419dce4f8dab23798707c45be2769e5af649bb131e60dea3ec011e778)
[m[2m2026-05-31 16:25:49.029-0400[m[2m | [m[2mBftProcessorExecutor-QBFT-0[m[2m | [m[32mINFO [m[2m | [m[2mQbftBesuControllerBuilder[m[2m | [m[32mImported empty block #620 / 0 tx / 0 pending / 0 (0.0%) gas / (0x00f8b1fc7c65e09aab967c558e49dbd0e09a30ef44cb1dfa5ebe78e571472901)
[m[2m2026-05-31 16:25:49.029-0400[m[2m | [m[2mEthScheduler-Workers-69[m[2m | [m[32mINFO [m[2m | [m[2mPersistBlockTask[m[2m | [m[32mBlock 620 (0x00f8b1fc7c65e09aab967c558e49dbd0e09a30ef44cb1dfa5ebe78e571472901) is already imported
[m[2m2026-05-31 16:25:51.032-0400[m[2m | [m[2mBftProcessorExecutor-QBFT-0[m[2m | [m[32mINFO [m[2m | [m[2mQbftBesuControllerBuilder[m[2m | [m[32mProduced empty block #621 / 0 tx / 0 pending / 0 (0.0%) gas / (0x9f56ea1bf7859843c0a8c8aeebd568b346ec2ddc863f243f3a0e105eb4337045)
[m[2m2026-05-31 16:25:51.033-0400[m[2m | [m[2mEthScheduler-Workers-63[m[2m | [m[32mINFO [m[2m | [m[2mPersistBlockTask[m[2m | [m[32mBlock 621 (0x9f56ea1bf7859843c0a8c8aeebd568b346ec2ddc863f243f3a0e105eb4337045) is already imported
[m[2m2026-05-31 16:25:53.032-0400[m[2m | [m[2mBftProcessorExecutor-QBFT-0[m[2m | [m[32mINFO [m[2m | [m[2mQbftBesuControllerBuilder[m[2m | [m[32mImported empty block #622 / 0 tx / 0 pending / 0 (0.0%) gas / (0x45ea0b56a9f34bacba9e93314e7cc36a6da8c88572c0b2727930e3b11cba3f67)
[m[2m2026-05-31 16:25:55.039-0400[m[2m | [m[2mEthScheduler-Workers-64[m[2m | [m[32mINFO [m[2m | [m[2mPersistBlockTask[m[2m | [m[32mImported empty block #623 / 0 tx / 0 om / 0 (0.0%) gas / (0xd5a7d6a2cac23b5c25d1797b4ed554c123359a30270acff9f4e39afe2608e883) in 0.000s. Peers: 3
[m[2m2026-05-31 16:25:55.039-0400[m[2m | [m[2mBftProcessorExecutor-QBFT-0[m[2m | [m[32mINFO [m[2m | [m[2mQbftBesuControllerBuilder[m[2m | [m[32mImported empty block #623 / 0 tx / 0 pending / 0 (0.0%) gas / (0xd5a7d6a2cac23b5c25d1797b4ed554c123359a30270acff9f4e39afe2608e883)
[m[2m2026-05-31 16:25:57.037-0400[m[2m | [m[2mBftProcessorExecutor-QBFT-0[m[2m | [m[32mINFO [m[2m | [m[2mQbftBesuControllerBuilder[m[2m | [m[32mImported empty block #624 / 0 tx / 0 pending / 0 (0.0%) gas / (0x4a565d61fccfbee8fbdd8b04ada1cf5fab391617a02a110be30ef2c71d925072)
[m[2m2026-05-31 16:25:59.038-0400[m[2m | [m[2mBftProcessorExecutor-QBFT-0[m[2m | [m[32mINFO [m[2m | [m[2mQbftBesuControllerBuilder[m[2m | [m[32mProduced empty block #625 / 0 tx / 0 pending / 0 (0.0%) gas / (0xa970e8ac959065cd9d8e1a17be62a8eba203e636cfb198b3062a715a0f21afda)
[m[2m2026-05-31 16:26:01.026-0400[m[2m | [m[2mBftProcessorExecutor-QBFT-0[m[2m | [m[32mINFO [m[2m | [m[2mQbftBesuControllerBuilder[m[2m | [m[32mImported empty block #626 / 0 tx / 0 pending / 0 (0.0%) gas / (0x224fb24b25fcb0d45ea03750f4f2d4a3e65ea8d3c9cab7e46b7df58f5b4838b7)
[m[2m2026-05-31 16:26:03.024-0400[m[2m | [m[2mBftProcessorExecutor-QBFT-0[m[2m | [m[32mINFO [m[2m | [m[2mQbftBesuControllerBuilder[m[2m | [m[32mImported empty block #627 / 0 tx / 0 pending / 0 (0.0%) gas / (0xe33176de9e88356a2e2a19d619f6b0f6a06fdfcedf48ff30b83b7b06258a4383)
[m[2m2026-05-31 16:26:05.028-0400[m[2m | [m[2mBftProcessorExecutor-QBFT-0[m[2m | [m[32mINFO [m[2m | [m[2mQbftBesuControllerBuilder[m[2m | [m[32mImported empty block #628 / 0 tx / 0 pending / 0 (0.0%) gas / (0x1a0f670772c7b66aac541b07b2c406b717c38c188c0446ea4f3275f4c1684be8)
[m[2m2026-05-31 16:26:07.030-0400[m[2m | [m[2mBftProcessorExecutor-QBFT-0[m[2m | [m[32mINFO [m[2m | [m[2mQbftBesuControllerBuilder[m[2m | [m[32mProduced empty block #629 / 0 tx / 0 pending / 0 (0.0%) gas / (0x2558347e78f4860c2f8f2c7c25688e7444588412cdf366eb84a67fcc416a4843)
[m[2m2026-05-31 16:26:09.042-0400[m[2m | [m[2mBftProcessorExecutor-QBFT-0[m[2m | [m[32mINFO [m[2m | [m[2mQbftBesuControllerBuilder[m[2m | [m[32mImported empty block #630 / 0 tx / 0 pending / 0 (0.0%) gas / (0x9b9e0e9f0478e24420a26fb7bb0f591970eab5ffbda87641c8d79e77f52e93b8)
[m[2m2026-05-31 16:26:11.030-0400[m[2m | [m[2mBftProcessorExecutor-QBFT-0[m[2m | [m[32mINFO [m[2m | [m[2mQbftBesuControllerBuilder[m[2m | [m[32mImported empty block #631 / 0 tx / 0 pending / 0 (0.0%) gas / (0x9738337ff05c2bf1c0fa748f1b749bc3a90f116e9692ec0808ef2c34cffb1d49)
[m[2m2026-05-31 16:26:13.036-0400[m[2m | [m[2mBftProcessorExecutor-QBFT-0[m[2m | [m[32mINFO [m[2m | [m[2mQbftBesuControllerBuilder[m[2m | [m[32mImported empty block #632 / 0 tx / 0 pending / 0 (0.0%) gas / (0x328856e67a68ae1d77ce19b49454a0bf0f942318d7e48a7d282a86e67b793dfd)
[m[2m2026-05-31 16:26:15.035-0400[m[2m | [m[2mBftProcessorExecutor-QBFT-0[m[2m | [m[32mINFO [m[2m | [m[2mQbftBesuControllerBuilder[m[2m | [m[32mProduced empty block #633 / 0 tx / 0 pending / 0 (0.0%) gas / (0xebbaacf6e15ddd52ac68a334d6eeb9147361815b476d220d815cf9a88e704523)
[m[2m2026-05-31 16:26:17.031-0400[m[2m | [m[2mBftProcessorExecutor-QBFT-0[m[2m | [m[32mINFO [m[2m | [m[2mQbftBesuControllerBuilder[m[2m | [m[32mImported empty block #634 / 0 tx / 0 pending / 0 (0.0%) gas / (0xa13670b6eec4d2ee234201c559d5109be3496e37f24a5264ce12f9946f627640)
[m[2m2026-05-31 16:26:19.016-0400[m[2m | [m[2mBftProcessorExecutor-QBFT-0[m[2m | [m[32mINFO [m[2m | [m[2mQbftBesuControllerBuilder[m[2m | [m[32mImported empty block #635 / 0 tx / 0 pending / 0 (0.0%) gas / (0x863dd9747175e59e5fbfa9b5064237319806459577ae8ed516e39bf21e708ba5)
[m[2m2026-05-31 16:26:21.033-0400[m[2m | [m[2mBftProcessorExecutor-QBFT-0[m[2m | [m[32mINFO [m[2m | [m[2mQbftBesuControllerBuilder[m[2m | [m[32mImported empty block #636 / 0 tx / 0 pending / 0 (0.0%) gas / (0x22d98e6f1eadef0b4f66ed3d0ffcc57ab0362d79c79d79616cae84b8f246f025)
[m[2m2026-05-31 16:26:21.033-0400[m[2m | [m[2mEthScheduler-Workers-70[m[2m | [m[32mINFO [m[2m | [m[2mPersistBlockTask[m[2m | [m[32mBlock 636 (0x22d98e6f1eadef0b4f66ed3d0ffcc57ab0362d79c79d79616cae84b8f246f025) is already imported
[m[2m2026-05-31 16:26:23.012-0400[m[2m | [m[2mBftProcessorExecutor-QBFT-0[m[2m | [m[32mINFO [m[2m | [m[2mQbftBesuControllerBuilder[m[2m | [m[32mProduced empty block #637 / 0 tx / 0 pending / 0 (0.0%) gas / (0x5f3db453dbb98cce2555636a85bf7d5975388d195f0257ca00f2c37741023546)
[m[2m2026-05-31 16:26:25.034-0400[m[2m | [m[2mEthScheduler-Workers-68[m[2m | [m[32mINFO [m[2m | [m[2mPersistBlockTask[m[2m | [m[32mImported empty block #638 / 0 tx / 0 om / 0 (0.0%) gas / (0x9a1e1ae4a2956416cbae1937e71614e5b0a13d3453fa3dc4da33cd46cd81415f) in 0.000s. Peers: 3
[m[2m2026-05-31 16:26:27.029-0400[m[2m | [m[2mBftProcessorExecutor-QBFT-0[m[2m | [m[32mINFO [m[2m | [m[2mQbftBesuControllerBuilder[m[2m | [m[32mImported empty block #639 / 0 tx / 0 pending / 0 (0.0%) gas / (0x83eb0502b8a04d45978a860a7fed1f91d66c9c841dc875ca0a24c301100242e7)
[m[2m2026-05-31 16:26:29.037-0400[m[2m | [m[2mBftProcessorExecutor-QBFT-0[m[2m | [m[32mINFO [m[2m | [m[2mQbftBesuControllerBuilder[m[2m | [m[32mImported empty block #640 / 0 tx / 0 pending / 0 (0.0%) gas / (0xb6189f821679d8ea6ee6b4226d8c0a617adb5cc16ca6551d7a03320ef8fec1b4)
[m[2m2026-05-31 16:26:31.016-0400[m[2m | [m[2mEthScheduler-Workers-50[m[2m | [m[32mINFO [m[2m | [m[2mPersistBlockTask[m[2m | [m[32mBlock 641 (0x3bc5394283fb69f3b22ec0db87fd9b97dd5771bd97d99967b2d6141fc06d0e5e) is already imported
[m[2m2026-05-31 16:26:31.016-0400[m[2m | [m[2mBftProcessorExecutor-QBFT-0[m[2m | [m[32mINFO [m[2m | [m[2mQbftBesuControllerBuilder[m[2m | [m[32mProduced empty block #641 / 0 tx / 0 pending / 0 (0.0%) gas / (0x3bc5394283fb69f3b22ec0db87fd9b97dd5771bd97d99967b2d6141fc06d0e5e)
[m[2m2026-05-31 16:26:33.034-0400[m[2m | [m[2mEthScheduler-Workers-65[m[2m | [m[32mINFO [m[2m | [m[2mPersistBlockTask[m[2m | [m[32mImported empty block #642 / 0 tx / 0 om / 0 (0.0%) gas / (0xde729d95aa7370b24ba8c68813c791439c5076a5ce29f0e0a04ce232c38f21b1) in 0.000s. Peers: 3
[m[2m2026-05-31 16:26:35.035-0400[m[2m | [m[2mEthScheduler-Workers-71[m[2m | [m[32mINFO [m[2m | [m[2mPersistBlockTask[m[2m | [m[32mBlock 643 (0x73eff010d0c7de9e0d66d1bb480ccc926b48e0b9ee6d88c4d5fe20c7391ba25e) is already imported
[m[2m2026-05-31 16:26:35.035-0400[m[2m | [m[2mBftProcessorExecutor-QBFT-0[m[2m | [m[32mINFO [m[2m | [m[2mQbftBesuControllerBuilder[m[2m | [m[32mImported empty block #643 / 0 tx / 0 pending / 0 (0.0%) gas / (0x73eff010d0c7de9e0d66d1bb480ccc926b48e0b9ee6d88c4d5fe20c7391ba25e)
[m[2m2026-05-31 16:26:37.039-0400[m[2m | [m[2mBftProcessorExecutor-QBFT-0[m[2m | [m[32mINFO [m[2m | [m[2mQbftBesuControllerBuilder[m[2m | [m[32mImported empty block #644 / 0 tx / 0 pending / 0 (0.0%) gas / (0xe0a74c13c6961d12eadcac1d2afe0e8c01cf1e92402e09ac2e712a8b4ac31c24)
[m[2m2026-05-31 16:26:37.039-0400[m[2m | [m[2mEthScheduler-Workers-69[m[2m | [m[32mINFO [m[2m | [m[2mPersistBlockTask[m[2m | [m[32mImported empty block #644 / 0 tx / 0 om / 0 (0.0%) gas / (0xe0a74c13c6961d12eadcac1d2afe0e8c01cf1e92402e09ac2e712a8b4ac31c24) in 0.000s. Peers: 3
[m[2m2026-05-31 16:26:39.042-0400[m[2m | [m[2mBftProcessorExecutor-QBFT-0[m[2m | [m[32mINFO [m[2m | [m[2mQbftBesuControllerBuilder[m[2m | [m[32mProduced empty block #645 / 0 tx / 0 pending / 0 (0.0%) gas / (0x9a165afca8fd5ae9e1744481e68f2681a9a4d2c9605c95e49d6ce120acd577cd)
[m[2m2026-05-31 16:26:41.035-0400[m[2m | [m[2mBftProcessorExecutor-QBFT-0[m[2m | [m[32mINFO [m[2m | [m[2mQbftBesuControllerBuilder[m[2m | [m[32mImported empty block #646 / 0 tx / 0 pending / 0 (0.0%) gas / (0x021fb4b213bbb0b161082a23acb2a847eb60f42fc61267b544353d1c7a2c4772)
[m[2m2026-05-31 16:26:43.027-0400[m[2m | [m[2mBftProcessorExecutor-QBFT-0[m[2m | [m[32mINFO [m[2m | [m[2mQbftBesuControllerBuilder[m[2m | [m[32mImported empty block #647 / 0 tx / 0 pending / 0 (0.0%) gas / (0xb828eacc564a4c73365349f77d3b265396561adae7f37ed1ffad2bec117dad91)
[m[2m2026-05-31 16:26:45.031-0400[m[2m | [m[2mBftProcessorExecutor-QBFT-0[m[2m | [m[32mINFO [m[2m | [m[2mQbftBesuControllerBuilder[m[2m | [m[32mImported empty block #648 / 0 tx / 0 pending / 0 (0.0%) gas / (0xfbcdf937d0b0145ce5df8b5b8e98c681eca5a3de272ff0b16ae35d8e98c8e2b4)
[m[2m2026-05-31 16:26:47.031-0400[m[2m | [m[2mBftProcessorExecutor-QBFT-0[m[2m | [m[32mINFO [m[2m | [m[2mQbftBesuControllerBuilder[m[2m | [m[32mProduced empty block #649 / 0 tx / 0 pending / 0 (0.0%) gas / (0xedafa3e3742b2960f70a0e060da37a5075d6c7e4fd309c002b2c9909f57bdfda)
[m[2m2026-05-31 16:26:49.033-0400[m[2m | [m[2mBftProcessorExecutor-QBFT-0[m[2m | [m[32mINFO [m[2m | [m[2mQbftBesuControllerBuilder[m[2m | [m[32mImported empty block #650 / 0 tx / 0 pending / 0 (0.0%) gas / (0x75f886c5c29da649f41777dd799c2a222072f9c42537018d95701079ec63c702)
[m[2m2026-05-31 16:26:51.032-0400[m[2m | [m[2mBftProcessorExecutor-QBFT-0[m[2m | [m[32mINFO [m[2m | [m[2mQbftBesuControllerBuilder[m[2m | [m[32mImported empty block #651 / 0 tx / 0 pending / 0 (0.0%) gas / (0xf4563cc0de172d2b02de149b3deefc75131b76d64de2d7f8e0ddef03b8ed73a8)
[m[2m2026-05-31 16:26:53.029-0400[m[2m | [m[2mBftProcessorExecutor-QBFT-0[m[2m | [m[32mINFO [m[2m | [m[2mQbftBesuControllerBuilder[m[2m | [m[32mImported empty block #652 / 0 tx / 0 pending / 0 (0.0%) gas / (0xb41ad2d40d126d82da249e92f121767fdf4e3270b60901fb2811afe0c2c7cf71)
[m[2m2026-05-31 16:26:55.033-0400[m[2m | [m[2mBftProcessorExecutor-QBFT-0[m[2m | [m[32mINFO [m[2m | [m[2mQbftBesuControllerBuilder[m[2m | [m[32mProduced empty block #653 / 0 tx / 0 pending / 0 (0.0%) gas / (0xd583c5f7edec4940942422d1b92a0eb3a4401429153013d9609a1297e0dcabc1)
[m[2m2026-05-31 16:26:57.037-0400[m[2m | [m[2mBftProcessorExecutor-QBFT-0[m[2m | [m[32mINFO [m[2m | [m[2mQbftBesuControllerBuilder[m[2m | [m[32mImported empty block #654 / 0 tx / 0 pending / 0 (0.0%) gas / (0xe934223bb320a646e7f47d0ebb1192f59e9777a418f9453df454abce35d36101)
[m[2m2026-05-31 16:26:59.034-0400[m[2m | [m[2mEthScheduler-Workers-63[m[2m | [m[32mINFO [m[2m | [m[2mPersistBlockTask[m[2m | [m[32mBlock 655 (0x560e5b0dbce8ea8597bc759bffa11b6468695ce31987f4e6da767d5a6b8b9d25) is already imported
[m[2m2026-05-31 16:26:59.034-0400[m[2m | [m[2mBftProcessorExecutor-QBFT-0[m[2m | [m[32mINFO [m[2m | [m[2mQbftBesuControllerBuilder[m[2m | [m[32mImported empty block #655 / 0 tx / 0 pending / 0 (0.0%) gas / (0x560e5b0dbce8ea8597bc759bffa11b6468695ce31987f4e6da767d5a6b8b9d25)
[m[2m2026-05-31 16:27:01.025-0400[m[2m | [m[2mBftProcessorExecutor-QBFT-0[m[2m | [m[32mINFO [m[2m | [m[2mQbftBesuControllerBuilder[m[2m | [m[32mImported empty block #656 / 0 tx / 0 pending / 0 (0.0%) gas / (0x22dd5df2f0d57b09419dd6a3338598ae94102f30235618b3969d7de87594272a)
[m[2m2026-05-31 16:27:03.035-0400[m[2m | [m[2mBftProcessorExecutor-QBFT-0[m[2m | [m[32mINFO [m[2m | [m[2mQbftBesuControllerBuilder[m[2m | [m[32mProduced empty block #657 / 0 tx / 0 pending / 0 (0.0%) gas / (0xa083a1ee8088bab6f8247b17a2abbfe4fc5ac94c1f1de136f9bf691bc44ebee0)
[m[2m2026-05-31 16:27:05.034-0400[m[2m | [m[2mBftProcessorExecutor-QBFT-0[m[2m | [m[32mINFO [m[2m | [m[2mQbftBesuControllerBuilder[m[2m | [m[32mImported empty block #658 / 0 tx / 0 pending / 0 (0.0%) gas / (0xc39238a819a3502743db36d86b54b99a0c17eea250b48d1387be6f01b09249c8)
[m[2m2026-05-31 16:27:07.042-0400[m[2m | [m[2mBftProcessorExecutor-QBFT-0[m[2m | [m[32mINFO [m[2m | [m[2mQbftBesuControllerBuilder[m[2m | [m[32mImported empty block #659 / 0 tx / 0 pending / 0 (0.0%) gas / (0xf478f4d804aebc26b1237319586fcc0eac14e10b7d066176738a5aa99b3a138b)
[m[2m2026-05-31 16:27:07.042-0400[m[2m | [m[2mEthScheduler-Workers-64[m[2m | [m[32mINFO [m[2m | [m[2mPersistBlockTask[m[2m | [m[32mBlock 659 (0xf478f4d804aebc26b1237319586fcc0eac14e10b7d066176738a5aa99b3a138b) is already imported
[m[2m2026-05-31 16:27:09.041-0400[m[2m | [m[2mEthScheduler-Workers-70[m[2m | [m[32mINFO [m[2m | [m[2mPersistBlockTask[m[2m | [m[32mBlock 660 (0x06076b2a5f0b4ff98800f0c775a0cffb67b5bf36970d969e2b68243ae860051d) is already imported
[m[2m2026-05-31 16:27:09.041-0400[m[2m | [m[2mBftProcessorExecutor-QBFT-0[m[2m | [m[32mINFO [m[2m | [m[2mQbftBesuControllerBuilder[m[2m | [m[32mImported empty block #660 / 0 tx / 0 pending / 0 (0.0%) gas / (0x06076b2a5f0b4ff98800f0c775a0cffb67b5bf36970d969e2b68243ae860051d)
[m[2m2026-05-31 16:27:11.026-0400[m[2m | [m[2mBftProcessorExecutor-QBFT-0[m[2m | [m[32mINFO [m[2m | [m[2mQbftBesuControllerBuilder[m[2m | [m[32mProduced empty block #661 / 0 tx / 0 pending / 0 (0.0%) gas / (0x11e65d93271eee40cb645316d07b9b733ae61d94c0ba134252f3903f9ec41b5b)
[m[2m2026-05-31 16:27:13.036-0400[m[2m | [m[2mEthScheduler-Workers-68[m[2m | [m[32mINFO [m[2m | [m[2mPersistBlockTask[m[2m | [m[32mBlock 662 (0xdb22ef45c2a399092d357573524e6d84855820b4793160cdb539b2e99a4ce873) is already imported
[m[2m2026-05-31 16:27:13.036-0400[m[2m | [m[2mBftProcessorExecutor-QBFT-0[m[2m | [m[32mINFO [m[2m | [m[2mQbftBesuControllerBuilder[m[2m | [m[32mImported empty block #662 / 0 tx / 0 pending / 0 (0.0%) gas / (0xdb22ef45c2a399092d357573524e6d84855820b4793160cdb539b2e99a4ce873)
[m[2m2026-05-31 16:27:15.030-0400[m[2m | [m[2mBftProcessorExecutor-QBFT-0[m[2m | [m[32mINFO [m[2m | [m[2mQbftBesuControllerBuilder[m[2m | [m[32mImported empty block #663 / 0 tx / 0 pending / 0 (0.0%) gas / (0xe2c9177b1b3bc37b0c5ff3efb7650e95ba946f9409a5c60fb8e5a76e00d6007c)
[m[2m2026-05-31 16:27:17.033-0400[m[2m | [m[2mBftProcessorExecutor-QBFT-0[m[2m | [m[32mINFO [m[2m | [m[2mQbftBesuControllerBuilder[m[2m | [m[32mImported empty block #664 / 0 tx / 0 pending / 0 (0.0%) gas / (0xd57f0a1e662d6dd60e3db429b1905ce7fb04e6ee8fed9f02f0dc435d061a391e)
[m[2m2026-05-31 16:27:19.038-0400[m[2m | [m[2mBftProcessorExecutor-QBFT-0[m[2m | [m[32mINFO [m[2m | [m[2mQbftBesuControllerBuilder[m[2m | [m[32mProduced empty block #665 / 0 tx / 0 pending / 0 (0.0%) gas / (0x7a7c83b08b4df9fb7ccb5641d4c52f32313081f449aa61972c95986b02236460)
[m[2m2026-05-31 16:27:21.034-0400[m[2m | [m[2mBftProcessorExecutor-QBFT-0[m[2m | [m[32mINFO [m[2m | [m[2mQbftBesuControllerBuilder[m[2m | [m[32mImported empty block #666 / 0 tx / 0 pending / 0 (0.0%) gas / (0x255ab0f02fad403c3f8c3e78d3e1b6fb992320fca311704b885efe875e3565f9)
[m[2m2026-05-31 16:27:23.033-0400[m[2m | [m[2mBftProcessorExecutor-QBFT-0[m[2m | [m[32mINFO [m[2m | [m[2mQbftBesuControllerBuilder[m[2m | [m[32mImported empty block #667 / 0 tx / 0 pending / 0 (0.0%) gas / (0xa5d4fb3949204ae1e1faab1c98be379b8ad72b2c3adf24846809f89fa3f6563a)
[m[2m2026-05-31 16:27:23.033-0400[m[2m | [m[2mEthScheduler-Workers-50[m[2m | [m[32mINFO [m[2m | [m[2mPersistBlockTask[m[2m | [m[32mBlock 667 (0xa5d4fb3949204ae1e1faab1c98be379b8ad72b2c3adf24846809f89fa3f6563a) is already imported
[m[2m2026-05-31 16:27:25.032-0400[m[2m | [m[2mBftProcessorExecutor-QBFT-0[m[2m | [m[32mINFO [m[2m | [m[2mQbftBesuControllerBuilder[m[2m | [m[32mImported empty block #668 / 0 tx / 0 pending / 0 (0.0%) gas / (0x8bee3fd92bcec468c82bc4fef1c39a7c790c23620fe4f371672e7d7070a0ffb6)
[m[2m2026-05-31 16:27:27.039-0400[m[2m | [m[2mBftProcessorExecutor-QBFT-0[m[2m | [m[32mINFO [m[2m | [m[2mQbftBesuControllerBuilder[m[2m | [m[32mProduced empty block #669 / 0 tx / 0 pending / 0 (0.0%) gas / (0x8ee91d00e31b992f91814472bff36460ac35c00ed885d16b003844fac1e42795)
[m[2m2026-05-31 16:27:29.032-0400[m[2m | [m[2mBftProcessorExecutor-QBFT-0[m[2m | [m[32mINFO [m[2m | [m[2mQbftBesuControllerBuilder[m[2m | [m[32mImported empty block #670 / 0 tx / 0 pending / 0 (0.0%) gas / (0xc96e1f7460f669ba21847327c61df458e76ba27800db85f81e61b6a2972c9429)
[m[2m2026-05-31 16:27:31.028-0400[m[2m | [m[2mBftProcessorExecutor-QBFT-0[m[2m | [m[32mINFO [m[2m | [m[2mQbftBesuControllerBuilder[m[2m | [m[32mImported empty block #671 / 0 tx / 0 pending / 0 (0.0%) gas / (0xf7ccb4bf35336b95e8216c132a626a878291606949674fe9c9f2a2bde0ec2fb7)
[m[2m2026-05-31 16:27:33.028-0400[m[2m | [m[2mBftProcessorExecutor-QBFT-0[m[2m | [m[32mINFO [m[2m | [m[2mQbftBesuControllerBuilder[m[2m | [m[32mImported empty block #672 / 0 tx / 0 pending / 0 (0.0%) gas / (0x781769e4df83993c04328bc89c8303efa94343129eab5e32666eb70576729537)
[m[2m2026-05-31 16:27:35.029-0400[m[2m | [m[2mBftProcessorExecutor-QBFT-0[m[2m | [m[32mINFO [m[2m | [m[2mQbftBesuControllerBuilder[m[2m | [m[32mProduced empty block #673 / 0 tx / 0 pending / 0 (0.0%) gas / (0x39e1379db1d8da47b1e48870a269f531b6178ac1fcbcabd9d2982aff1a30e7a4)
[m[2m2026-05-31 16:27:37.022-0400[m[2m | [m[2mBftProcessorExecutor-QBFT-0[m[2m | [m[32mINFO [m[2m | [m[2mQbftBesuControllerBuilder[m[2m | [m[32mImported empty block #674 / 0 tx / 0 pending / 0 (0.0%) gas / (0x2af61eea3967c83cafefd95288f76029ce67eccd04dff6dbadc64f3840df6e1d)
[m[2m2026-05-31 16:27:39.034-0400[m[2m | [m[2mBftProcessorExecutor-QBFT-0[m[2m | [m[32mINFO [m[2m | [m[2mQbftBesuControllerBuilder[m[2m | [m[32mImported empty block #675 / 0 tx / 0 pending / 0 (0.0%) gas / (0x4160e2883b6085b776bf2e34b4acd179d8abd3fa3f452774f41960d7970b5de0)
[m[2m2026-05-31 16:27:41.029-0400[m[2m | [m[2mBftProcessorExecutor-QBFT-0[m[2m | [m[32mINFO [m[2m | [m[2mQbftBesuControllerBuilder[m[2m | [m[32mImported empty block #676 / 0 tx / 0 pending / 0 (0.0%) gas / (0x7652278d4e2ca0a812108a0cbfa93d1b96b0954b8b8d128557cec51c5c447b11)
[m[2m2026-05-31 16:27:43.033-0400[m[2m | [m[2mBftProcessorExecutor-QBFT-0[m[2m | [m[32mINFO [m[2m | [m[2mQbftBesuControllerBuilder[m[2m | [m[32mProduced empty block #677 / 0 tx / 0 pending / 0 (0.0%) gas / (0xbb95804e146e50bf8a37bf9de2c523fc3609d39a037f47612a308ff0da998b2b)
[m[2m2026-05-31 16:27:45.032-0400[m[2m | [m[2mEthScheduler-Workers-65[m[2m | [m[32mINFO [m[2m | [m[2mPersistBlockTask[m[2m | [m[32mImported empty block #678 / 0 tx / 0 om / 0 (0.0%) gas / (0x08676f254d68516b280a5a703012948610ff87b41bc011469faeb44e571cf63a) in 0.000s. Peers: 3
[m[2m2026-05-31 16:27:47.032-0400[m[2m | [m[2mBftProcessorExecutor-QBFT-0[m[2m | [m[32mINFO [m[2m | [m[2mQbftBesuControllerBuilder[m[2m | [m[32mImported empty block #679 / 0 tx / 0 pending / 0 (0.0%) gas / (0xa55414e0244768759173e8553a4279a2b328b09a57b9e881d29201401688e755)
[m[2m2026-05-31 16:27:49.035-0400[m[2m | [m[2mBftProcessorExecutor-QBFT-0[m[2m | [m[32mINFO [m[2m | [m[2mQbftBesuControllerBuilder[m[2m | [m[32mImported empty block #680 / 0 tx / 0 pending / 0 (0.0%) gas / (0xa0e304341f5cf7e6b785f6e7a961425f104039cda288ac069c03cf4c9679d85c)
[m[2m2026-05-31 16:27:51.035-0400[m[2m | [m[2mBftProcessorExecutor-QBFT-0[m[2m | [m[32mINFO [m[2m | [m[2mQbftBesuControllerBuilder[m[2m | [m[32mProduced empty block #681 / 0 tx / 0 pending / 0 (0.0%) gas / (0x51146a4bda9d4caef5bb8c19554845328ff765b1ba3cc5f399a23813be8eddee)
[m[2m2026-05-31 16:27:53.032-0400[m[2m | [m[2mBftProcessorExecutor-QBFT-0[m[2m | [m[32mINFO [m[2m | [m[2mQbftBesuControllerBuilder[m[2m | [m[32mImported empty block #682 / 0 tx / 0 pending / 0 (0.0%) gas / (0x5a715b4b384c7781d162454515a81aa4ba8337c77720dbd569d04b49c1319f24)
[m[2m2026-05-31 16:27:55.034-0400[m[2m | [m[2mBftProcessorExecutor-QBFT-0[m[2m | [m[32mINFO [m[2m | [m[2mQbftBesuControllerBuilder[m[2m | [m[32mImported empty block #683 / 0 tx / 0 pending / 0 (0.0%) gas / (0xc7d791e467dc0e63ab20e8c9662f9af7c506d98decc399f5075adc145245487d)
[m[2m2026-05-31 16:27:57.035-0400[m[2m | [m[2mEthScheduler-Workers-71[m[2m | [m[32mINFO [m[2m | [m[2mPersistBlockTask[m[2m | [m[32mBlock 684 (0x71da0c526b1986c48e656790ba2060161853584999cb9ba2f277cc7712995784) is already imported
[m[2m2026-05-31 16:27:57.035-0400[m[2m | [m[2mBftProcessorExecutor-QBFT-0[m[2m | [m[32mINFO [m[2m | [m[2mQbftBesuControllerBuilder[m[2m | [m[32mImported empty block #684 / 0 tx / 0 pending / 0 (0.0%) gas / (0x71da0c526b1986c48e656790ba2060161853584999cb9ba2f277cc7712995784)
[m[2m2026-05-31 16:27:59.039-0400[m[2m | [m[2mBftProcessorExecutor-QBFT-0[m[2m | [m[32mINFO [m[2m | [m[2mQbftBesuControllerBuilder[m[2m | [m[32mProduced empty block #685 / 0 tx / 0 pending / 0 (0.0%) gas / (0x14901130ba420a225bdd68db0cc0408123c6aae465a9e32682ec95bc25dfdba6)
[m[2m2026-05-31 16:28:01.035-0400[m[2m | [m[2mBftProcessorExecutor-QBFT-0[m[2m | [m[32mINFO [m[2m | [m[2mQbftBesuControllerBuilder[m[2m | [m[32mImported empty block #686 / 0 tx / 0 pending / 0 (0.0%) gas / (0x55b6ee23d9129948ce26bbb90871224c761ecfa3a691c45958ed7a04f885c355)
[m[2m2026-05-31 16:28:03.045-0400[m[2m | [m[2mBftProcessorExecutor-QBFT-0[m[2m | [m[32mINFO [m[2m | [m[2mQbftBesuControllerBuilder[m[2m | [m[32mImported empty block #687 / 0 tx / 0 pending / 0 (0.0%) gas / (0x14742a46009be42695787ac9941cc808fdd1cad74f71cdd538ccee4864ca465c)
[m[2m2026-05-31 16:28:05.045-0400[m[2m | [m[2mBftProcessorExecutor-QBFT-0[m[2m | [m[32mINFO [m[2m | [m[2mQbftBesuControllerBuilder[m[2m | [m[32mImported empty block #688 / 0 tx / 0 pending / 0 (0.0%) gas / (0x34facf09994d7181399fb86554cf2feaebe3e07d496c05898c69191133a38b86)
[m[2m2026-05-31 16:28:07.033-0400[m[2m | [m[2mBftProcessorExecutor-QBFT-0[m[2m | [m[32mINFO [m[2m | [m[2mQbftBesuControllerBuilder[m[2m | [m[32mProduced empty block #689 / 0 tx / 0 pending / 0 (0.0%) gas / (0xac4b236eb64f90e1168b59d6a79b1f5ebf3ed087fbd5bf08a73d79dd007310f5)
[m[2m2026-05-31 16:28:09.029-0400[m[2m | [m[2mBftProcessorExecutor-QBFT-0[m[2m | [m[32mINFO [m[2m | [m[2mQbftBesuControllerBuilder[m[2m | [m[32mImported empty block #690 / 0 tx / 0 pending / 0 (0.0%) gas / (0x94adea575b43e6f952b166a2716c393f069ce6459210eb346cb3bcb3c81b9e1d)
[m[2m2026-05-31 16:28:11.012-0400[m[2m | [m[2mBftProcessorExecutor-QBFT-0[m[2m | [m[32mINFO [m[2m | [m[2mQbftBesuControllerBuilder[m[2m | [m[32mImported empty block #691 / 0 tx / 0 pending / 0 (0.0%) gas / (0xb7bff963a042c8d54adb74daddef118a5c73a02e4aa49edd61bf51a7b25dbc09)
[m[2m2026-05-31 16:28:13.018-0400[m[2m | [m[2mBftProcessorExecutor-QBFT-0[m[2m | [m[32mINFO [m[2m | [m[2mQbftBesuControllerBuilder[m[2m | [m[32mImported empty block #692 / 0 tx / 0 pending / 0 (0.0%) gas / (0xc36670c9f3ee60101fc1d0af693ecec595adf91b89e966512cce8a1e67c9f614)
[m[2m2026-05-31 16:28:15.014-0400[m[2m | [m[2mBftProcessorExecutor-QBFT-0[m[2m | [m[32mINFO [m[2m | [m[2mQbftBesuControllerBuilder[m[2m | [m[32mProduced empty block #693 / 0 tx / 0 pending / 0 (0.0%) gas / (0x1df211e0d23185e6680432a79c202790f1053ddab94a728acab38697a155eaf0)
[m[2m2026-05-31 16:28:17.033-0400[m[2m | [m[2mBftProcessorExecutor-QBFT-0[m[2m | [m[32mINFO [m[2m | [m[2mQbftBesuControllerBuilder[m[2m | [m[32mImported empty block #694 / 0 tx / 0 pending / 0 (0.0%) gas / (0x1c49d59aa77b9b0f7132975efe3553b4bb34c017ffd1d6a6a21a15bbb2b645e3)
[m[2m2026-05-31 16:28:19.032-0400[m[2m | [m[2mBftProcessorExecutor-QBFT-0[m[2m | [m[32mINFO [m[2m | [m[2mQbftBesuControllerBuilder[m[2m | [m[32mImported empty block #695 / 0 tx / 0 pending / 0 (0.0%) gas / (0xf67a2630eba40068eb76e221c359c2b4c153ddfc155988a2835180b78788c92d)
[m[2m2026-05-31 16:28:21.014-0400[m[2m | [m[2mBftProcessorExecutor-QBFT-0[m[2m | [m[32mINFO [m[2m | [m[2mQbftBesuControllerBuilder[m[2m | [m[32mImported empty block #696 / 0 tx / 0 pending / 0 (0.0%) gas / (0xb6ef0f54dc5a66c82ba2a7f3c6fe9005c89d58ddcae39a68064c2fc0e06dc309)
[m[2m2026-05-31 16:28:21.014-0400[m[2m | [m[2mEthScheduler-Workers-72[m[2m | [m[32mINFO [m[2m | [m[2mPersistBlockTask[m[2m | [m[32mBlock 696 (0xb6ef0f54dc5a66c82ba2a7f3c6fe9005c89d58ddcae39a68064c2fc0e06dc309) is already imported
[m[2m2026-05-31 16:28:23.010-0400[m[2m | [m[2mBftProcessorExecutor-QBFT-0[m[2m | [m[32mINFO [m[2m | [m[2mQbftBesuControllerBuilder[m[2m | [m[32mProduced empty block #697 / 0 tx / 0 pending / 0 (0.0%) gas / (0xd34339e10877b589031e916976d1bbd802df38a61262bd4e21beba4d0dde7a73)
[m[2m2026-05-31 16:28:25.011-0400[m[2m | [m[2mBftProcessorExecutor-QBFT-0[m[2m | [m[32mINFO [m[2m | [m[2mQbftBesuControllerBuilder[m[2m | [m[32mImported empty block #698 / 0 tx / 0 pending / 0 (0.0%) gas / (0x3770be41766ab21f18446a2e2b42df4769857abd73972362eaddaaadea20af95)
[m[2m2026-05-31 16:28:27.036-0400[m[2m | [m[2mBftProcessorExecutor-QBFT-0[m[2m | [m[32mINFO [m[2m | [m[2mQbftBesuControllerBuilder[m[2m | [m[32mImported empty block #699 / 0 tx / 0 pending / 0 (0.0%) gas / (0xe27d2aff309f1ba5a8bb690eddfa950918ab80a3e21cb23d1d898173ceca86f5)
[m[2m2026-05-31 16:28:29.028-0400[m[2m | [m[2mBftProcessorExecutor-QBFT-0[m[2m | [m[32mINFO [m[2m | [m[2mQbftBesuControllerBuilder[m[2m | [m[32mImported empty block #700 / 0 tx / 0 pending / 0 (0.0%) gas / (0xa47103cf6eee3581498a3167e7c942282fb924c7735593149393c0bc52754701)
[m[2m2026-05-31 16:28:31.015-0400[m[2m | [m[2mBftProcessorExecutor-QBFT-0[m[2m | [m[32mINFO [m[2m | [m[2mQbftBesuControllerBuilder[m[2m | [m[32mProduced empty block #701 / 0 tx / 0 pending / 0 (0.0%) gas / (0x0a2f8da0614285b380bfac11a8b107644f7ade72863ec065a122376de26c3535)
[m[2m2026-05-31 16:28:31.015-0400[m[2m | [m[2mEthScheduler-Workers-74[m[2m | [m[32mINFO [m[2m | [m[2mPersistBlockTask[m[2m | [m[32mBlock 701 (0x0a2f8da0614285b380bfac11a8b107644f7ade72863ec065a122376de26c3535) is already imported
[m[2m2026-05-31 16:28:33.030-0400[m[2m | [m[2mBftProcessorExecutor-QBFT-0[m[2m | [m[32mINFO [m[2m | [m[2mQbftBesuControllerBuilder[m[2m | [m[32mImported empty block #702 / 0 tx / 0 pending / 0 (0.0%) gas / (0x49076c0e3a3dd5ca9ae22398927ecf2f9fe4922010c3e30335a5a478138eb5b9)
[m[2m2026-05-31 16:28:35.023-0400[m[2m | [m[2mEthScheduler-Workers-64[m[2m | [m[32mINFO [m[2m | [m[2mPersistBlockTask[m[2m | [m[32mBlock 703 (0xbfe5ca6919bca3422a35087a1f60d6b572a4101171cd801684a42ddbaae8d8cc) is already imported
[m[2m2026-05-31 16:28:35.023-0400[m[2m | [m[2mBftProcessorExecutor-QBFT-0[m[2m | [m[32mINFO [m[2m | [m[2mQbftBesuControllerBuilder[m[2m | [m[32mImported empty block #703 / 0 tx / 0 pending / 0 (0.0%) gas / (0xbfe5ca6919bca3422a35087a1f60d6b572a4101171cd801684a42ddbaae8d8cc)
[m[2m2026-05-31 16:28:37.011-0400[m[2m | [m[2mBftProcessorExecutor-QBFT-0[m[2m | [m[32mINFO [m[2m | [m[2mQbftBesuControllerBuilder[m[2m | [m[32mImported empty block #704 / 0 tx / 0 pending / 0 (0.0%) gas / (0x4f7736b1d43e0ddab284e79e42677faae9bb18736b7ef088054001d3408f9d05)
[m[2m2026-05-31 16:28:39.016-0400[m[2m | [m[2mBftProcessorExecutor-QBFT-0[m[2m | [m[32mINFO [m[2m | [m[2mQbftBesuControllerBuilder[m[2m | [m[32mProduced empty block #705 / 0 tx / 0 pending / 0 (0.0%) gas / (0x50b875ff28779e06ce765a014c76671d17b1c930c80c36f2751d68d20f850271)
[m[2m2026-05-31 16:28:41.019-0400[m[2m | [m[2mBftProcessorExecutor-QBFT-0[m[2m | [m[32mINFO [m[2m | [m[2mQbftBesuControllerBuilder[m[2m | [m[32mImported empty block #706 / 0 tx / 0 pending / 0 (0.0%) gas / (0x83027fb290e04381973d0e619f0bc1a47261e77389f57d76b1b6d8d45a602af0)
[m[2m2026-05-31 16:28:43.016-0400[m[2m | [m[2mBftProcessorExecutor-QBFT-0[m[2m | [m[32mINFO [m[2m | [m[2mQbftBesuControllerBuilder[m[2m | [m[32mImported empty block #707 / 0 tx / 0 pending / 0 (0.0%) gas / (0xdc16b9f71cb5f7f2342dc38f0c3a05b03e2e11bf882fb4f0cdc78217506d20e7)
[m[2m2026-05-31 16:28:45.019-0400[m[2m | [m[2mBftProcessorExecutor-QBFT-0[m[2m | [m[32mINFO [m[2m | [m[2mQbftBesuControllerBuilder[m[2m | [m[32mImported empty block #708 / 0 tx / 0 pending / 0 (0.0%) gas / (0xe22136713e7e53fdd35dce0f5d5c095502c858c34a06349b73340d4ec2c94715)
[m[2m2026-05-31 16:28:47.177-0400[m[2m | [m[2mBftProcessorExecutor-QBFT-0[m[2m | [m[32mINFO [m[2m | [m[2mQbftBesuControllerBuilder[m[2m | [m[32mProduced empty block #709 / 0 tx / 0 pending / 0 (0.0%) gas / (0x326de3b2e65769c53f4e7190090403fb6a4b161b9a6de82578dc816bdb47eb0b)
[m[2m2026-05-31 16:28:49.034-0400[m[2m | [m[2mBftProcessorExecutor-QBFT-0[m[2m | [m[32mINFO [m[2m | [m[2mQbftBesuControllerBuilder[m[2m | [m[32mImported empty block #710 / 0 tx / 0 pending / 0 (0.0%) gas / (0xc62aae11658c8a58582906d0d95f70a92ee846e9b50004f1e80a6bdb2d85604e)
[m[2m2026-05-31 16:28:49.035-0400[m[2m | [m[2mEthScheduler-Workers-70[m[2m | [m[32mINFO [m[2m | [m[2mPersistBlockTask[m[2m | [m[32mBlock 710 (0xc62aae11658c8a58582906d0d95f70a92ee846e9b50004f1e80a6bdb2d85604e) is already imported
[m[2m2026-05-31 16:28:51.035-0400[m[2m | [m[2mBftProcessorExecutor-QBFT-0[m[2m | [m[32mINFO [m[2m | [m[2mQbftBesuControllerBuilder[m[2m | [m[32mImported empty block #711 / 0 tx / 0 pending / 0 (0.0%) gas / (0xf3c589c3bd9a847310b6e56b998fc03d9e59f352e1f83ad277dde38894a194e5)
[m[2m2026-05-31 16:28:53.026-0400[m[2m | [m[2mBftProcessorExecutor-QBFT-0[m[2m | [m[32mINFO [m[2m | [m[2mQbftBesuControllerBuilder[m[2m | [m[32mImported empty block #712 / 0 tx / 0 pending / 0 (0.0%) gas / (0x2ff72803113ca7e35eed89caeeb7ea05640e798c98367a021924e7b5f23c54fc)
[m[2m2026-05-31 16:28:55.031-0400[m[2m | [m[2mBftProcessorExecutor-QBFT-0[m[2m | [m[32mINFO [m[2m | [m[2mQbftBesuControllerBuilder[m[2m | [m[32mProduced empty block #713 / 0 tx / 0 pending / 0 (0.0%) gas / (0xfba517a78d91385cfa7919d5874549f2be656dcf3e7020b47be3cdef3d95f992)
[m[2m2026-05-31 16:28:57.035-0400[m[2m | [m[2mBftProcessorExecutor-QBFT-0[m[2m | [m[32mINFO [m[2m | [m[2mQbftBesuControllerBuilder[m[2m | [m[32mImported empty block #714 / 0 tx / 0 pending / 0 (0.0%) gas / (0xf32dc621d3cefb104255fe26d300f657577709cddf1a926560081d6a0507894d)
[m[2m2026-05-31 16:28:59.035-0400[m[2m | [m[2mBftProcessorExecutor-QBFT-0[m[2m | [m[32mINFO [m[2m | [m[2mQbftBesuControllerBuilder[m[2m | [m[32mImported empty block #715 / 0 tx / 0 pending / 0 (0.0%) gas / (0x9f8ed64cf7dbbd4509cf403151e396629c4fc288d9f5b8eb64c946f7532cdeba)
[m[2m2026-05-31 16:29:01.031-0400[m[2m | [m[2mBftProcessorExecutor-QBFT-0[m[2m | [m[32mINFO [m[2m | [m[2mQbftBesuControllerBuilder[m[2m | [m[32mImported empty block #716 / 0 tx / 0 pending / 0 (0.0%) gas / (0xba49c071daad564fd615885617752915d758ee4713f03eb21a8ac7209e23c54c)
[m[2m2026-05-31 16:29:03.037-0400[m[2m | [m[2mBftProcessorExecutor-QBFT-0[m[2m | [m[32mINFO [m[2m | [m[2mQbftBesuControllerBuilder[m[2m | [m[32mProduced empty block #717 / 0 tx / 0 pending / 0 (0.0%) gas / (0x10e0d225cf023d0d8c90a86567eba53e59d6adaaae8aff0cc07e427d1d0205b3)
[m[2m2026-05-31 16:29:05.032-0400[m[2m | [m[2mBftProcessorExecutor-QBFT-0[m[2m | [m[32mINFO [m[2m | [m[2mQbftBesuControllerBuilder[m[2m | [m[32mImported empty block #718 / 0 tx / 0 pending / 0 (0.0%) gas / (0xcf472e793ee540a8e6120bf7c25347ba0ed85951ab4e516be315581a2d0feda4)
[m[2m2026-05-31 16:29:07.026-0400[m[2m | [m[2mBftProcessorExecutor-QBFT-0[m[2m | [m[32mINFO [m[2m | [m[2mQbftBesuControllerBuilder[m[2m | [m[32mImported empty block #719 / 0 tx / 0 pending / 0 (0.0%) gas / (0x82fa697e2b80ee59aec417a59c7c5e525accdf45bee79c2ef6bacdb366b9c857)
[m[2m2026-05-31 16:29:09.043-0400[m[2m | [m[2mBftProcessorExecutor-QBFT-0[m[2m | [m[32mINFO [m[2m | [m[2mQbftBesuControllerBuilder[m[2m | [m[32mImported empty block #720 / 0 tx / 0 pending / 0 (0.0%) gas / (0x79580561d256570815a380f6289dad4c8f9b876d8bdf65040e67c225f18c65d1)
[m[2m2026-05-31 16:29:11.038-0400[m[2m | [m[2mBftProcessorExecutor-QBFT-0[m[2m | [m[32mINFO [m[2m | [m[2mQbftBesuControllerBuilder[m[2m | [m[32mProduced empty block #721 / 0 tx / 0 pending / 0 (0.0%) gas / (0x6798764595fa0fd00a37429ac862eba975112df1d5dfa130e7e7357c05c8ad88)
[m[2m2026-05-31 16:29:13.033-0400[m[2m | [m[2mBftProcessorExecutor-QBFT-0[m[2m | [m[32mINFO [m[2m | [m[2mQbftBesuControllerBuilder[m[2m | [m[32mImported empty block #722 / 0 tx / 0 pending / 0 (0.0%) gas / (0x32a101705f4954e6df10ee15a0bfce00c426c732aa0c0c1debd4e0b28817081f)
[m[2m2026-05-31 16:29:15.037-0400[m[2m | [m[2mBftProcessorExecutor-QBFT-0[m[2m | [m[32mINFO [m[2m | [m[2mQbftBesuControllerBuilder[m[2m | [m[32mImported empty block #723 / 0 tx / 0 pending / 0 (0.0%) gas / (0xfbabadebda39889ae61919557488ac5ae2125642c75106d6548ce388c3f3cbf0)
[m[2m2026-05-31 16:29:17.031-0400[m[2m | [m[2mBftProcessorExecutor-QBFT-0[m[2m | [m[32mINFO [m[2m | [m[2mQbftBesuControllerBuilder[m[2m | [m[32mImported empty block #724 / 0 tx / 0 pending / 0 (0.0%) gas / (0x99d00f6fccd8d649ea2ebe76f9279f043a65bc9ec139641bf82f0b1e9a1909b4)
[m[2m2026-05-31 16:29:19.038-0400[m[2m | [m[2mBftProcessorExecutor-QBFT-0[m[2m | [m[32mINFO [m[2m | [m[2mQbftBesuControllerBuilder[m[2m | [m[32mProduced empty block #725 / 0 tx / 0 pending / 0 (0.0%) gas / (0x1e505e0e129e5fb81363a8e101e6e9dc9b16e1e1ab17f551c83da87d6c717e2d)
[m[2m2026-05-31 16:29:21.041-0400[m[2m | [m[2mBftProcessorExecutor-QBFT-0[m[2m | [m[32mINFO [m[2m | [m[2mQbftBesuControllerBuilder[m[2m | [m[32mImported empty block #726 / 0 tx / 0 pending / 0 (0.0%) gas / (0x87b9308da01640ceb836bae69ec7615cf75703d5a4e2f79da5534eee4abb0824)
[m[2m2026-05-31 16:29:21.041-0400[m[2m | [m[2mEthScheduler-Workers-76[m[2m | [m[32mINFO [m[2m | [m[2mPersistBlockTask[m[2m | [m[32mBlock 726 (0x87b9308da01640ceb836bae69ec7615cf75703d5a4e2f79da5534eee4abb0824) is already imported
[m[2m2026-05-31 16:29:23.033-0400[m[2m | [m[2mBftProcessorExecutor-QBFT-0[m[2m | [m[32mINFO [m[2m | [m[2mQbftBesuControllerBuilder[m[2m | [m[32mImported empty block #727 / 0 tx / 0 pending / 0 (0.0%) gas / (0x1e23e3dbc27f49dfabcff63cd72a0062ded9a4982621262ffe8c7b200f06bd3f)
[m[2m2026-05-31 16:29:25.036-0400[m[2m | [m[2mBftProcessorExecutor-QBFT-0[m[2m | [m[32mINFO [m[2m | [m[2mQbftBesuControllerBuilder[m[2m | [m[32mImported empty block #728 / 0 tx / 0 pending / 0 (0.0%) gas / (0x6f02b95bbc1fb0a9f4728857f0ea5ef8c6521f614df004a79300cfe3875a4064)
[m[2m2026-05-31 16:29:27.029-0400[m[2m | [m[2mBftProcessorExecutor-QBFT-0[m[2m | [m[32mINFO [m[2m | [m[2mQbftBesuControllerBuilder[m[2m | [m[32mProduced empty block #729 / 0 tx / 0 pending / 0 (0.0%) gas / (0xb79890c53b8df8397b21d8c5494c4f96679f526f55cba5171cd204518bb67b76)
[m[2m2026-05-31 16:29:29.030-0400[m[2m | [m[2mBftProcessorExecutor-QBFT-0[m[2m | [m[32mINFO [m[2m | [m[2mQbftBesuControllerBuilder[m[2m | [m[32mImported empty block #730 / 0 tx / 0 pending / 0 (0.0%) gas / (0x6b50ee16a14e18166861d62246766f37ca70a3dae64d16ecf849ff981868d838)
[m[2m2026-05-31 16:29:31.022-0400[m[2m | [m[2mBftProcessorExecutor-QBFT-0[m[2m | [m[32mINFO [m[2m | [m[2mQbftBesuControllerBuilder[m[2m | [m[32mImported empty block #731 / 0 tx / 0 pending / 0 (0.0%) gas / (0xc6cd31e83080ea7c42e906aeca78da9e4a2ed4fe3d7aebcafd3acdf2b8767bc7)
[m[2m2026-05-31 16:29:33.031-0400[m[2m | [m[2mBftProcessorExecutor-QBFT-0[m[2m | [m[32mINFO [m[2m | [m[2mQbftBesuControllerBuilder[m[2m | [m[32mImported empty block #732 / 0 tx / 0 pending / 0 (0.0%) gas / (0x424442b8dff15bebd5898c374adc6f30b86fbe7621a29e82afb6f301a000f4f3)
[m[2m2026-05-31 16:29:35.037-0400[m[2m | [m[2mEthScheduler-Workers-78[m[2m | [m[32mINFO [m[2m | [m[2mPersistBlockTask[m[2m | [m[32mBlock 733 (0xbd5ec9b622352d32366e5a09f46cf758d9ab20f522ab3cf95e5c7a623c53708a) is already imported
[m[2m2026-05-31 16:29:35.037-0400[m[2m | [m[2mBftProcessorExecutor-QBFT-0[m[2m | [m[32mINFO [m[2m | [m[2mQbftBesuControllerBuilder[m[2m | [m[32mProduced empty block #733 / 0 tx / 0 pending / 0 (0.0%) gas / (0xbd5ec9b622352d32366e5a09f46cf758d9ab20f522ab3cf95e5c7a623c53708a)
[m[2m2026-05-31 16:29:37.038-0400[m[2m | [m[2mBftProcessorExecutor-QBFT-0[m[2m | [m[32mINFO [m[2m | [m[2mQbftBesuControllerBuilder[m[2m | [m[32mImported empty block #734 / 0 tx / 0 pending / 0 (0.0%) gas / (0x07c3db0ae9ece7e9724489f0a8e0e51270a457b0679cbba4ca4931f6a26a4686)
[m[2m2026-05-31 16:29:39.039-0400[m[2m | [m[2mBftProcessorExecutor-QBFT-0[m[2m | [m[32mINFO [m[2m | [m[2mQbftBesuControllerBuilder[m[2m | [m[32mImported empty block #735 / 0 tx / 0 pending / 0 (0.0%) gas / (0xf94d1c82cf9c886273b1784d1ccb65d2e8ed5609305c04380636919a62f18fad)
[m[2m2026-05-31 16:29:39.039-0400[m[2m | [m[2mEthScheduler-Workers-80[m[2m | [m[32mINFO [m[2m | [m[2mPersistBlockTask[m[2m | [m[32mImported empty block #735 / 0 tx / 0 om / 0 (0.0%) gas / (0xf94d1c82cf9c886273b1784d1ccb65d2e8ed5609305c04380636919a62f18fad) in 0.000s. Peers: 3
[m[2m2026-05-31 16:29:41.031-0400[m[2m | [m[2mBftProcessorExecutor-QBFT-0[m[2m | [m[32mINFO [m[2m | [m[2mQbftBesuControllerBuilder[m[2m | [m[32mImported empty block #736 / 0 tx / 0 pending / 0 (0.0%) gas / (0x752d80f1de4bdef1776cdfe9fa90c377f731556c185f1a0bbe4422e0f3190fca)
[m[2m2026-05-31 16:29:43.027-0400[m[2m | [m[2mBftProcessorExecutor-QBFT-0[m[2m | [m[32mINFO [m[2m | [m[2mQbftBesuControllerBuilder[m[2m | [m[32mProduced empty block #737 / 0 tx / 0 pending / 0 (0.0%) gas / (0x108e047449aa589a244421fe437b09888f9bd75cdf77e1160968e00b7e5cb362)
[m[2m2026-05-31 16:29:45.040-0400[m[2m | [m[2mBftProcessorExecutor-QBFT-0[m[2m | [m[32mINFO [m[2m | [m[2mQbftBesuControllerBuilder[m[2m | [m[32mImported empty block #738 / 0 tx / 0 pending / 0 (0.0%) gas / (0x69f25a321bcc847bd976b6ae334b577a83397813dab6190c40edc7870cf83cef)
[m[2m2026-05-31 16:29:47.023-0400[m[2m | [m[2mBftProcessorExecutor-QBFT-0[m[2m | [m[32mINFO [m[2m | [m[2mQbftBesuControllerBuilder[m[2m | [m[32mImported empty block #739 / 0 tx / 0 pending / 0 (0.0%) gas / (0xb6fc278537075c9c8ad1f0a235a6b3a8de80f8f97e8dc0cfb0fa8aaf356977ea)
[m[2m2026-05-31 16:29:49.030-0400[m[2m | [m[2mBftProcessorExecutor-QBFT-0[m[2m | [m[32mINFO [m[2m | [m[2mQbftBesuControllerBuilder[m[2m | [m[32mImported empty block #740 / 0 tx / 0 pending / 0 (0.0%) gas / (0x4e9abe8a530b36ea69f9fa03c31637857a5b75c0a3334f398c01ea738421fb68)
[m[2m2026-05-31 16:29:51.036-0400[m[2m | [m[2mBftProcessorExecutor-QBFT-0[m[2m | [m[32mINFO [m[2m | [m[2mQbftBesuControllerBuilder[m[2m | [m[32mProduced empty block #741 / 0 tx / 0 pending / 0 (0.0%) gas / (0xc7100099621969601bbd5c9f6ab2e1dfe7945fbdc293639cac6cab0b49ab68fb)
[m[2m2026-05-31 16:29:53.027-0400[m[2m | [m[2mBftProcessorExecutor-QBFT-0[m[2m | [m[32mINFO [m[2m | [m[2mQbftBesuControllerBuilder[m[2m | [m[32mImported empty block #742 / 0 tx / 0 pending / 0 (0.0%) gas / (0x522429db6a99ff8dc4e7f452b07084eeb22146eb4547a9ff3897f364f2010d7a)
[m[2m2026-05-31 16:29:55.031-0400[m[2m | [m[2mBftProcessorExecutor-QBFT-0[m[2m | [m[32mINFO [m[2m | [m[2mQbftBesuControllerBuilder[m[2m | [m[32mImported empty block #743 / 0 tx / 0 pending / 0 (0.0%) gas / (0x5f452ac9fe2f022ba355a7aaca6757ba43fcc48409203be2bfd7cbf789f00108)
[m[2m2026-05-31 16:29:57.028-0400[m[2m | [m[2mBftProcessorExecutor-QBFT-0[m[2m | [m[32mINFO [m[2m | [m[2mQbftBesuControllerBuilder[m[2m | [m[32mImported empty block #744 / 0 tx / 0 pending / 0 (0.0%) gas / (0x8f98c56057c039958ae20cebdfb56bc7b341a043f5732be9467ab5e6a2cd2a4b)
[m[2m2026-05-31 16:29:59.022-0400[m[2m | [m[2mBftProcessorExecutor-QBFT-0[m[2m | [m[32mINFO [m[2m | [m[2mQbftBesuControllerBuilder[m[2m | [m[32mProduced empty block #745 / 0 tx / 0 pending / 0 (0.0%) gas / (0xad58e2c7564fb48fb1a1c00d1bd12d2a38a8aa0af21b00928aa442c8b02bf467)
[m[2m2026-05-31 16:30:01.037-0400[m[2m | [m[2mBftProcessorExecutor-QBFT-0[m[2m | [m[32mINFO [m[2m | [m[2mQbftBesuControllerBuilder[m[2m | [m[32mImported empty block #746 / 0 tx / 0 pending / 0 (0.0%) gas / (0xeac3382ddcd470f3361c80e65b5108c9e92bf3f0f824c735e60c7426c47a0ad0)
[m[2m2026-05-31 16:30:03.043-0400[m[2m | [m[2mBftProcessorExecutor-QBFT-0[m[2m | [m[32mINFO [m[2m | [m[2mQbftBesuControllerBuilder[m[2m | [m[32mImported empty block #747 / 0 tx / 0 pending / 0 (0.0%) gas / (0x4515813d6faa33c8abe9b24c639c4d8f81021fba0e12b6ccd1a9b4e3caff9fb1)
[m[2m2026-05-31 16:30:05.034-0400[m[2m | [m[2mBftProcessorExecutor-QBFT-0[m[2m | [m[32mINFO [m[2m | [m[2mQbftBesuControllerBuilder[m[2m | [m[32mImported empty block #748 / 0 tx / 0 pending / 0 (0.0%) gas / (0xdb8ffc2b9cb0f01d021a70370ccdef4aac1b7102ef840530037dfe48e8b4cd5a)
[m[2m2026-05-31 16:30:07.027-0400[m[2m | [m[2mBftProcessorExecutor-QBFT-0[m[2m | [m[32mINFO [m[2m | [m[2mQbftBesuControllerBuilder[m[2m | [m[32mProduced empty block #749 / 0 tx / 0 pending / 0 (0.0%) gas / (0xb18b1411a39da2adc8dce7a97591739549cbe33ba4d42693b9a1256087724dfe)
[m[2m2026-05-31 16:30:09.031-0400[m[2m | [m[2mBftProcessorExecutor-QBFT-0[m[2m | [m[32mINFO [m[2m | [m[2mQbftBesuControllerBuilder[m[2m | [m[32mImported empty block #750 / 0 tx / 0 pending / 0 (0.0%) gas / (0x723276e0c5d2497cb4956ae400d18e16bdd46fff9cce5bc002e65ad7814c24f9)
[m[2m2026-05-31 16:30:11.029-0400[m[2m | [m[2mBftProcessorExecutor-QBFT-0[m[2m | [m[32mINFO [m[2m | [m[2mQbftBesuControllerBuilder[m[2m | [m[32mImported empty block #751 / 0 tx / 0 pending / 0 (0.0%) gas / (0x8886b173bd40a4b9f20468e7a85eecd80c55514ac57d24403fda05aa25f059d7)
[m[2m2026-05-31 16:30:13.034-0400[m[2m | [m[2mBftProcessorExecutor-QBFT-0[m[2m | [m[32mINFO [m[2m | [m[2mQbftBesuControllerBuilder[m[2m | [m[32mImported empty block #752 / 0 tx / 0 pending / 0 (0.0%) gas / (0x5d928f7daa7672d5e89f7a58c74a58ed90263680a937374185990031d3dc880f)
[m[2m2026-05-31 16:30:13.034-0400[m[2m | [m[2mEthScheduler-Workers-82[m[2m | [m[32mINFO [m[2m | [m[2mPersistBlockTask[m[2m | [m[32mImported empty block #752 / 0 tx / 0 om / 0 (0.0%) gas / (0x5d928f7daa7672d5e89f7a58c74a58ed90263680a937374185990031d3dc880f) in 0.000s. Peers: 3
[m[2m2026-05-31 16:30:15.023-0400[m[2m | [m[2mBftProcessorExecutor-QBFT-0[m[2m | [m[32mINFO [m[2m | [m[2mQbftBesuControllerBuilder[m[2m | [m[32mProduced empty block #753 / 0 tx / 0 pending / 0 (0.0%) gas / (0xaf0a237b2c03b3f5688dddb6d5fd3434d22f0f4cf8d6b553b4c85e0778249389)
[m[2m2026-05-31 16:30:17.029-0400[m[2m | [m[2mBftProcessorExecutor-QBFT-0[m[2m | [m[32mINFO [m[2m | [m[2mQbftBesuControllerBuilder[m[2m | [m[32mImported empty block #754 / 0 tx / 0 pending / 0 (0.0%) gas / (0x3012a8ec3e281cc6e5193dff2478f1f4c844ebe4f178d7dae6ce5bc2aec8f8e7)
[m[2m2026-05-31 16:30:19.020-0400[m[2m | [m[2mBftProcessorExecutor-QBFT-0[m[2m | [m[32mINFO [m[2m | [m[2mQbftBesuControllerBuilder[m[2m | [m[32mImported empty block #755 / 0 tx / 0 pending / 0 (0.0%) gas / (0x290ee64c6c211b26088bc5f1f3e094398e2fb95ea5d502bfa428dd5cc100a268)
[m[2m2026-05-31 16:30:21.022-0400[m[2m | [m[2mBftProcessorExecutor-QBFT-0[m[2m | [m[32mINFO [m[2m | [m[2mQbftBesuControllerBuilder[m[2m | [m[32mImported empty block #756 / 0 tx / 0 pending / 0 (0.0%) gas / (0x555aad6b06df4aed113930fad33755d4e9a118eff034766ee839c2adb57d6d21)
[m[2m2026-05-31 16:30:23.031-0400[m[2m | [m[2mBftProcessorExecutor-QBFT-0[m[2m | [m[32mINFO [m[2m | [m[2mQbftBesuControllerBuilder[m[2m | [m[32mProduced empty block #757 / 0 tx / 0 pending / 0 (0.0%) gas / (0xedbc9573358dec5695d56b7e006c8f81e693a1b2db9f79965f17ef63b0e09e09)
[m[2m2026-05-31 16:30:25.032-0400[m[2m | [m[2mBftProcessorExecutor-QBFT-0[m[2m | [m[32mINFO [m[2m | [m[2mQbftBesuControllerBuilder[m[2m | [m[32mImported empty block #758 / 0 tx / 0 pending / 0 (0.0%) gas / (0xf3407129cb72f5642d429f127241c0778b77efc4916c1efccaa8cfdae9fb18a2)
[m[2m2026-05-31 16:30:27.030-0400[m[2m | [m[2mBftProcessorExecutor-QBFT-0[m[2m | [m[32mINFO [m[2m | [m[2mQbftBesuControllerBuilder[m[2m | [m[32mImported empty block #759 / 0 tx / 0 pending / 0 (0.0%) gas / (0x01039024fc8d0446b1446a0f3d96b4cf312a93bcb4d51cb315775917747f7372)
[m[2m2026-05-31 16:30:29.026-0400[m[2m | [m[2mBftProcessorExecutor-QBFT-0[m[2m | [m[32mINFO [m[2m | [m[2mQbftBesuControllerBuilder[m[2m | [m[32mImported empty block #760 / 0 tx / 0 pending / 0 (0.0%) gas / (0xd773c9dda563fc4e32b87c4406d6b4365ff939d55c8564578d7fcac2ccd23f5c)
[m[2m2026-05-31 16:30:31.016-0400[m[2m | [m[2mBftProcessorExecutor-QBFT-0[m[2m | [m[32mINFO [m[2m | [m[2mQbftBesuControllerBuilder[m[2m | [m[32mProduced empty block #761 / 0 tx / 0 pending / 0 (0.0%) gas / (0xa9734b8cd911ecc60a37e9dea25271cdb626b3581adf9dcd501a2203a4a5f68f)
[m[2m2026-05-31 16:30:33.033-0400[m[2m | [m[2mBftProcessorExecutor-QBFT-0[m[2m | [m[32mINFO [m[2m | [m[2mQbftBesuControllerBuilder[m[2m | [m[32mImported empty block #762 / 0 tx / 0 pending / 0 (0.0%) gas / (0x8423e8696118f0a1900813d756670cd9b434512b2c11610870a27079d5c3367f)
[m[2m2026-05-31 16:30:35.040-0400[m[2m | [m[2mBftProcessorExecutor-QBFT-0[m[2m | [m[32mINFO [m[2m | [m[2mQbftBesuControllerBuilder[m[2m | [m[32mImported empty block #763 / 0 tx / 0 pending / 0 (0.0%) gas / (0x268ecfe2fce09e156e56e778b7ac2a5b98d2ac49f9638f55509a10d047cb6471)
[m[2m2026-05-31 16:30:37.012-0400[m[2m | [m[2mBftProcessorExecutor-QBFT-0[m[2m | [m[32mINFO [m[2m | [m[2mQbftBesuControllerBuilder[m[2m | [m[32mImported empty block #764 / 0 tx / 0 pending / 0 (0.0%) gas / (0x084ca872ab0de48efc811991ac1d939f35a7b03fa7e337b7bd00c2223a0ab5aa)
[m[2m2026-05-31 16:30:37.012-0400[m[2m | [m[2mEthScheduler-Workers-84[m[2m | [m[32mINFO [m[2m | [m[2mPersistBlockTask[m[2m | [m[32mBlock 764 (0x084ca872ab0de48efc811991ac1d939f35a7b03fa7e337b7bd00c2223a0ab5aa) is already imported
[m[2m2026-05-31 16:30:39.035-0400[m[2m | [m[2mBftProcessorExecutor-QBFT-0[m[2m | [m[32mINFO [m[2m | [m[2mQbftBesuControllerBuilder[m[2m | [m[32mProduced empty block #765 / 0 tx / 0 pending / 0 (0.0%) gas / (0x7dda919538a898aa98eeb30e38c7fbe4afd069eafb71450e1024481dd042a832)
[m[2m2026-05-31 16:30:41.035-0400[m[2m | [m[2mBftProcessorExecutor-QBFT-0[m[2m | [m[32mINFO [m[2m | [m[2mQbftBesuControllerBuilder[m[2m | [m[32mImported empty block #766 / 0 tx / 0 pending / 0 (0.0%) gas / (0x26065e13665f478c0175549cae538b46bc158dc29431311ea37a011b4f27362d)
[m[2m2026-05-31 16:30:41.035-0400[m[2m | [m[2mEthScheduler-Workers-86[m[2m | [m[32mINFO [m[2m | [m[2mPersistBlockTask[m[2m | [m[32mBlock 766 (0x26065e13665f478c0175549cae538b46bc158dc29431311ea37a011b4f27362d) is already imported
[m[2m2026-05-31 16:30:43.036-0400[m[2m | [m[2mBftProcessorExecutor-QBFT-0[m[2m | [m[32mINFO [m[2m | [m[2mQbftBesuControllerBuilder[m[2m | [m[32mImported empty block #767 / 0 tx / 0 pending / 0 (0.0%) gas / (0x9619b1e36d61993382c6d6ab23469892a4ead9fe3d684896ebb15904dca1c201)
[m[2m2026-05-31 16:30:45.016-0400[m[2m | [m[2mBftProcessorExecutor-QBFT-0[m[2m | [m[32mINFO [m[2m | [m[2mQbftBesuControllerBuilder[m[2m | [m[32mImported empty block #768 / 0 tx / 0 pending / 0 (0.0%) gas / (0x169d802206675fa4577d699f501743f136afcfe3b46c12642dea37e88008be34)
[m[2m2026-05-31 16:30:47.036-0400[m[2m | [m[2mBftProcessorExecutor-QBFT-0[m[2m | [m[32mINFO [m[2m | [m[2mQbftBesuControllerBuilder[m[2m | [m[32mProduced empty block #769 / 0 tx / 0 pending / 0 (0.0%) gas / (0x27775aea5aec5f9d1b44ff30541050744beadf61cf4753e07808ec04c93f5e9e)
[m[2m2026-05-31 16:30:49.014-0400[m[2m | [m[2mBftProcessorExecutor-QBFT-0[m[2m | [m[32mINFO [m[2m | [m[2mQbftBesuControllerBuilder[m[2m | [m[32mImported empty block #770 / 0 tx / 0 pending / 0 (0.0%) gas / (0xb29924994c0bff01a934c9b743d40820ecac274e61166aa8c4ad71bc84cff4cf)
[m[2m2026-05-31 16:30:51.011-0400[m[2m | [m[2mBftProcessorExecutor-QBFT-0[m[2m | [m[32mINFO [m[2m | [m[2mQbftBesuControllerBuilder[m[2m | [m[32mImported empty block #771 / 0 tx / 0 pending / 0 (0.0%) gas / (0x5956029c29816e55d2271c41906f9d8ff3aa3888ac1a260db5014174da3644e8)
[m[2m2026-05-31 16:30:53.011-0400[m[2m | [m[2mBftProcessorExecutor-QBFT-0[m[2m | [m[32mINFO [m[2m | [m[2mQbftBesuControllerBuilder[m[2m | [m[32mImported empty block #772 / 0 tx / 0 pending / 0 (0.0%) gas / (0x7c4994de4b99c7c528ceaad0c66faa4eb4563015a0feaa4f5ca6b8442c74a3c4)
[m[2m2026-05-31 16:30:55.031-0400[m[2m | [m[2mBftProcessorExecutor-QBFT-0[m[2m | [m[32mINFO [m[2m | [m[2mQbftBesuControllerBuilder[m[2m | [m[32mProduced empty block #773 / 0 tx / 0 pending / 0 (0.0%) gas / (0x2481f36b6aac3531f39e62df7eda6a49dd2cb067b343a1f0adf241a235daa573)
[m[2m2026-05-31 16:30:57.024-0400[m[2m | [m[2mBftProcessorExecutor-QBFT-0[m[2m | [m[32mINFO [m[2m | [m[2mQbftBesuControllerBuilder[m[2m | [m[32mImported empty block #774 / 0 tx / 0 pending / 0 (0.0%) gas / (0xbb80cff99567faa4ab1bf3dc28437c210028f881dce3ba623e88473405c6a423)
[m[2m2026-05-31 16:30:59.031-0400[m[2m | [m[2mBftProcessorExecutor-QBFT-0[m[2m | [m[32mINFO [m[2m | [m[2mQbftBesuControllerBuilder[m[2m | [m[32mImported empty block #775 / 0 tx / 0 pending / 0 (0.0%) gas / (0xaa0cba430600f1a9f5a37eea0abb2939bfc8977d48021dbbd3b5ea75d5dabf88)
[m[2m2026-05-31 16:30:59.032-0400[m[2m | [m[2mEthScheduler-Workers-88[m[2m | [m[32mINFO [m[2m | [m[2mPersistBlockTask[m[2m | [m[32mBlock 775 (0xaa0cba430600f1a9f5a37eea0abb2939bfc8977d48021dbbd3b5ea75d5dabf88) is already imported
[m[2m2026-05-31 16:31:01.011-0400[m[2m | [m[2mBftProcessorExecutor-QBFT-0[m[2m | [m[32mINFO [m[2m | [m[2mQbftBesuControllerBuilder[m[2m | [m[32mImported empty block #776 / 0 tx / 0 pending / 0 (0.0%) gas / (0x3d1b0b68b96ef6a4824926193b1819ec6989e33ef644d819a0bfa8ac3e703873)
[m[2m2026-05-31 16:31:03.023-0400[m[2m | [m[2mBftProcessorExecutor-QBFT-0[m[2m | [m[32mINFO [m[2m | [m[2mQbftBesuControllerBuilder[m[2m | [m[32mProduced empty block #777 / 0 tx / 0 pending / 0 (0.0%) gas / (0x99056b408fc38fa467dbc41a5419bc2de1b9d72f56b5cba9b3890338f42556cc)
[m[2m2026-05-31 16:31:05.030-0400[m[2m | [m[2mBftProcessorExecutor-QBFT-0[m[2m | [m[32mINFO [m[2m | [m[2mQbftBesuControllerBuilder[m[2m | [m[32mImported empty block #778 / 0 tx / 0 pending / 0 (0.0%) gas / (0x120c0e75988fd5f7ebb99b7a77ac2bf445fde227eb7bb3bad0ac6d422dae7bdd)
[m[2m2026-05-31 16:31:07.021-0400[m[2m | [m[2mEthScheduler-Workers-83[m[2m | [m[32mINFO [m[2m | [m[2mPersistBlockTask[m[2m | [m[32mBlock 779 (0x8e8117f72c4e49f0040f1e256a110bd0497012c8783b5bf32441a44dd2e0c6c1) is already imported
[m[2m2026-05-31 16:31:07.021-0400[m[2m | [m[2mBftProcessorExecutor-QBFT-0[m[2m | [m[32mINFO [m[2m | [m[2mQbftBesuControllerBuilder[m[2m | [m[32mImported empty block #779 / 0 tx / 0 pending / 0 (0.0%) gas / (0x8e8117f72c4e49f0040f1e256a110bd0497012c8783b5bf32441a44dd2e0c6c1)
[m[2m2026-05-31 16:31:09.013-0400[m[2m | [m[2mBftProcessorExecutor-QBFT-0[m[2m | [m[32mINFO [m[2m | [m[2mQbftBesuControllerBuilder[m[2m | [m[32mImported empty block #780 / 0 tx / 0 pending / 0 (0.0%) gas / (0xa10a08be19c948af09d6a8690b5f52dbb61b181531868399a3527c467f08f104)
[m[2m2026-05-31 16:31:11.022-0400[m[2m | [m[2mBftProcessorExecutor-QBFT-0[m[2m | [m[32mINFO [m[2m | [m[2mQbftBesuControllerBuilder[m[2m | [m[32mProduced empty block #781 / 0 tx / 0 pending / 0 (0.0%) gas / (0xeaee56943f901d83e280569075028b919a597a94b0b466b9a13b95b2a67a3775)
[m[2m2026-05-31 16:31:13.016-0400[m[2m | [m[2mBftProcessorExecutor-QBFT-0[m[2m | [m[32mINFO [m[2m | [m[2mQbftBesuControllerBuilder[m[2m | [m[32mImported empty block #782 / 0 tx / 0 pending / 0 (0.0%) gas / (0x1b60ab043adb1d8d3e1661032551c9ff34af9d50a835d3d572e822ea1f8cc177)
[m[2m2026-05-31 16:31:15.029-0400[m[2m | [m[2mBftProcessorExecutor-QBFT-0[m[2m | [m[32mINFO [m[2m | [m[2mQbftBesuControllerBuilder[m[2m | [m[32mImported empty block #783 / 0 tx / 0 pending / 0 (0.0%) gas / (0x8be0b70f8388142154a8a6eb15be90147ec9305135ab6eca2154864b4c255935)
[m[2m2026-05-31 16:31:17.020-0400[m[2m | [m[2mBftProcessorExecutor-QBFT-0[m[2m | [m[32mINFO [m[2m | [m[2mQbftBesuControllerBuilder[m[2m | [m[32mImported empty block #784 / 0 tx / 0 pending / 0 (0.0%) gas / (0xeffafb8399c00a14515eb2fbf9c9384300908973ab7fad7a955c9a3e8c812f26)
[m[2m2026-05-31 16:31:19.029-0400[m[2m | [m[2mBftProcessorExecutor-QBFT-0[m[2m | [m[32mINFO [m[2m | [m[2mQbftBesuControllerBuilder[m[2m | [m[32mProduced empty block #785 / 0 tx / 0 pending / 0 (0.0%) gas / (0x12fbffc30e4f8d71176cf8f50ae118584f5e46af82a7451d715290aab37a6a6d)
[m[2m2026-05-31 16:31:21.027-0400[m[2m | [m[2mBftProcessorExecutor-QBFT-0[m[2m | [m[32mINFO [m[2m | [m[2mQbftBesuControllerBuilder[m[2m | [m[32mImported empty block #786 / 0 tx / 0 pending / 0 (0.0%) gas / (0xf6283438b8b4ff306e3d3e6786a7819db626d52e20d93c7b0092bce1d98d9a8a)
[m[2m2026-05-31 16:31:23.026-0400[m[2m | [m[2mBftProcessorExecutor-QBFT-0[m[2m | [m[32mINFO [m[2m | [m[2mQbftBesuControllerBuilder[m[2m | [m[32mImported empty block #787 / 0 tx / 0 pending / 0 (0.0%) gas / (0xed94e202ca65ee67c40da32ee1dc1aabc068d2ebd9218731fbdcea366f18c077)
[m[2m2026-05-31 16:31:25.023-0400[m[2m | [m[2mBftProcessorExecutor-QBFT-0[m[2m | [m[32mINFO [m[2m | [m[2mQbftBesuControllerBuilder[m[2m | [m[32mImported empty block #788 / 0 tx / 0 pending / 0 (0.0%) gas / (0xa4ba95f77a33778422a76e07eafe29b6c5070d39ea1f24727b6fbb0d4ddacaaf)
[m[2m2026-05-31 16:31:27.036-0400[m[2m | [m[2mBftProcessorExecutor-QBFT-0[m[2m | [m[32mINFO [m[2m | [m[2mQbftBesuControllerBuilder[m[2m | [m[32mProduced empty block #789 / 0 tx / 0 pending / 0 (0.0%) gas / (0x78196bb490d6f60ac9f3e5da0b799f5f24e5d32669b983f55b577eb0da7dd10f)
[m[2m2026-05-31 16:31:29.033-0400[m[2m | [m[2mBftProcessorExecutor-QBFT-0[m[2m | [m[32mINFO [m[2m | [m[2mQbftBesuControllerBuilder[m[2m | [m[32mImported empty block #790 / 0 tx / 0 pending / 0 (0.0%) gas / (0x2d3d62dc801be5aa8423f1495f0ec484a24ae8a843795130b7a2064da8715a62)
[m[2m2026-05-31 16:31:31.023-0400[m[2m | [m[2mBftProcessorExecutor-QBFT-0[m[2m | [m[32mINFO [m[2m | [m[2mQbftBesuControllerBuilder[m[2m | [m[32mImported empty block #791 / 0 tx / 0 pending / 0 (0.0%) gas / (0x77dd8b4dc28f0da6655cb91a9aa0fc048075a78f48d6be00c3f832998dbf39e4)
[m[2m2026-05-31 16:31:33.030-0400[m[2m | [m[2mBftProcessorExecutor-QBFT-0[m[2m | [m[32mINFO [m[2m | [m[2mQbftBesuControllerBuilder[m[2m | [m[32mImported empty block #792 / 0 tx / 0 pending / 0 (0.0%) gas / (0xc37fa2826f5105a82d21e84727e4b157f644682505eeb27911c73aa75d020695)
[m[2m2026-05-31 16:31:35.010-0400[m[2m | [m[2mBftProcessorExecutor-QBFT-0[m[2m | [m[32mINFO [m[2m | [m[2mQbftBesuControllerBuilder[m[2m | [m[32mProduced empty block #793 / 0 tx / 0 pending / 0 (0.0%) gas / (0xa90b7d8ba9a82b738848285f830f7fbd907e493001a059679ee479214fcdf5c1)
[m[2m2026-05-31 16:31:37.032-0400[m[2m | [m[2mBftProcessorExecutor-QBFT-0[m[2m | [m[32mINFO [m[2m | [m[2mQbftBesuControllerBuilder[m[2m | [m[32mImported empty block #794 / 0 tx / 0 pending / 0 (0.0%) gas / (0xe39761211212ead2ef5fefa161fbf5f004c2c644a366958ac0a7e2c441667019)
[m[2m2026-05-31 16:31:39.024-0400[m[2m | [m[2mBftProcessorExecutor-QBFT-0[m[2m | [m[32mINFO [m[2m | [m[2mQbftBesuControllerBuilder[m[2m | [m[32mImported empty block #795 / 0 tx / 0 pending / 0 (0.0%) gas / (0xe901c6cd7391cbb4c3f864fa5b2e92fd310074d6fed0dc10bc35993df15d7479)
[m[2m2026-05-31 16:31:41.039-0400[m[2m | [m[2mBftProcessorExecutor-QBFT-0[m[2m | [m[32mINFO [m[2m | [m[2mQbftBesuControllerBuilder[m[2m | [m[32mImported empty block #796 / 0 tx / 0 pending / 0 (0.0%) gas / (0xbf277f7542ec7219e29577bfbe1e5c05504268bd2c849033a38355705799e0cb)
[m[2m2026-05-31 16:31:43.032-0400[m[2m | [m[2mBftProcessorExecutor-QBFT-0[m[2m | [m[32mINFO [m[2m | [m[2mQbftBesuControllerBuilder[m[2m | [m[32mProduced empty block #797 / 0 tx / 0 pending / 0 (0.0%) gas / (0x0cf11f15e4bcd97187414d9cd408132bca111f2ac4af4083748bbaea9af83cdc)
[m[2m2026-05-31 16:31:45.037-0400[m[2m | [m[2mBftProcessorExecutor-QBFT-0[m[2m | [m[32mINFO [m[2m | [m[2mQbftBesuControllerBuilder[m[2m | [m[32mImported empty block #798 / 0 tx / 0 pending / 0 (0.0%) gas / (0xe718002b2e5be2fbffe5ae3ee8ffdbf5b54e66df098200636793b62691db1d39)
[m[2m2026-05-31 16:31:47.028-0400[m[2m | [m[2mBftProcessorExecutor-QBFT-0[m[2m | [m[32mINFO [m[2m | [m[2mQbftBesuControllerBuilder[m[2m | [m[32mImported empty block #799 / 0 tx / 0 pending / 0 (0.0%) gas / (0x6d8a05480eef3b309b1fabe4824196d8398afb65cbe99c4cbd9faf255f7f386b)
[m[2m2026-05-31 16:31:49.031-0400[m[2m | [m[2mBftProcessorExecutor-QBFT-0[m[2m | [m[32mINFO [m[2m | [m[2mQbftBesuControllerBuilder[m[2m | [m[32mImported empty block #800 / 0 tx / 0 pending / 0 (0.0%) gas / (0x501d8790e44e862e1ff539e290395877c94193d2559e1b572e8df9c909aa52c8)
[m[2m2026-05-31 16:31:51.034-0400[m[2m | [m[2mBftProcessorExecutor-QBFT-0[m[2m | [m[32mINFO [m[2m | [m[2mQbftBesuControllerBuilder[m[2m | [m[32mProduced empty block #801 / 0 tx / 0 pending / 0 (0.0%) gas / (0x874a545fa0a3f997cce96f0bfdb4103ebd115b148009271e2b1a689584dcc17f)
[m[2m2026-05-31 16:31:53.034-0400[m[2m | [m[2mBftProcessorExecutor-QBFT-0[m[2m | [m[32mINFO [m[2m | [m[2mQbftBesuControllerBuilder[m[2m | [m[32mImported empty block #802 / 0 tx / 0 pending / 0 (0.0%) gas / (0x40c6072a16f9a78fbc112edb928f861e1c67b2bb23065026aed76b96c8f2e4a4)
[m[2m2026-05-31 16:31:55.028-0400[m[2m | [m[2mBftProcessorExecutor-QBFT-0[m[2m | [m[32mINFO [m[2m | [m[2mQbftBesuControllerBuilder[m[2m | [m[32mImported empty block #803 / 0 tx / 0 pending / 0 (0.0%) gas / (0x79c8bc839f7ad81050c75db94e2523f60670b723c2cfb82a4bd8d42971c92a7b)
[m[2m2026-05-31 16:31:55.028-0400[m[2m | [m[2mEthScheduler-Workers-90[m[2m | [m[32mINFO [m[2m | [m[2mPersistBlockTask[m[2m | [m[32mBlock 803 (0x79c8bc839f7ad81050c75db94e2523f60670b723c2cfb82a4bd8d42971c92a7b) is already imported
[m[2m2026-05-31 16:31:57.038-0400[m[2m | [m[2mBftProcessorExecutor-QBFT-0[m[2m | [m[32mINFO [m[2m | [m[2mQbftBesuControllerBuilder[m[2m | [m[32mImported empty block #804 / 0 tx / 0 pending / 0 (0.0%) gas / (0xfafad95dc7b7ffd98423ff59bcb3987536d6417a34d6fd9c9f8eb768980d8e90)
[m[2m2026-05-31 16:31:57.038-0400[m[2m | [m[2mEthScheduler-Workers-92[m[2m | [m[32mINFO [m[2m | [m[2mPersistBlockTask[m[2m | [m[32mBlock 804 (0xfafad95dc7b7ffd98423ff59bcb3987536d6417a34d6fd9c9f8eb768980d8e90) is already imported
[m[2m2026-05-31 16:31:59.025-0400[m[2m | [m[2mBftProcessorExecutor-QBFT-0[m[2m | [m[32mINFO [m[2m | [m[2mQbftBesuControllerBuilder[m[2m | [m[32mProduced empty block #805 / 0 tx / 0 pending / 0 (0.0%) gas / (0xac427ecb957245628cead94c77b635d8a184785594b5451ba14b1536fb9f62a5)
[m[2m2026-05-31 16:32:01.032-0400[m[2m | [m[2mBftProcessorExecutor-QBFT-0[m[2m | [m[32mINFO [m[2m | [m[2mQbftBesuControllerBuilder[m[2m | [m[32mImported empty block #806 / 0 tx / 0 pending / 0 (0.0%) gas / (0x0a10128fb3b8336b4a124d5331455d681c32a319efa9447f6d035f4a7c729732)
[m[2m2026-05-31 16:32:03.039-0400[m[2m | [m[2mBftProcessorExecutor-QBFT-0[m[2m | [m[32mINFO [m[2m | [m[2mQbftBesuControllerBuilder[m[2m | [m[32mImported empty block #807 / 0 tx / 0 pending / 0 (0.0%) gas / (0x591a7e6410c10b41a8973d621e58baf57254bebdf183dd3ecd2703fd6f13f3d0)
[m[2m2026-05-31 16:32:03.039-0400[m[2m | [m[2mEthScheduler-Workers-94[m[2m | [m[32mINFO [m[2m | [m[2mPersistBlockTask[m[2m | [m[32mBlock 807 (0x591a7e6410c10b41a8973d621e58baf57254bebdf183dd3ecd2703fd6f13f3d0) is already imported
[m[2m2026-05-31 16:32:05.030-0400[m[2m | [m[2mBftProcessorExecutor-QBFT-0[m[2m | [m[32mINFO [m[2m | [m[2mQbftBesuControllerBuilder[m[2m | [m[32mImported empty block #808 / 0 tx / 0 pending / 0 (0.0%) gas / (0xad65c46e6b8f9d56155630424be2aae55e067c605348fa4197d74b389851162d)
[m[2m2026-05-31 16:32:07.028-0400[m[2m | [m[2mBftProcessorExecutor-QBFT-0[m[2m | [m[32mINFO [m[2m | [m[2mQbftBesuControllerBuilder[m[2m | [m[32mProduced empty block #809 / 0 tx / 0 pending / 0 (0.0%) gas / (0xbea06bf65f4f3a385f790a8dbf5499cd02fb01f6a230a8336fc6f4fb9b0c6b71)
[m[2m2026-05-31 16:32:09.032-0400[m[2m | [m[2mBftProcessorExecutor-QBFT-0[m[2m | [m[32mINFO [m[2m | [m[2mQbftBesuControllerBuilder[m[2m | [m[32mImported empty block #810 / 0 tx / 0 pending / 0 (0.0%) gas / (0x6f225f28f73fb3e1c50da3c4a3ca84a92308a701ec72b732c94e1a1e25964bae)
[m[2m2026-05-31 16:32:11.034-0400[m[2m | [m[2mBftProcessorExecutor-QBFT-0[m[2m | [m[32mINFO [m[2m | [m[2mQbftBesuControllerBuilder[m[2m | [m[32mImported empty block #811 / 0 tx / 0 pending / 0 (0.0%) gas / (0xeddc656073629d3f283087841925215c52e8d7aa912cf5118eaabd35595acd47)
[m[2m2026-05-31 16:32:13.029-0400[m[2m | [m[2mBftProcessorExecutor-QBFT-0[m[2m | [m[32mINFO [m[2m | [m[2mQbftBesuControllerBuilder[m[2m | [m[32mImported empty block #812 / 0 tx / 0 pending / 0 (0.0%) gas / (0x21416014525d04413825a42bb5bf89cb4940c255d37267b8ed5140c6873f1ba8)
[m[2m2026-05-31 16:32:15.031-0400[m[2m | [m[2mBftProcessorExecutor-QBFT-0[m[2m | [m[32mINFO [m[2m | [m[2mQbftBesuControllerBuilder[m[2m | [m[32mProduced empty block #813 / 0 tx / 0 pending / 0 (0.0%) gas / (0x1950fbead65abe865c02a37261bb315c296f995060ca6d255a5d05c7b64d7dd5)
[m[2m2026-05-31 16:32:17.027-0400[m[2m | [m[2mBftProcessorExecutor-QBFT-0[m[2m | [m[32mINFO [m[2m | [m[2mQbftBesuControllerBuilder[m[2m | [m[32mImported empty block #814 / 0 tx / 0 pending / 0 (0.0%) gas / (0xdfbe380b7df7a1bb009596b0ddca48438e73acec78914fd2306a2d4e483d79b7)
[m[2m2026-05-31 16:32:19.031-0400[m[2m | [m[2mBftProcessorExecutor-QBFT-0[m[2m | [m[32mINFO [m[2m | [m[2mQbftBesuControllerBuilder[m[2m | [m[32mImported empty block #815 / 0 tx / 0 pending / 0 (0.0%) gas / (0x5e511a22b552af20f7d500f2a30e61a041ea58a6000e0bd096b20439f906cae2)
[m[2m2026-05-31 16:32:19.031-0400[m[2m | [m[2mEthScheduler-Workers-96[m[2m | [m[32mINFO [m[2m | [m[2mPersistBlockTask[m[2m | [m[32mBlock 815 (0x5e511a22b552af20f7d500f2a30e61a041ea58a6000e0bd096b20439f906cae2) is already imported
[m[2m2026-05-31 16:32:21.028-0400[m[2m | [m[2mBftProcessorExecutor-QBFT-0[m[2m | [m[32mINFO [m[2m | [m[2mQbftBesuControllerBuilder[m[2m | [m[32mImported empty block #816 / 0 tx / 0 pending / 0 (0.0%) gas / (0x37d3716b4fae8770ca557ef21d3b680d89209d0915e4de63bd4a1d6274848814)
[m[2m2026-05-31 16:32:23.019-0400[m[2m | [m[2mBftProcessorExecutor-QBFT-0[m[2m | [m[32mINFO [m[2m | [m[2mQbftBesuControllerBuilder[m[2m | [m[32mProduced empty block #817 / 0 tx / 0 pending / 0 (0.0%) gas / (0x457e1c017b8c57bbfbe371de8b8719a6e26ff70da95d0a068267bb524a3cd0d8)
[m[2m2026-05-31 16:32:25.066-0400[m[2m | [m[2mBftProcessorExecutor-QBFT-0[m[2m | [m[32mINFO [m[2m | [m[2mQbftBesuControllerBuilder[m[2m | [m[32mImported empty block #818 / 0 tx / 0 pending / 0 (0.0%) gas / (0x06f96d6fd7d103887b11576588569bd8121a9d578d6dc6501d5f35172540e61e)
[m[2m2026-05-31 16:32:27.021-0400[m[2m | [m[2mBftProcessorExecutor-QBFT-0[m[2m | [m[32mINFO [m[2m | [m[2mQbftBesuControllerBuilder[m[2m | [m[32mImported empty block #819 / 0 tx / 0 pending / 0 (0.0%) gas / (0xc6d46dfd765d774890da1303ac14ca4bb4a7a32fb01d70bb4de85a3140c28c48)
[m[2m2026-05-31 16:32:29.021-0400[m[2m | [m[2mBftProcessorExecutor-QBFT-0[m[2m | [m[32mINFO [m[2m | [m[2mQbftBesuControllerBuilder[m[2m | [m[32mImported empty block #820 / 0 tx / 0 pending / 0 (0.0%) gas / (0xffb4e1c2d2eba0e35b8b96cbb18e49307fec66f7eed816eae9336b9319e229d6)
[m[2m2026-05-31 16:32:31.036-0400[m[2m | [m[2mBftProcessorExecutor-QBFT-0[m[2m | [m[32mINFO [m[2m | [m[2mQbftBesuControllerBuilder[m[2m | [m[32mProduced empty block #821 / 0 tx / 0 pending / 0 (0.0%) gas / (0x741e65e8a9cee60675182d066c8f5d9314a23c33681af8d7ae38b7405bdc0115)
[m[2m2026-05-31 16:32:33.031-0400[m[2m | [m[2mBftProcessorExecutor-QBFT-0[m[2m | [m[32mINFO [m[2m | [m[2mQbftBesuControllerBuilder[m[2m | [m[32mImported empty block #822 / 0 tx / 0 pending / 0 (0.0%) gas / (0x1dadddd3587668e92fbc4a898688ed7328aabec0feeaf0a463141d85b027d9b2)
[m[2m2026-05-31 16:32:35.029-0400[m[2m | [m[2mBftProcessorExecutor-QBFT-0[m[2m | [m[32mINFO [m[2m | [m[2mQbftBesuControllerBuilder[m[2m | [m[32mImported empty block #823 / 0 tx / 0 pending / 0 (0.0%) gas / (0x780227f631762ce2b81bdb156612f0c0fb7099631663b41f6bbffcd3009abfc2)
[m[2m2026-05-31 16:32:37.030-0400[m[2m | [m[2mBftProcessorExecutor-QBFT-0[m[2m | [m[32mINFO [m[2m | [m[2mQbftBesuControllerBuilder[m[2m | [m[32mImported empty block #824 / 0 tx / 0 pending / 0 (0.0%) gas / (0xb657656fd1e626c724d1c92211e2ba9c2a41734cbbf9162afa78561de2fa47cf)
[m[2m2026-05-31 16:32:39.035-0400[m[2m | [m[2mBftProcessorExecutor-QBFT-0[m[2m | [m[32mINFO [m[2m | [m[2mQbftBesuControllerBuilder[m[2m | [m[32mProduced empty block #825 / 0 tx / 0 pending / 0 (0.0%) gas / (0x701168e2620d47f323fd6c00f73fc25bd9c347050a061afc98c268bff926f7ea)
[m[2m2026-05-31 16:32:41.038-0400[m[2m | [m[2mBftProcessorExecutor-QBFT-0[m[2m | [m[32mINFO [m[2m | [m[2mQbftBesuControllerBuilder[m[2m | [m[32mImported empty block #826 / 0 tx / 0 pending / 0 (0.0%) gas / (0x83b6e0e0b75c1be37d2e6f5847d2953c2799de91eb04260faf29bff6653e0aa1)
[m[2m2026-05-31 16:32:43.034-0400[m[2m | [m[2mBftProcessorExecutor-QBFT-0[m[2m | [m[32mINFO [m[2m | [m[2mQbftBesuControllerBuilder[m[2m | [m[32mImported empty block #827 / 0 tx / 0 pending / 0 (0.0%) gas / (0xdd931fe97d9d5080499f6fa908f25e8b87b491ac973420ec94c036c6288a2f11)
[m[2m2026-05-31 16:32:45.031-0400[m[2m | [m[2mBftProcessorExecutor-QBFT-0[m[2m | [m[32mINFO [m[2m | [m[2mQbftBesuControllerBuilder[m[2m | [m[32mImported empty block #828 / 0 tx / 0 pending / 0 (0.0%) gas / (0x1a8d9b984d3766fb134639325637e95297f55a83141fda84b3827e7a68b0b05a)
[m[2m2026-05-31 16:32:47.025-0400[m[2m | [m[2mBftProcessorExecutor-QBFT-0[m[2m | [m[32mINFO [m[2m | [m[2mQbftBesuControllerBuilder[m[2m | [m[32mProduced empty block #829 / 0 tx / 0 pending / 0 (0.0%) gas / (0x7e0f1d2d45cccf16cedfe89d5aafc6a57792b42149ec7638e4772e2fc4a23218)
[m[2m2026-05-31 16:32:49.022-0400[m[2m | [m[2mBftProcessorExecutor-QBFT-0[m[2m | [m[32mINFO [m[2m | [m[2mQbftBesuControllerBuilder[m[2m | [m[32mImported empty block #830 / 0 tx / 0 pending / 0 (0.0%) gas / (0x1074f619825f2284f61b8274e813a8ed30955c5cdedd40253b7bbf6f60015233)
[m[2m2026-05-31 16:32:51.041-0400[m[2m | [m[2mBftProcessorExecutor-QBFT-0[m[2m | [m[32mINFO [m[2m | [m[2mQbftBesuControllerBuilder[m[2m | [m[32mImported empty block #831 / 0 tx / 0 pending / 0 (0.0%) gas / (0x7bec57311d4f796d092f1aef11375048b779a54d2b042e32f35d154ffb39b58d)
[m[2m2026-05-31 16:32:53.030-0400[m[2m | [m[2mBftProcessorExecutor-QBFT-0[m[2m | [m[32mINFO [m[2m | [m[2mQbftBesuControllerBuilder[m[2m | [m[32mImported empty block #832 / 0 tx / 0 pending / 0 (0.0%) gas / (0xad145e4dac3c8e90c79e40de4fde00172960a62ddaf4c5e074a8aa3a9ad2f203)
[m[2m2026-05-31 16:32:55.026-0400[m[2m | [m[2mBftProcessorExecutor-QBFT-0[m[2m | [m[32mINFO [m[2m | [m[2mQbftBesuControllerBuilder[m[2m | [m[32mProduced empty block #833 / 0 tx / 0 pending / 0 (0.0%) gas / (0x6004ac274bced455fdd88a353836239a68f35d092242e6e514ed2b95eddff1d3)
[m[2m2026-05-31 16:32:57.030-0400[m[2m | [m[2mBftProcessorExecutor-QBFT-0[m[2m | [m[32mINFO [m[2m | [m[2mQbftBesuControllerBuilder[m[2m | [m[32mImported empty block #834 / 0 tx / 0 pending / 0 (0.0%) gas / (0xa9c57f9c3b02b75451c85fe09d7619b5c9a7a097d394556dd0c727ffbef362d0)
[m[2m2026-05-31 16:32:59.011-0400[m[2m | [m[2mBftProcessorExecutor-QBFT-0[m[2m | [m[32mINFO [m[2m | [m[2mQbftBesuControllerBuilder[m[2m | [m[32mImported empty block #835 / 0 tx / 0 pending / 0 (0.0%) gas / (0x9ba524df13155cd48200d666a7c65ea9a04956a95d0673c06020fbc1d7c28b3c)
[m[2m2026-05-31 16:33:01.032-0400[m[2m | [m[2mBftProcessorExecutor-QBFT-0[m[2m | [m[32mINFO [m[2m | [m[2mQbftBesuControllerBuilder[m[2m | [m[32mImported empty block #836 / 0 tx / 0 pending / 0 (0.0%) gas / (0x05118b622d6ba39550ea2ed60c9877454dba98730ba2c119c7c6b7a5ce58411a)
[m[2m2026-05-31 16:33:03.028-0400[m[2m | [m[2mBftProcessorExecutor-QBFT-0[m[2m | [m[32mINFO [m[2m | [m[2mQbftBesuControllerBuilder[m[2m | [m[32mProduced empty block #837 / 0 tx / 0 pending / 0 (0.0%) gas / (0x071f8b15b0f88e15bf95d115ee496d8eed5327fe493a7493151aba5ce480be28)
[m[2m2026-05-31 16:33:05.019-0400[m[2m | [m[2mBftProcessorExecutor-QBFT-0[m[2m | [m[32mINFO [m[2m | [m[2mQbftBesuControllerBuilder[m[2m | [m[32mImported empty block #838 / 0 tx / 0 pending / 0 (0.0%) gas / (0x424cb52890c56a23d77da208a893e9808099b70b7e7e927c51088a0030d5f7bd)
[m[2m2026-05-31 16:33:07.035-0400[m[2m | [m[2mBftProcessorExecutor-QBFT-0[m[2m | [m[32mINFO [m[2m | [m[2mQbftBesuControllerBuilder[m[2m | [m[32mImported empty block #839 / 0 tx / 0 pending / 0 (0.0%) gas / (0x832c5a3aa29ad5afd96146797a7c28c3cf99bed9866b24ce099eff5187057685)
[m[2m2026-05-31 16:33:09.022-0400[m[2m | [m[2mBftProcessorExecutor-QBFT-0[m[2m | [m[32mINFO [m[2m | [m[2mQbftBesuControllerBuilder[m[2m | [m[32mImported empty block #840 / 0 tx / 0 pending / 0 (0.0%) gas / (0x308ca195d14bfda4871d94f77901f527f9893df06815a0c9a02776c9e03eb540)
[m[2m2026-05-31 16:33:11.024-0400[m[2m | [m[2mBftProcessorExecutor-QBFT-0[m[2m | [m[32mINFO [m[2m | [m[2mQbftBesuControllerBuilder[m[2m | [m[32mProduced empty block #841 / 0 tx / 0 pending / 0 (0.0%) gas / (0xfe23a8157626fe92235dbdf76f03d8489d6a014dc96a72126d571c081578b50c)
[m[2m2026-05-31 16:33:13.040-0400[m[2m | [m[2mBftProcessorExecutor-QBFT-0[m[2m | [m[32mINFO [m[2m | [m[2mQbftBesuControllerBuilder[m[2m | [m[32mImported empty block #842 / 0 tx / 0 pending / 0 (0.0%) gas / (0x912bd1dd9888fe7a504adbfe231988c4875b0c5b1efd736f57f6418e5daf4dd5)
[m[2m2026-05-31 16:33:15.024-0400[m[2m | [m[2mBftProcessorExecutor-QBFT-0[m[2m | [m[32mINFO [m[2m | [m[2mQbftBesuControllerBuilder[m[2m | [m[32mImported empty block #843 / 0 tx / 0 pending / 0 (0.0%) gas / (0x7b5081fae6e3d84201cc8bb9c5d5945c9892edf5e9fad176d5c5b49481d253a4)
[m[2m2026-05-31 16:33:17.026-0400[m[2m | [m[2mBftProcessorExecutor-QBFT-0[m[2m | [m[32mINFO [m[2m | [m[2mQbftBesuControllerBuilder[m[2m | [m[32mImported empty block #844 / 0 tx / 0 pending / 0 (0.0%) gas / (0xf6d64dcdc95e9c1569a45e21400bd18a8f4ac98f40074cc32e2b5f5a60a4b904)
[m[2m2026-05-31 16:33:19.036-0400[m[2m | [m[2mBftProcessorExecutor-QBFT-0[m[2m | [m[32mINFO [m[2m | [m[2mQbftBesuControllerBuilder[m[2m | [m[32mProduced empty block #845 / 0 tx / 0 pending / 0 (0.0%) gas / (0x1e9ed4c7c0b32d83e8f6142114c25519daad308a64898bac6535277303ef42a7)
[m[2m2026-05-31 16:33:21.025-0400[m[2m | [m[2mBftProcessorExecutor-QBFT-0[m[2m | [m[32mINFO [m[2m | [m[2mQbftBesuControllerBuilder[m[2m | [m[32mImported empty block #846 / 0 tx / 0 pending / 0 (0.0%) gas / (0xb68b083b89ff1443432cc7b383d0e9ab1e86222063b7a11b098185d75a8c7779)
[m[2m2026-05-31 16:33:23.024-0400[m[2m | [m[2mBftProcessorExecutor-QBFT-0[m[2m | [m[32mINFO [m[2m | [m[2mQbftBesuControllerBuilder[m[2m | [m[32mImported empty block #847 / 0 tx / 0 pending / 0 (0.0%) gas / (0xa33b02165cd9d64d4113c73b50d1c488425110debdc57160655fbb47a7534792)
[m[2m2026-05-31 16:33:25.033-0400[m[2m | [m[2mBftProcessorExecutor-QBFT-0[m[2m | [m[32mINFO [m[2m | [m[2mQbftBesuControllerBuilder[m[2m | [m[32mImported empty block #848 / 0 tx / 0 pending / 0 (0.0%) gas / (0xe82789316003e2320f28c7a32440ac51312b38a49f18d777ea15618ac370754a)
[m[2m2026-05-31 16:33:27.022-0400[m[2m | [m[2mBftProcessorExecutor-QBFT-0[m[2m | [m[32mINFO [m[2m | [m[2mQbftBesuControllerBuilder[m[2m | [m[32mProduced empty block #849 / 0 tx / 0 pending / 0 (0.0%) gas / (0x18271174daa4c166c591df1988c3486161f39898ec5b4d6adee3fe02342589db)
[m[2m2026-05-31 16:33:29.021-0400[m[2m | [m[2mBftProcessorExecutor-QBFT-0[m[2m | [m[32mINFO [m[2m | [m[2mQbftBesuControllerBuilder[m[2m | [m[32mImported empty block #850 / 0 tx / 0 pending / 0 (0.0%) gas / (0x34e90ccd6fc03db0b6887b4814c5c4e12ea5edf303ea8a73ba430550090c6f25)
[m[2m2026-05-31 16:33:31.026-0400[m[2m | [m[2mBftProcessorExecutor-QBFT-0[m[2m | [m[32mINFO [m[2m | [m[2mQbftBesuControllerBuilder[m[2m | [m[32mImported empty block #851 / 0 tx / 0 pending / 0 (0.0%) gas / (0xaba757bf73efa4f78a2c832ad528fbbbae6909caab388e2318d1005493ece974)
[m[2m2026-05-31 16:33:33.028-0400[m[2m | [m[2mBftProcessorExecutor-QBFT-0[m[2m | [m[32mINFO [m[2m | [m[2mQbftBesuControllerBuilder[m[2m | [m[32mImported empty block #852 / 0 tx / 0 pending / 0 (0.0%) gas / (0xa5e35716a1edfe6f18616a10411fe1646f914983ebf314d124ce9ba2e3164fcb)
[m[2m2026-05-31 16:33:35.028-0400[m[2m | [m[2mBftProcessorExecutor-QBFT-0[m[2m | [m[32mINFO [m[2m | [m[2mQbftBesuControllerBuilder[m[2m | [m[32mProduced empty block #853 / 0 tx / 0 pending / 0 (0.0%) gas / (0x9a1a5f15dc7112d0bbb96d6e250809739b98d44966ba1a7808f11e7bafb20650)
[m[2m2026-05-31 16:33:37.011-0400[m[2m | [m[2mBftProcessorExecutor-QBFT-0[m[2m | [m[32mINFO [m[2m | [m[2mQbftBesuControllerBuilder[m[2m | [m[32mImported empty block #854 / 0 tx / 0 pending / 0 (0.0%) gas / (0x1b65248c4757849ebe96c9ed839070796df1a65138e081139db957a51745206e)
[m[2m2026-05-31 16:33:39.011-0400[m[2m | [m[2mBftProcessorExecutor-QBFT-0[m[2m | [m[32mINFO [m[2m | [m[2mQbftBesuControllerBuilder[m[2m | [m[32mImported empty block #855 / 0 tx / 0 pending / 0 (0.0%) gas / (0x626723a7977f8d2f31c79a4e918d60a60fb6a3787b80a02f07a304aea8e682c1)
[m[2m2026-05-31 16:33:41.024-0400[m[2m | [m[2mBftProcessorExecutor-QBFT-0[m[2m | [m[32mINFO [m[2m | [m[2mQbftBesuControllerBuilder[m[2m | [m[32mImported empty block #856 / 0 tx / 0 pending / 0 (0.0%) gas / (0x3c1991819e9ea87b693184e5cc1ebc469f3837d76cb2e313dd13c6968c0bd005)
[m[2m2026-05-31 16:33:43.023-0400[m[2m | [m[2mBftProcessorExecutor-QBFT-0[m[2m | [m[32mINFO [m[2m | [m[2mQbftBesuControllerBuilder[m[2m | [m[32mProduced empty block #857 / 0 tx / 0 pending / 0 (0.0%) gas / (0x67143b8be3d1e407aac09343286ce66dd3567a1b42090077ab35e3491e74c2a8)
[m[2m2026-05-31 16:33:45.014-0400[m[2m | [m[2mBftProcessorExecutor-QBFT-0[m[2m | [m[32mINFO [m[2m | [m[2mQbftBesuControllerBuilder[m[2m | [m[32mImported empty block #858 / 0 tx / 0 pending / 0 (0.0%) gas / (0x264b7a35d1d8bd0a353ecdc0283c71e7e5968e79879ad3278025587f0d809b8c)
[m[2m2026-05-31 16:33:47.024-0400[m[2m | [m[2mBftProcessorExecutor-QBFT-0[m[2m | [m[32mINFO [m[2m | [m[2mQbftBesuControllerBuilder[m[2m | [m[32mImported empty block #859 / 0 tx / 0 pending / 0 (0.0%) gas / (0x2265624af8253ebeffff49902df07d1aafc484c8d032e5d3244a991fb54a617c)
[m[2m2026-05-31 16:33:49.024-0400[m[2m | [m[2mBftProcessorExecutor-QBFT-0[m[2m | [m[32mINFO [m[2m | [m[2mQbftBesuControllerBuilder[m[2m | [m[32mImported empty block #860 / 0 tx / 0 pending / 0 (0.0%) gas / (0x840852df3b709fc63f2f92aade78ddb511c9fe2e4769931af52705e8a633d056)
[m[2m2026-05-31 16:33:51.030-0400[m[2m | [m[2mBftProcessorExecutor-QBFT-0[m[2m | [m[32mINFO [m[2m | [m[2mQbftBesuControllerBuilder[m[2m | [m[32mProduced empty block #861 / 0 tx / 0 pending / 0 (0.0%) gas / (0x248965862cdf0768a579fcab756cb71b394e3f01ab22dde22bb1765e498a255b)
[m[2m2026-05-31 16:33:51.030-0400[m[2m | [m[2mEthScheduler-Workers-98[m[2m | [m[32mINFO [m[2m | [m[2mPersistBlockTask[m[2m | [m[32mBlock 861 (0x248965862cdf0768a579fcab756cb71b394e3f01ab22dde22bb1765e498a255b) is already imported
[m[2m2026-05-31 16:33:53.029-0400[m[2m | [m[2mBftProcessorExecutor-QBFT-0[m[2m | [m[32mINFO [m[2m | [m[2mQbftBesuControllerBuilder[m[2m | [m[32mImported empty block #862 / 0 tx / 0 pending / 0 (0.0%) gas / (0x5eee1966161c0956d1b073d301e2a31b123a8c8cb17751f95d288cd452468e6b)
[m[2m2026-05-31 16:33:55.010-0400[m[2m | [m[2mBftProcessorExecutor-QBFT-0[m[2m | [m[32mINFO [m[2m | [m[2mQbftBesuControllerBuilder[m[2m | [m[32mImported empty block #863 / 0 tx / 0 pending / 0 (0.0%) gas / (0x376671cf572914e2ce7ef659265b75e0fddf21a55ea65ea7f546487f0ddfcc5a)
[m[2m2026-05-31 16:33:57.019-0400[m[2m | [m[2mBftProcessorExecutor-QBFT-0[m[2m | [m[32mINFO [m[2m | [m[2mQbftBesuControllerBuilder[m[2m | [m[32mImported empty block #864 / 0 tx / 0 pending / 0 (0.0%) gas / (0x249bfd08af2f8313c17319b787aef9739ffa9eac1d5813cc6311cccb64987c48)
[m[2m2026-05-31 16:33:59.011-0400[m[2m | [m[2mBftProcessorExecutor-QBFT-0[m[2m | [m[32mINFO [m[2m | [m[2mQbftBesuControllerBuilder[m[2m | [m[32mProduced empty block #865 / 0 tx / 0 pending / 0 (0.0%) gas / (0x647c5ce4f6e40ef8e16e6534873dcbf8ee1b8bee127d6c41073f2732dbbd604f)
[m[2m2026-05-31 16:34:01.027-0400[m[2m | [m[2mBftProcessorExecutor-QBFT-0[m[2m | [m[32mINFO [m[2m | [m[2mQbftBesuControllerBuilder[m[2m | [m[32mImported empty block #866 / 0 tx / 0 pending / 0 (0.0%) gas / (0xbbc994fb54f9319b5cfe4f20753765cc5dc9e64db24793fa3d07fed3821c06b0)
[m[2m2026-05-31 16:34:03.018-0400[m[2m | [m[2mBftProcessorExecutor-QBFT-0[m[2m | [m[32mINFO [m[2m | [m[2mQbftBesuControllerBuilder[m[2m | [m[32mImported empty block #867 / 0 tx / 0 pending / 0 (0.0%) gas / (0x493d7d210c315e1fbcb6ac2f4c65be219c5068f40ec5ae03ff04ea6f5b43bf5c)
[m[2m2026-05-31 16:34:05.027-0400[m[2m | [m[2mBftProcessorExecutor-QBFT-0[m[2m | [m[32mINFO [m[2m | [m[2mQbftBesuControllerBuilder[m[2m | [m[32mImported empty block #868 / 0 tx / 0 pending / 0 (0.0%) gas / (0xb9eb6e8543ebd000038a79b3c5c0fa2c48f3e49dc0d0158c1504fc68333d3fe0)
[m[2m2026-05-31 16:34:07.023-0400[m[2m | [m[2mBftProcessorExecutor-QBFT-0[m[2m | [m[32mINFO [m[2m | [m[2mQbftBesuControllerBuilder[m[2m | [m[32mProduced empty block #869 / 0 tx / 0 pending / 0 (0.0%) gas / (0xda8e797fcd3507b5ce2a0cdd48432ef5f0ad319305e3c4ffad9fa2756045204c)
[m[2m2026-05-31 16:34:09.026-0400[m[2m | [m[2mBftProcessorExecutor-QBFT-0[m[2m | [m[32mINFO [m[2m | [m[2mQbftBesuControllerBuilder[m[2m | [m[32mImported empty block #870 / 0 tx / 0 pending / 0 (0.0%) gas / (0xf6c5cf8f68551c67f1d1e6d64207a0a26fe95180f8c214a0baeecd9bd529ac7e)
[m[2m2026-05-31 16:34:11.022-0400[m[2m | [m[2mBftProcessorExecutor-QBFT-0[m[2m | [m[32mINFO [m[2m | [m[2mQbftBesuControllerBuilder[m[2m | [m[32mImported empty block #871 / 0 tx / 0 pending / 0 (0.0%) gas / (0x0c1f7b6bda6066a69a2fb20675e0c6b5167e9948228b88c27a4e10c55f4a02b9)
[m[2m2026-05-31 16:34:13.030-0400[m[2m | [m[2mBftProcessorExecutor-QBFT-0[m[2m | [m[32mINFO [m[2m | [m[2mQbftBesuControllerBuilder[m[2m | [m[32mImported empty block #872 / 0 tx / 0 pending / 0 (0.0%) gas / (0x3907406eda0572c93c0070ee147d474b33d92206f423a4a6c4319c188828c72f)
[m[2m2026-05-31 16:34:15.028-0400[m[2m | [m[2mBftProcessorExecutor-QBFT-0[m[2m | [m[32mINFO [m[2m | [m[2mQbftBesuControllerBuilder[m[2m | [m[32mProduced empty block #873 / 0 tx / 0 pending / 0 (0.0%) gas / (0xf9e6bd6f6d7b0df85d6a6da33d2988d08ec8cf9b470d548e622ab16e86717a2a)
[m[2m2026-05-31 16:34:17.037-0400[m[2m | [m[2mBftProcessorExecutor-QBFT-0[m[2m | [m[32mINFO [m[2m | [m[2mQbftBesuControllerBuilder[m[2m | [m[32mImported empty block #874 / 0 tx / 0 pending / 0 (0.0%) gas / (0xd8afd28d00a01f9840c16628ab068373a283756fe164385cd887787ae4cbfd24)
[m[2m2026-05-31 16:34:19.025-0400[m[2m | [m[2mBftProcessorExecutor-QBFT-0[m[2m | [m[32mINFO [m[2m | [m[2mQbftBesuControllerBuilder[m[2m | [m[32mImported empty block #875 / 0 tx / 0 pending / 0 (0.0%) gas / (0x53fc78c95777f2cc0fed0f8143730bc5534b30b233cc77bb6ede98454bbcbf0c)
[m[2m2026-05-31 16:34:21.026-0400[m[2m | [m[2mBftProcessorExecutor-QBFT-0[m[2m | [m[32mINFO [m[2m | [m[2mQbftBesuControllerBuilder[m[2m | [m[32mImported empty block #876 / 0 tx / 0 pending / 0 (0.0%) gas / (0xd48d9ce592d092f2acc09161c49140817981bcb0b3cd7e0f80c6fbf92d2f1987)
[m[2m2026-05-31 16:34:23.008-0400[m[2m | [m[2mBftProcessorExecutor-QBFT-0[m[2m | [m[32mINFO [m[2m | [m[2mQbftBesuControllerBuilder[m[2m | [m[32mProduced empty block #877 / 0 tx / 0 pending / 0 (0.0%) gas / (0x23e70a9254e5c4a6091d9f924d7720bb4ba6764ae4d714e322a6a68cfb49936e)
[m[2m2026-05-31 16:34:25.034-0400[m[2m | [m[2mBftProcessorExecutor-QBFT-0[m[2m | [m[32mINFO [m[2m | [m[2mQbftBesuControllerBuilder[m[2m | [m[32mImported empty block #878 / 0 tx / 0 pending / 0 (0.0%) gas / (0x89f1cafed6ede90fff1bcc4d9822a609aeeed43d646c9a44c5950daf7ae5e949)
[m[2m2026-05-31 16:34:27.028-0400[m[2m | [m[2mBftProcessorExecutor-QBFT-0[m[2m | [m[32mINFO [m[2m | [m[2mQbftBesuControllerBuilder[m[2m | [m[32mImported empty block #879 / 0 tx / 0 pending / 0 (0.0%) gas / (0x515affc5f265bdb953fcc0252d80ea568fd1f77a710d8beba02165c4796ccadf)
[m[2m2026-05-31 16:34:29.024-0400[m[2m | [m[2mBftProcessorExecutor-QBFT-0[m[2m | [m[32mINFO [m[2m | [m[2mQbftBesuControllerBuilder[m[2m | [m[32mImported empty block #880 / 0 tx / 0 pending / 0 (0.0%) gas / (0x4a47ceaf0ea7b1386793f0203510063e3c64bd6f3b7f20849bd9a38aa629dca0)
[m[2m2026-05-31 16:34:31.025-0400[m[2m | [m[2mBftProcessorExecutor-QBFT-0[m[2m | [m[32mINFO [m[2m | [m[2mQbftBesuControllerBuilder[m[2m | [m[32mProduced empty block #881 / 0 tx / 0 pending / 0 (0.0%) gas / (0xabc515bd79b4457f6148a92ca3ea2e8b6039e131ea7fb5b8eaa3c70244db3076)
[m[2m2026-05-31 16:34:33.031-0400[m[2m | [m[2mBftProcessorExecutor-QBFT-0[m[2m | [m[32mINFO [m[2m | [m[2mQbftBesuControllerBuilder[m[2m | [m[32mImported empty block #882 / 0 tx / 0 pending / 0 (0.0%) gas / (0x8333abf544325e765b2a2cda57d901fd24012a4a2fd0f15817b1d9231ba6b6ae)
[m[2m2026-05-31 16:34:33.031-0400[m[2m | [m[2mEthScheduler-Workers-100[m[2m | [m[32mINFO [m[2m | [m[2mPersistBlockTask[m[2m | [m[32mBlock 882 (0x8333abf544325e765b2a2cda57d901fd24012a4a2fd0f15817b1d9231ba6b6ae) is already imported
[m[2m2026-05-31 16:34:35.034-0400[m[2m | [m[2mBftProcessorExecutor-QBFT-0[m[2m | [m[32mINFO [m[2m | [m[2mQbftBesuControllerBuilder[m[2m | [m[32mImported empty block #883 / 0 tx / 0 pending / 0 (0.0%) gas / (0x2a3d3ada885cfb0bbaedd8a868049bb2d096c88a5a8e0b82f6213a4c81e03e2d)
[m[2m2026-05-31 16:34:37.026-0400[m[2m | [m[2mBftProcessorExecutor-QBFT-0[m[2m | [m[32mINFO [m[2m | [m[2mQbftBesuControllerBuilder[m[2m | [m[32mImported empty block #884 / 0 tx / 0 pending / 0 (0.0%) gas / (0x59429ec54e0d930f4f5c4939f8dcf397fb2856b4ee9455b14ad298e0b88467a9)
[m[2m2026-05-31 16:34:39.025-0400[m[2m | [m[2mBftProcessorExecutor-QBFT-0[m[2m | [m[32mINFO [m[2m | [m[2mQbftBesuControllerBuilder[m[2m | [m[32mProduced empty block #885 / 0 tx / 0 pending / 0 (0.0%) gas / (0x26209afd843b79c3991adfd12189cc65e989ac906a6454fe73224cffe0ac4927)
[m[2m2026-05-31 16:34:41.034-0400[m[2m | [m[2mBftProcessorExecutor-QBFT-0[m[2m | [m[32mINFO [m[2m | [m[2mQbftBesuControllerBuilder[m[2m | [m[32mImported empty block #886 / 0 tx / 0 pending / 0 (0.0%) gas / (0xae15f51ada483f40b25e47f7f2ff51abbd0517fe8e98b8c8f6fd1bae74065867)
[m[2m2026-05-31 16:34:43.034-0400[m[2m | [m[2mBftProcessorExecutor-QBFT-0[m[2m | [m[32mINFO [m[2m | [m[2mQbftBesuControllerBuilder[m[2m | [m[32mImported empty block #887 / 0 tx / 0 pending / 0 (0.0%) gas / (0x8e5d1dd761d5c46d2629d0c4c2565e1282808008ee1bce47bab1bc34b26d898e)
[m[2m2026-05-31 16:34:45.076-0400[m[2m | [m[2mBftProcessorExecutor-QBFT-0[m[2m | [m[32mINFO [m[2m | [m[2mQbftBesuControllerBuilder[m[2m | [m[32mImported empty block #888 / 0 tx / 0 pending / 0 (0.0%) gas / (0x08696148d12740b604fd3afeffd55da51f9a46fd8918f3c66a7bd5e0c1727832)
[m[2m2026-05-31 16:34:47.037-0400[m[2m | [m[2mBftProcessorExecutor-QBFT-0[m[2m | [m[32mINFO [m[2m | [m[2mQbftBesuControllerBuilder[m[2m | [m[32mProduced empty block #889 / 0 tx / 0 pending / 0 (0.0%) gas / (0x5bd9cf07e957bc9da9b6ba10f6d6daaada9c6d38958311828eb641d55d0e9913)
[m[2m2026-05-31 16:34:49.026-0400[m[2m | [m[2mBftProcessorExecutor-QBFT-0[m[2m | [m[32mINFO [m[2m | [m[2mQbftBesuControllerBuilder[m[2m | [m[32mImported empty block #890 / 0 tx / 0 pending / 0 (0.0%) gas / (0x40452009ec25b432bf0150e8346a602a8af2767e4f59ae272e416dc13900e700)
[m[2m2026-05-31 16:34:51.025-0400[m[2m | [m[2mBftProcessorExecutor-QBFT-0[m[2m | [m[32mINFO [m[2m | [m[2mQbftBesuControllerBuilder[m[2m | [m[32mImported empty block #891 / 0 tx / 0 pending / 0 (0.0%) gas / (0x46c541b0d37365d70e5d5cb1e7d2cfde5330fa9b59d598e3d1834b2693262f18)
[m[2m2026-05-31 16:34:53.034-0400[m[2m | [m[2mBftProcessorExecutor-QBFT-0[m[2m | [m[32mINFO [m[2m | [m[2mQbftBesuControllerBuilder[m[2m | [m[32mImported empty block #892 / 0 tx / 0 pending / 0 (0.0%) gas / (0x10e29796069247a821c416d12fcd4a8037b271f7eae492aecbb766e9b26e3ae6)
[m[2m2026-05-31 16:34:55.022-0400[m[2m | [m[2mBftProcessorExecutor-QBFT-0[m[2m | [m[32mINFO [m[2m | [m[2mQbftBesuControllerBuilder[m[2m | [m[32mProduced empty block #893 / 0 tx / 0 pending / 0 (0.0%) gas / (0x1c176914f6119df50afc2aa9ddc935df6120e9e8bc246f7229334b86797b71a2)
[m[2m2026-05-31 16:34:57.033-0400[m[2m | [m[2mBftProcessorExecutor-QBFT-0[m[2m | [m[32mINFO [m[2m | [m[2mQbftBesuControllerBuilder[m[2m | [m[32mImported empty block #894 / 0 tx / 0 pending / 0 (0.0%) gas / (0x24c3ba814914fc2044aeac6d260076644090ed7798d1e18d185d9ec25a9a8f90)
[m[2m2026-05-31 16:34:59.029-0400[m[2m | [m[2mBftProcessorExecutor-QBFT-0[m[2m | [m[32mINFO [m[2m | [m[2mQbftBesuControllerBuilder[m[2m | [m[32mImported empty block #895 / 0 tx / 0 pending / 0 (0.0%) gas / (0x2a7ea18ef7c9e81eb4d0e4eb9391cdf9b571e366f486ab5b6cefc9aad657ea3e)
[m[2m2026-05-31 16:35:01.027-0400[m[2m | [m[2mBftProcessorExecutor-QBFT-0[m[2m | [m[32mINFO [m[2m | [m[2mQbftBesuControllerBuilder[m[2m | [m[32mImported empty block #896 / 0 tx / 0 pending / 0 (0.0%) gas / (0xe5f70933444c5a7f398617aeca8b4d6c48b47f9380ae44bec176bfff9284502e)
[m[2m2026-05-31 16:35:03.025-0400[m[2m | [m[2mBftProcessorExecutor-QBFT-0[m[2m | [m[32mINFO [m[2m | [m[2mQbftBesuControllerBuilder[m[2m | [m[32mProduced empty block #897 / 0 tx / 0 pending / 0 (0.0%) gas / (0x4b16397c5e83277b6f695636fca34f155fc4f7bae687083f652a8103e2c69752)
[m[2m2026-05-31 16:35:05.030-0400[m[2m | [m[2mBftProcessorExecutor-QBFT-0[m[2m | [m[32mINFO [m[2m | [m[2mQbftBesuControllerBuilder[m[2m | [m[32mImported empty block #898 / 0 tx / 0 pending / 0 (0.0%) gas / (0xbee96e79fd22855d24f3df2ffdbf5f677e2b826395e77726341b3e8af095ef00)
[m[2m2026-05-31 16:35:07.031-0400[m[2m | [m[2mBftProcessorExecutor-QBFT-0[m[2m | [m[32mINFO [m[2m | [m[2mQbftBesuControllerBuilder[m[2m | [m[32mImported empty block #899 / 0 tx / 0 pending / 0 (0.0%) gas / (0x5a0fd80538dd4dd97e27f46c7b4cbf6878c853952d52fb2524f6e68fe8d5cdbd)
[m[2m2026-05-31 16:35:09.033-0400[m[2m | [m[2mBftProcessorExecutor-QBFT-0[m[2m | [m[32mINFO [m[2m | [m[2mQbftBesuControllerBuilder[m[2m | [m[32mImported empty block #900 / 0 tx / 0 pending / 0 (0.0%) gas / (0x719dc04f56b8fd7ab748fb312e4f46b60222e855bfa3b3f37fc639d7d03d2c6b)
[m[2m2026-05-31 16:35:11.038-0400[m[2m | [m[2mBftProcessorExecutor-QBFT-0[m[2m | [m[32mINFO [m[2m | [m[2mQbftBesuControllerBuilder[m[2m | [m[32mProduced empty block #901 / 0 tx / 0 pending / 0 (0.0%) gas / (0x7638e484d69e2b3a0f8e97a9f8e6720957077a35d412fe24fdeca66d3354c857)
[m[2m2026-05-31 16:35:13.033-0400[m[2m | [m[2mBftProcessorExecutor-QBFT-0[m[2m | [m[32mINFO [m[2m | [m[2mQbftBesuControllerBuilder[m[2m | [m[32mImported empty block #902 / 0 tx / 0 pending / 0 (0.0%) gas / (0xbf48780157709a8c11b6e07342b7ae3f8cce45a9c87e142e868e0d801b9e0f1e)
[m[2m2026-05-31 16:35:15.031-0400[m[2m | [m[2mBftProcessorExecutor-QBFT-0[m[2m | [m[32mINFO [m[2m | [m[2mQbftBesuControllerBuilder[m[2m | [m[32mImported empty block #903 / 0 tx / 0 pending / 0 (0.0%) gas / (0xe9821989bfb2e7fa825f74e5cd23a33814fd260114540327f719644541fbc675)
[m[2m2026-05-31 16:35:17.025-0400[m[2m | [m[2mBftProcessorExecutor-QBFT-0[m[2m | [m[32mINFO [m[2m | [m[2mQbftBesuControllerBuilder[m[2m | [m[32mImported empty block #904 / 0 tx / 0 pending / 0 (0.0%) gas / (0xc1ca426971c0016247fc22b7d8f479c2d514869965111725f98bdfa9ad365904)
[m[2m2026-05-31 16:35:19.032-0400[m[2m | [m[2mBftProcessorExecutor-QBFT-0[m[2m | [m[32mINFO [m[2m | [m[2mQbftBesuControllerBuilder[m[2m | [m[32mProduced empty block #905 / 0 tx / 0 pending / 0 (0.0%) gas / (0xa789075c95f67169d5a0093adf93304e15f7ca9e83dbb56c0f8f458f1d421098)
[m[2m2026-05-31 16:35:21.041-0400[m[2m | [m[2mBftProcessorExecutor-QBFT-0[m[2m | [m[32mINFO [m[2m | [m[2mQbftBesuControllerBuilder[m[2m | [m[32mImported empty block #906 / 0 tx / 0 pending / 0 (0.0%) gas / (0xa55b41948eb9e31eae9c8d73c0d4596dd9d306f5c69cb5824770541ae3ecaa27)
[m[2m2026-05-31 16:35:23.028-0400[m[2m | [m[2mBftProcessorExecutor-QBFT-0[m[2m | [m[32mINFO [m[2m | [m[2mQbftBesuControllerBuilder[m[2m | [m[32mImported empty block #907 / 0 tx / 0 pending / 0 (0.0%) gas / (0x797aee10b6066650adc22c4e6f89e1009d1360b1623b788d740aab2067a54338)
[m[2m2026-05-31 16:35:25.020-0400[m[2m | [m[2mBftProcessorExecutor-QBFT-0[m[2m | [m[32mINFO [m[2m | [m[2mQbftBesuControllerBuilder[m[2m | [m[32mImported empty block #908 / 0 tx / 0 pending / 0 (0.0%) gas / (0x5cd56f816e311442d7422a77097f98a54a30bb1711c27b64c1d226fedd7779d9)
[m[2m2026-05-31 16:35:27.033-0400[m[2m | [m[2mBftProcessorExecutor-QBFT-0[m[2m | [m[32mINFO [m[2m | [m[2mQbftBesuControllerBuilder[m[2m | [m[32mProduced empty block #909 / 0 tx / 0 pending / 0 (0.0%) gas / (0x45a8a89d94493e4ec298efcffa56fcccea59673e7567056c59a8188ef2d28885)
[m[2m2026-05-31 16:35:29.030-0400[m[2m | [m[2mBftProcessorExecutor-QBFT-0[m[2m | [m[32mINFO [m[2m | [m[2mQbftBesuControllerBuilder[m[2m | [m[32mImported empty block #910 / 0 tx / 0 pending / 0 (0.0%) gas / (0x7791fdf3bedb98e0be59eeafc6bf33534e46b2539a7ee4ca12fb0164badb6ac2)
[m[2m2026-05-31 16:35:31.028-0400[m[2m | [m[2mBftProcessorExecutor-QBFT-0[m[2m | [m[32mINFO [m[2m | [m[2mQbftBesuControllerBuilder[m[2m | [m[32mImported empty block #911 / 0 tx / 0 pending / 0 (0.0%) gas / (0x68b99b3bfe811eb7567afb9e84810fa4ccc5dbd916847e66c557f6ca369480fd)
[m[2m2026-05-31 16:35:33.039-0400[m[2m | [m[2mBftProcessorExecutor-QBFT-0[m[2m | [m[32mINFO [m[2m | [m[2mQbftBesuControllerBuilder[m[2m | [m[32mImported empty block #912 / 0 tx / 0 pending / 0 (0.0%) gas / (0x057e3f8450e7a52323dcd95d2497cff32c675ca3e1a6851d9a1dbb74553e0742)
[m[2m2026-05-31 16:35:35.030-0400[m[2m | [m[2mBftProcessorExecutor-QBFT-0[m[2m | [m[32mINFO [m[2m | [m[2mQbftBesuControllerBuilder[m[2m | [m[32mProduced empty block #913 / 0 tx / 0 pending / 0 (0.0%) gas / (0x26c9dab05b90c5f1189e04b8761ba59ff458805b00959f10c994276da3d5ac37)
[m[2m2026-05-31 16:35:37.031-0400[m[2m | [m[2mBftProcessorExecutor-QBFT-0[m[2m | [m[32mINFO [m[2m | [m[2mQbftBesuControllerBuilder[m[2m | [m[32mImported empty block #914 / 0 tx / 0 pending / 0 (0.0%) gas / (0x9f09e42cbbba4bba5529b00a376642a3d3a944855e2c769a163ea59277f36a46)
[m[2m2026-05-31 16:35:39.031-0400[m[2m | [m[2mBftProcessorExecutor-QBFT-0[m[2m | [m[32mINFO [m[2m | [m[2mQbftBesuControllerBuilder[m[2m | [m[32mImported empty block #915 / 0 tx / 0 pending / 0 (0.0%) gas / (0x73da09822716945fce3e6c18c65322abf19204b6131f77d69eb951ceddfa41a7)
[m[2m2026-05-31 16:35:41.039-0400[m[2m | [m[2mBftProcessorExecutor-QBFT-0[m[2m | [m[32mINFO [m[2m | [m[2mQbftBesuControllerBuilder[m[2m | [m[32mImported empty block #916 / 0 tx / 0 pending / 0 (0.0%) gas / (0x58ee035b6a985b65caccc57d0ec9bf114c8420a880776768c770d21171eaf4c8)
[m[2m2026-05-31 16:35:43.031-0400[m[2m | [m[2mBftProcessorExecutor-QBFT-0[m[2m | [m[32mINFO [m[2m | [m[2mQbftBesuControllerBuilder[m[2m | [m[32mProduced empty block #917 / 0 tx / 0 pending / 0 (0.0%) gas / (0x559ee8c9024812fef4e416069a473a7a636a9d42c9e24a7bb73b37124fb49c44)
[m[2m2026-05-31 16:35:45.033-0400[m[2m | [m[2mBftProcessorExecutor-QBFT-0[m[2m | [m[32mINFO [m[2m | [m[2mQbftBesuControllerBuilder[m[2m | [m[32mImported empty block #918 / 0 tx / 0 pending / 0 (0.0%) gas / (0xb1ecf786af4c8b84cbd729239239ce5c014f7a8b5ef93874aee7e87ebf4b0267)
[m[2m2026-05-31 16:35:47.030-0400[m[2m | [m[2mBftProcessorExecutor-QBFT-0[m[2m | [m[32mINFO [m[2m | [m[2mQbftBesuControllerBuilder[m[2m | [m[32mImported empty block #919 / 0 tx / 0 pending / 0 (0.0%) gas / (0x4f54533b40b2fc37c3c93ff0264fe67eaa774f865738769f88c524a11b9bbc1d)
[m[2m2026-05-31 16:35:49.031-0400[m[2m | [m[2mBftProcessorExecutor-QBFT-0[m[2m | [m[32mINFO [m[2m | [m[2mQbftBesuControllerBuilder[m[2m | [m[32mImported empty block #920 / 0 tx / 0 pending / 0 (0.0%) gas / (0x8aee39ad8d666ef6438983507f278af81ac4826c96dac5b06d252d7e96927661)
[m[2m2026-05-31 16:35:51.031-0400[m[2m | [m[2mBftProcessorExecutor-QBFT-0[m[2m | [m[32mINFO [m[2m | [m[2mQbftBesuControllerBuilder[m[2m | [m[32mProduced empty block #921 / 0 tx / 0 pending / 0 (0.0%) gas / (0x9f4ce6373270879ce1d029a5fad475a9a5db6f9df1b336ce966b643728614799)
[m[2m2026-05-31 16:35:53.038-0400[m[2m | [m[2mBftProcessorExecutor-QBFT-0[m[2m | [m[32mINFO [m[2m | [m[2mQbftBesuControllerBuilder[m[2m | [m[32mImported empty block #922 / 0 tx / 0 pending / 0 (0.0%) gas / (0x7bd502303d3d9b795ab51b739fc3d02221d880b1fc14c36bbe08248531dcb57d)
[m[2m2026-05-31 16:35:55.010-0400[m[2m | [m[2mBftProcessorExecutor-QBFT-0[m[2m | [m[32mINFO [m[2m | [m[2mQbftBesuControllerBuilder[m[2m | [m[32mImported empty block #923 / 0 tx / 0 pending / 0 (0.0%) gas / (0x6ad62f0a8dc08488b337f50b4567fb21e5f4c488c099fc934351f1a3aa9e76a3)
[m[2m2026-05-31 16:35:57.026-0400[m[2m | [m[2mBftProcessorExecutor-QBFT-0[m[2m | [m[32mINFO [m[2m | [m[2mQbftBesuControllerBuilder[m[2m | [m[32mImported empty block #924 / 0 tx / 0 pending / 0 (0.0%) gas / (0x417ca82ab80c30c90563d60e427ba47a69651eaa3550ce184500935949ae674f)
[m[2m2026-05-31 16:35:59.037-0400[m[2m | [m[2mBftProcessorExecutor-QBFT-0[m[2m | [m[32mINFO [m[2m | [m[2mQbftBesuControllerBuilder[m[2m | [m[32mProduced empty block #925 / 0 tx / 0 pending / 0 (0.0%) gas / (0x0668637e15604dc181ceebe40a5a6d6e161c2384fb4bb9dc667200168c37d1c8)
[m[2m2026-05-31 16:36:01.028-0400[m[2m | [m[2mBftProcessorExecutor-QBFT-0[m[2m | [m[32mINFO [m[2m | [m[2mQbftBesuControllerBuilder[m[2m | [m[32mImported empty block #926 / 0 tx / 0 pending / 0 (0.0%) gas / (0xaeaa77b950bf0cfa1dc0850149699691dd1dd91658609f1928aeb5b978910f16)
[m[2m2026-05-31 16:36:03.039-0400[m[2m | [m[2mBftProcessorExecutor-QBFT-0[m[2m | [m[32mINFO [m[2m | [m[2mQbftBesuControllerBuilder[m[2m | [m[32mImported empty block #927 / 0 tx / 0 pending / 0 (0.0%) gas / (0x8c140c70df84433ba4534ce0c5ac83021f932b0cb3f058c0332759b26c23d7b4)
[m[2m2026-05-31 16:36:03.039-0400[m[2m | [m[2mEthScheduler-Workers-102[m[2m | [m[32mINFO [m[2m | [m[2mPersistBlockTask[m[2m | [m[32mBlock 927 (0x8c140c70df84433ba4534ce0c5ac83021f932b0cb3f058c0332759b26c23d7b4) is already imported
[m[2m2026-05-31 16:36:05.032-0400[m[2m | [m[2mBftProcessorExecutor-QBFT-0[m[2m | [m[32mINFO [m[2m | [m[2mQbftBesuControllerBuilder[m[2m | [m[32mImported empty block #928 / 0 tx / 0 pending / 0 (0.0%) gas / (0x345b7d131752c2567333e1ae0e3e8f88fb7455be14fd46aa58b058661c927412)
[m[2m2026-05-31 16:36:07.034-0400[m[2m | [m[2mBftProcessorExecutor-QBFT-0[m[2m | [m[32mINFO [m[2m | [m[2mQbftBesuControllerBuilder[m[2m | [m[32mProduced empty block #929 / 0 tx / 0 pending / 0 (0.0%) gas / (0xd837372d9771b5d268b5c82bf0c4a4c5c3f635103311b6f5ca1b2431e9d37526)
[m[2m2026-05-31 16:36:09.027-0400[m[2m | [m[2mBftProcessorExecutor-QBFT-0[m[2m | [m[32mINFO [m[2m | [m[2mQbftBesuControllerBuilder[m[2m | [m[32mImported empty block #930 / 0 tx / 0 pending / 0 (0.0%) gas / (0xfe13c204d2c8f5e6775751166fb6a32ffbe1db04043a284b35bca3b42c7ac88b)
[m[2m2026-05-31 16:36:11.037-0400[m[2m | [m[2mBftProcessorExecutor-QBFT-0[m[2m | [m[32mINFO [m[2m | [m[2mQbftBesuControllerBuilder[m[2m | [m[32mImported empty block #931 / 0 tx / 0 pending / 0 (0.0%) gas / (0xdafe1874266629ec529c2543e8f698ab79e04cbf320f2369a55105ba9c952410)
[m[2m2026-05-31 16:36:13.032-0400[m[2m | [m[2mBftProcessorExecutor-QBFT-0[m[2m | [m[32mINFO [m[2m | [m[2mQbftBesuControllerBuilder[m[2m | [m[32mImported empty block #932 / 0 tx / 0 pending / 0 (0.0%) gas / (0xde9366cd164fe6e02e5dddb0a77f3280913e6e12496e12c8dadda9ac97b1c8d7)
[m[2m2026-05-31 16:36:15.031-0400[m[2m | [m[2mBftProcessorExecutor-QBFT-0[m[2m | [m[32mINFO [m[2m | [m[2mQbftBesuControllerBuilder[m[2m | [m[32mProduced empty block #933 / 0 tx / 0 pending / 0 (0.0%) gas / (0x68df2312e4cf5dee2bfc3189822339a01716eef3564133284231371383d6b406)
[m[2m2026-05-31 16:36:17.034-0400[m[2m | [m[2mBftProcessorExecutor-QBFT-0[m[2m | [m[32mINFO [m[2m | [m[2mQbftBesuControllerBuilder[m[2m | [m[32mImported empty block #934 / 0 tx / 0 pending / 0 (0.0%) gas / (0xe59d3fc3c14a772427ca8d28c04ec9702146196680b67e4310af44598df79627)
[m[2m2026-05-31 16:36:19.032-0400[m[2m | [m[2mBftProcessorExecutor-QBFT-0[m[2m | [m[32mINFO [m[2m | [m[2mQbftBesuControllerBuilder[m[2m | [m[32mImported empty block #935 / 0 tx / 0 pending / 0 (0.0%) gas / (0x839ab686d4f75ca42a7367bd49b07bbb3d01bcd4ad76f70ca7502067745dbd33)
[m[2m2026-05-31 16:36:21.029-0400[m[2m | [m[2mBftProcessorExecutor-QBFT-0[m[2m | [m[32mINFO [m[2m | [m[2mQbftBesuControllerBuilder[m[2m | [m[32mImported empty block #936 / 0 tx / 0 pending / 0 (0.0%) gas / (0x3f8ff83b47c7872b3771ce46dce5ed6f8b4e6e359cfaa247746bc77d6b93f400)
[m[2m2026-05-31 16:36:23.031-0400[m[2m | [m[2mBftProcessorExecutor-QBFT-0[m[2m | [m[32mINFO [m[2m | [m[2mQbftBesuControllerBuilder[m[2m | [m[32mProduced empty block #937 / 0 tx / 0 pending / 0 (0.0%) gas / (0xc44f4d2824d4e26b79829da80ab4e8ce3608bf579a590e0d590e87073f01af80)
[m[2m2026-05-31 16:36:25.029-0400[m[2m | [m[2mBftProcessorExecutor-QBFT-0[m[2m | [m[32mINFO [m[2m | [m[2mQbftBesuControllerBuilder[m[2m | [m[32mImported empty block #938 / 0 tx / 0 pending / 0 (0.0%) gas / (0x3ab3bac334385635f73bb4e750cccf56720080bb2fa763d47913f65fbd243625)
[m[2m2026-05-31 16:36:27.023-0400[m[2m | [m[2mBftProcessorExecutor-QBFT-0[m[2m | [m[32mINFO [m[2m | [m[2mQbftBesuControllerBuilder[m[2m | [m[32mImported empty block #939 / 0 tx / 0 pending / 0 (0.0%) gas / (0x1823bbdfb05592deb20682cf2b64b181a03120d202311a3002657f53e8b5be32)
[m[2m2026-05-31 16:36:29.028-0400[m[2m | [m[2mBftProcessorExecutor-QBFT-0[m[2m | [m[32mINFO [m[2m | [m[2mQbftBesuControllerBuilder[m[2m | [m[32mImported empty block #940 / 0 tx / 0 pending / 0 (0.0%) gas / (0xa2650eb0f727cd129fc949e16972bce9b9f09d99e49bacc0b4c1ee7ef1671b32)
[m[2m2026-05-31 16:36:31.026-0400[m[2m | [m[2mBftProcessorExecutor-QBFT-0[m[2m | [m[32mINFO [m[2m | [m[2mQbftBesuControllerBuilder[m[2m | [m[32mProduced empty block #941 / 0 tx / 0 pending / 0 (0.0%) gas / (0x3602cee25ee832e03ea2e2920f7c154a6cc335e31a4aa7eb5f4c806ee89ef629)
[m[2m2026-05-31 16:36:33.039-0400[m[2m | [m[2mBftProcessorExecutor-QBFT-0[m[2m | [m[32mINFO [m[2m | [m[2mQbftBesuControllerBuilder[m[2m | [m[32mImported empty block #942 / 0 tx / 0 pending / 0 (0.0%) gas / (0x310d17c9e1e27022a9f1dc62968e3821a6f3c443e7a010801155abd7df68eae9)
[m[2m2026-05-31 16:36:35.030-0400[m[2m | [m[2mBftProcessorExecutor-QBFT-0[m[2m | [m[32mINFO [m[2m | [m[2mQbftBesuControllerBuilder[m[2m | [m[32mImported empty block #943 / 0 tx / 0 pending / 0 (0.0%) gas / (0x58aa8844745253f41fedc850f587dff1e89fcc7b1b051571f4455b1ee230d49f)
[m[2m2026-05-31 16:36:37.029-0400[m[2m | [m[2mBftProcessorExecutor-QBFT-0[m[2m | [m[32mINFO [m[2m | [m[2mQbftBesuControllerBuilder[m[2m | [m[32mImported empty block #944 / 0 tx / 0 pending / 0 (0.0%) gas / (0x2eb109faf291c6f8c6ddd43ca779af853c9615ff8f134baaa8469a90209059aa)
[m[2m2026-05-31 16:36:39.084-0400[m[2m | [m[2mBftProcessorExecutor-QBFT-0[m[2m | [m[32mINFO [m[2m | [m[2mQbftBesuControllerBuilder[m[2m | [m[32mProduced empty block #945 / 0 tx / 0 pending / 0 (0.0%) gas / (0xc6da80ecd7da9a720ac372a1eab2c50891a694c5f22f8cff259fa70b2eab5357)
[m[2m2026-05-31 16:36:41.026-0400[m[2m | [m[2mBftProcessorExecutor-QBFT-0[m[2m | [m[32mINFO [m[2m | [m[2mQbftBesuControllerBuilder[m[2m | [m[32mImported empty block #946 / 0 tx / 0 pending / 0 (0.0%) gas / (0xdc13b005a37c895555f4b0531395023c91b9a9b98a2caeaf5a2374e83c02c332)
[m[2m2026-05-31 16:36:43.015-0400[m[2m | [m[2mBftProcessorExecutor-QBFT-0[m[2m | [m[32mINFO [m[2m | [m[2mQbftBesuControllerBuilder[m[2m | [m[32mImported empty block #947 / 0 tx / 0 pending / 0 (0.0%) gas / (0xcc02215da435efd46ea09971192af195db914db04c4210cebf45f9ff5a66b564)
[m[2m2026-05-31 16:36:45.011-0400[m[2m | [m[2mBftProcessorExecutor-QBFT-0[m[2m | [m[32mINFO [m[2m | [m[2mQbftBesuControllerBuilder[m[2m | [m[32mImported empty block #948 / 0 tx / 0 pending / 0 (0.0%) gas / (0x1a6442aa8c2a5d73bdef35498567cb76513816dbba03d4b28fcc9260aa273450)
[m[2m2026-05-31 16:36:47.019-0400[m[2m | [m[2mBftProcessorExecutor-QBFT-0[m[2m | [m[32mINFO [m[2m | [m[2mQbftBesuControllerBuilder[m[2m | [m[32mProduced empty block #949 / 0 tx / 0 pending / 0 (0.0%) gas / (0x4c41ad862202d934eade0cbfb5a1cb611b9b859add2ad67e0af82f0c089e5565)
[m[2m2026-05-31 16:36:49.014-0400[m[2m | [m[2mBftProcessorExecutor-QBFT-0[m[2m | [m[32mINFO [m[2m | [m[2mQbftBesuControllerBuilder[m[2m | [m[32mImported empty block #950 / 0 tx / 0 pending / 0 (0.0%) gas / (0x034df4d7e039bedf93843c4c1ad9cf80ac0a7b69b4cfd414d1ce2c03ebd9fa7c)
[m[2m2026-05-31 16:36:51.032-0400[m[2m | [m[2mBftProcessorExecutor-QBFT-0[m[2m | [m[32mINFO [m[2m | [m[2mQbftBesuControllerBuilder[m[2m | [m[32mImported empty block #951 / 0 tx / 0 pending / 0 (0.0%) gas / (0xf9bc8252102cebdab01e0e05b85994780e14574879223020161e743419c09657)
[m[2m2026-05-31 16:36:53.028-0400[m[2m | [m[2mBftProcessorExecutor-QBFT-0[m[2m | [m[32mINFO [m[2m | [m[2mQbftBesuControllerBuilder[m[2m | [m[32mImported empty block #952 / 0 tx / 0 pending / 0 (0.0%) gas / (0xdad59780db78838087bd4754ae8621add0f5a556d4ad85045c9ed05e8177ce4e)
[m[2m2026-05-31 16:36:55.027-0400[m[2m | [m[2mBftProcessorExecutor-QBFT-0[m[2m | [m[32mINFO [m[2m | [m[2mQbftBesuControllerBuilder[m[2m | [m[32mProduced empty block #953 / 0 tx / 0 pending / 0 (0.0%) gas / (0xd2a3a280a4d5d9ae493c3af64f39247e55ebe1db0469c16b83f20c5e69e27cd8)
[m[2m2026-05-31 16:36:57.039-0400[m[2m | [m[2mBftProcessorExecutor-QBFT-0[m[2m | [m[32mINFO [m[2m | [m[2mQbftBesuControllerBuilder[m[2m | [m[32mImported empty block #954 / 0 tx / 0 pending / 0 (0.0%) gas / (0x0769cf6ab98e11a627c3d7bd74e79f1a662a1ea57c64e822856e23b921b16fd0)
[m[2m2026-05-31 16:36:59.014-0400[m[2m | [m[2mBftProcessorExecutor-QBFT-0[m[2m | [m[32mINFO [m[2m | [m[2mQbftBesuControllerBuilder[m[2m | [m[32mImported empty block #955 / 0 tx / 0 pending / 0 (0.0%) gas / (0x4b3055d6a17ecd4265bd2c3701e6921c2c3e5de929a56c8abeffce0fba4add6d)
[m[2m2026-05-31 16:37:01.030-0400[m[2m | [m[2mBftProcessorExecutor-QBFT-0[m[2m | [m[32mINFO [m[2m | [m[2mQbftBesuControllerBuilder[m[2m | [m[32mImported empty block #956 / 0 tx / 0 pending / 0 (0.0%) gas / (0x84aac416955b59b7219825c006adbd9d517b6e4774aa2adb637b8efa0d9176d3)
[m[2m2026-05-31 16:37:03.047-0400[m[2m | [m[2mBftProcessorExecutor-QBFT-0[m[2m | [m[32mINFO [m[2m | [m[2mQbftBesuControllerBuilder[m[2m | [m[32mProduced empty block #957 / 0 tx / 0 pending / 0 (0.0%) gas / (0xc10fd7e95a0794f22e3278d90233283a4ff9e801a6a27f90357f80a3cf896b7f)
[m[2m2026-05-31 16:37:05.029-0400[m[2m | [m[2mBftProcessorExecutor-QBFT-0[m[2m | [m[32mINFO [m[2m | [m[2mQbftBesuControllerBuilder[m[2m | [m[32mImported empty block #958 / 0 tx / 0 pending / 0 (0.0%) gas / (0xfd81bc21c8ee50fc1b547f5fa515adf6741fcf78de25e3a969a04d9836dfed6a)
[m[2m2026-05-31 16:37:05.030-0400[m[2m | [m[2mEthScheduler-Workers-104[m[2m | [m[32mINFO [m[2m | [m[2mPersistBlockTask[m[2m | [m[32mBlock 958 (0xfd81bc21c8ee50fc1b547f5fa515adf6741fcf78de25e3a969a04d9836dfed6a) is already imported
[m[2m2026-05-31 16:37:07.011-0400[m[2m | [m[2mBftProcessorExecutor-QBFT-0[m[2m | [m[32mINFO [m[2m | [m[2mQbftBesuControllerBuilder[m[2m | [m[32mImported empty block #959 / 0 tx / 0 pending / 0 (0.0%) gas / (0x27c9de9fbad38dc58d7c6fa0f7676a70b216e8ac32f3dd0cebad4408775ee7c8)
[m[2m2026-05-31 16:37:09.013-0400[m[2m | [m[2mBftProcessorExecutor-QBFT-0[m[2m | [m[32mINFO [m[2m | [m[2mQbftBesuControllerBuilder[m[2m | [m[32mImported empty block #960 / 0 tx / 0 pending / 0 (0.0%) gas / (0x320382a70c73157781783a3b1a79b756dba99c6cefd0dd04203aa93b8cb524cc)
[m[2m2026-05-31 16:37:11.049-0400[m[2m | [m[2mBftProcessorExecutor-QBFT-0[m[2m | [m[32mINFO [m[2m | [m[2mQbftBesuControllerBuilder[m[2m | [m[32mProduced block #961 / 1 tx / 1 pending / 696,899 (14.8%) gas / (0x18e12de02f23f11706cef636afc0e32cd1887e3904cf995b1dd84460dae9d860)
[m[2m2026-05-31 16:37:13.024-0400[m[2m | [m[2mBftProcessorExecutor-QBFT-0[m[2m | [m[32mINFO [m[2m | [m[2mQbftBesuControllerBuilder[m[2m | [m[32mImported block #962 / 1 tx / 1 pending / 29,513 (0.6%) gas / (0x2387f1b7298e3b6fe6e19d4763975e28cae4fcb64132abee3ef64bb7512631aa)
[m[2m2026-05-31 16:37:15.033-0400[m[2m | [m[2mBftProcessorExecutor-QBFT-0[m[2m | [m[32mINFO [m[2m | [m[2mQbftBesuControllerBuilder[m[2m | [m[32mImported block #963 / 1 tx / 0 pending / 29,489 (0.6%) gas / (0x727141e7d8577e9bc34b335a1155ac0855b6ae55d8b2e15790efa41c6fb2799f)
[m[2m2026-05-31 16:37:15.034-0400[m[2m | [m[2mEthScheduler-Workers-107[m[2m | [m[32mINFO [m[2m | [m[2mPersistBlockTask[m[2m | [m[32mBlock 963 (0x727141e7d8577e9bc34b335a1155ac0855b6ae55d8b2e15790efa41c6fb2799f) is already imported
[m[2m2026-05-31 16:37:17.034-0400[m[2m | [m[2mBftProcessorExecutor-QBFT-0[m[2m | [m[32mINFO [m[2m | [m[2mQbftBesuControllerBuilder[m[2m | [m[32mImported block #964 / 1 tx / 1 pending / 40,000 (0.9%) gas / (0x4721ee564d30b46c54423c4f37077e57e4654c2aab90fc941e9fe08fb3dba37e)
[m[2m2026-05-31 16:37:19.010-0400[m[2m | [m[2mBftProcessorExecutor-QBFT-0[m[2m | [m[32mINFO [m[2m | [m[2mQbftBesuControllerBuilder[m[2m | [m[32mProduced empty block #965 / 0 tx / 0 pending / 0 (0.0%) gas / (0xc2fec7981f4f144bb031af7a6889f6e5486ffc4865d5d05961c0cec3276c2173)
[m[2m2026-05-31 16:37:21.014-0400[m[2m | [m[2mBftProcessorExecutor-QBFT-0[m[2m | [m[32mINFO [m[2m | [m[2mQbftBesuControllerBuilder[m[2m | [m[32mImported empty block #966 / 0 tx / 0 pending / 0 (0.0%) gas / (0xd40c26655e424612577d1b0af50b3ef86024affa3510f394f82a7784be5dce47)
[m[2m2026-05-31 16:37:23.007-0400[m[2m | [m[2mBftProcessorExecutor-QBFT-0[m[2m | [m[32mINFO [m[2m | [m[2mQbftBesuControllerBuilder[m[2m | [m[32mImported empty block #967 / 0 tx / 0 pending / 0 (0.0%) gas / (0xed3153905759cadfdf872740fa2c0c26724bdfe37777df114a4d1e214c311ae9)
[m[2m2026-05-31 16:37:25.019-0400[m[2m | [m[2mBftProcessorExecutor-QBFT-0[m[2m | [m[32mINFO [m[2m | [m[2mQbftBesuControllerBuilder[m[2m | [m[32mImported empty block #968 / 0 tx / 0 pending / 0 (0.0%) gas / (0xe5f5b65da75d120efcfb9bb5c92d11d538ff6caaad608f7113aae9e8e356dd04)
[m[2m2026-05-31 16:37:27.013-0400[m[2m | [m[2mBftProcessorExecutor-QBFT-0[m[2m | [m[32mINFO [m[2m | [m[2mQbftBesuControllerBuilder[m[2m | [m[32mProduced empty block #969 / 0 tx / 0 pending / 0 (0.0%) gas / (0xf8c87b7cb34970fad0d5e8b09874c3e409b1410514ff4f7c2bd483999c28827e)
[m[2m2026-05-31 16:37:29.018-0400[m[2m | [m[2mBftProcessorExecutor-QBFT-0[m[2m | [m[32mINFO [m[2m | [m[2mQbftBesuControllerBuilder[m[2m | [m[32mImported empty block #970 / 0 tx / 0 pending / 0 (0.0%) gas / (0x500d83157dea6a4c29f91676f8e97b5abdb73438cb6d221a08388674a4034c27)
[m[2m2026-05-31 16:37:31.021-0400[m[2m | [m[2mBftProcessorExecutor-QBFT-0[m[2m | [m[32mINFO [m[2m | [m[2mQbftBesuControllerBuilder[m[2m | [m[32mImported empty block #971 / 0 tx / 0 pending / 0 (0.0%) gas / (0x1fc27964c5158036cea490c7a5124c870cfe642a8aab3aa323cdef9ed6334395)
[m[2m2026-05-31 16:37:33.032-0400[m[2m | [m[2mBftProcessorExecutor-QBFT-0[m[2m | [m[32mINFO [m[2m | [m[2mQbftBesuControllerBuilder[m[2m | [m[32mImported empty block #972 / 0 tx / 0 pending / 0 (0.0%) gas / (0x204ac30c92c1569bf827dfc9a5ea84963de55a53bfd050fb86e6696fcc0e58b7)
[m[2m2026-05-31 16:37:35.028-0400[m[2m | [m[2mBftProcessorExecutor-QBFT-0[m[2m | [m[32mINFO [m[2m | [m[2mQbftBesuControllerBuilder[m[2m | [m[32mProduced empty block #973 / 0 tx / 0 pending / 0 (0.0%) gas / (0x482a6424d52985b4c3843e044a5aabb428dd54ae02de92999a3b3d43f5c9b716)
[m[2m2026-05-31 16:37:37.037-0400[m[2m | [m[2mBftProcessorExecutor-QBFT-0[m[2m | [m[32mINFO [m[2m | [m[2mQbftBesuControllerBuilder[m[2m | [m[32mImported empty block #974 / 0 tx / 0 pending / 0 (0.0%) gas / (0x829783c3edd4c5742aa6e6dc13ebcd89ae4cbfbe7de347952f044f43735a8f3d)
[m[2m2026-05-31 16:37:39.025-0400[m[2m | [m[2mBftProcessorExecutor-QBFT-0[m[2m | [m[32mINFO [m[2m | [m[2mQbftBesuControllerBuilder[m[2m | [m[32mImported empty block #975 / 0 tx / 0 pending / 0 (0.0%) gas / (0x0a2b9b50c1b6fb7b93d5631f083c46a06af9ec2ee1e48d76317ac94a88fd2f6c)
[m[2m2026-05-31 16:37:41.023-0400[m[2m | [m[2mBftProcessorExecutor-QBFT-0[m[2m | [m[32mINFO [m[2m | [m[2mQbftBesuControllerBuilder[m[2m | [m[32mImported empty block #976 / 0 tx / 0 pending / 0 (0.0%) gas / (0x8a0bc64a70441f49f7780c70db81431d59b693c7334996e58eba9f6bd0d4d26f)
[m[2m2026-05-31 16:37:43.024-0400[m[2m | [m[2mBftProcessorExecutor-QBFT-0[m[2m | [m[32mINFO [m[2m | [m[2mQbftBesuControllerBuilder[m[2m | [m[32mProduced empty block #977 / 0 tx / 0 pending / 0 (0.0%) gas / (0xc858282668d69dfc86e88ae77b17347fc2379f07b1c9d99a66e7f2199d5ba9c4)
[m[2m2026-05-31 16:37:45.034-0400[m[2m | [m[2mBftProcessorExecutor-QBFT-0[m[2m | [m[32mINFO [m[2m | [m[2mQbftBesuControllerBuilder[m[2m | [m[32mImported empty block #978 / 0 tx / 0 pending / 0 (0.0%) gas / (0xc7737ce363d4cc3c64060544fd87d8ceaf1cd60a2a0b9dcb61fba1cda920fc21)
[m[2m2026-05-31 16:37:47.027-0400[m[2m | [m[2mBftProcessorExecutor-QBFT-0[m[2m | [m[32mINFO [m[2m | [m[2mQbftBesuControllerBuilder[m[2m | [m[32mImported empty block #979 / 0 tx / 0 pending / 0 (0.0%) gas / (0x886163a2a8c99dc771e6cdf5a506b57d3f6cfc7acdac0d42feaf53b89923ec4c)
[m[2m2026-05-31 16:37:49.037-0400[m[2m | [m[2mBftProcessorExecutor-QBFT-0[m[2m | [m[32mINFO [m[2m | [m[2mQbftBesuControllerBuilder[m[2m | [m[32mImported empty block #980 / 0 tx / 0 pending / 0 (0.0%) gas / (0x51451bbfbb4c3274ebcf147daae7923ae26d84be5b26e3546062ea28bfce07c8)
[m[2m2026-05-31 16:37:51.034-0400[m[2m | [m[2mBftProcessorExecutor-QBFT-0[m[2m | [m[32mINFO [m[2m | [m[2mQbftBesuControllerBuilder[m[2m | [m[32mProduced empty block #981 / 0 tx / 0 pending / 0 (0.0%) gas / (0x1e0cf2623565b0ca1fbbc272f17f7d0da405a511fceaa7ca8b5f5fc5a678c364)
[m[2m2026-05-31 16:37:51.034-0400[m[2m | [m[2mEthScheduler-Workers-105[m[2m | [m[32mINFO [m[2m | [m[2mPersistBlockTask[m[2m | [m[32mBlock 981 (0x1e0cf2623565b0ca1fbbc272f17f7d0da405a511fceaa7ca8b5f5fc5a678c364) is already imported
[m[2m2026-05-31 16:37:53.022-0400[m[2m | [m[2mBftProcessorExecutor-QBFT-0[m[2m | [m[32mINFO [m[2m | [m[2mQbftBesuControllerBuilder[m[2m | [m[32mImported empty block #982 / 0 tx / 0 pending / 0 (0.0%) gas / (0x92fa5ff289de146fa2414d392851dc212489f7fbdd9cb26c960892b45773fa62)
[m[2m2026-05-31 16:37:55.029-0400[m[2m | [m[2mBftProcessorExecutor-QBFT-0[m[2m | [m[32mINFO [m[2m | [m[2mQbftBesuControllerBuilder[m[2m | [m[32mImported empty block #983 / 0 tx / 0 pending / 0 (0.0%) gas / (0x0302b53208c811a3a5538c28522dab1503990b6814f2cc7cca0c7e30c2a3f9df)
[m[2m2026-05-31 16:37:57.030-0400[m[2m | [m[2mBftProcessorExecutor-QBFT-0[m[2m | [m[32mINFO [m[2m | [m[2mQbftBesuControllerBuilder[m[2m | [m[32mImported empty block #984 / 0 tx / 0 pending / 0 (0.0%) gas / (0xae8267c45be7069688ba0857bdba9ceff19815e4e6ed63816349274e6d31251f)
[m[2m2026-05-31 16:37:59.030-0400[m[2m | [m[2mBftProcessorExecutor-QBFT-0[m[2m | [m[32mINFO [m[2m | [m[2mQbftBesuControllerBuilder[m[2m | [m[32mProduced empty block #985 / 0 tx / 0 pending / 0 (0.0%) gas / (0xf739a9a910347013259121c2af4bfa94cde5bec281725e2dcc64b4db29001dbb)
[m[2m2026-05-31 16:38:01.009-0400[m[2m | [m[2mBftProcessorExecutor-QBFT-0[m[2m | [m[32mINFO [m[2m | [m[2mQbftBesuControllerBuilder[m[2m | [m[32mImported empty block #986 / 0 tx / 0 pending / 0 (0.0%) gas / (0xdfe2da3492b33dd624f0f1abf467f457ff91839587af41834ee77890d899162d)
[m[2m2026-05-31 16:38:03.021-0400[m[2m | [m[2mBftProcessorExecutor-QBFT-0[m[2m | [m[32mINFO [m[2m | [m[2mQbftBesuControllerBuilder[m[2m | [m[32mImported empty block #987 / 0 tx / 0 pending / 0 (0.0%) gas / (0xc39bf0291d84bea960c24b6f7c8e76c181f4034662b368de5550469ef9a24206)
[m[2m2026-05-31 16:38:05.116-0400[m[2m | [m[2mBftProcessorExecutor-QBFT-0[m[2m | [m[32mINFO [m[2m | [m[2mQbftBesuControllerBuilder[m[2m | [m[32mImported empty block #988 / 0 tx / 0 pending / 0 (0.0%) gas / (0x2a7c60eff62ad38c71c7011f749a2feef19bdcdb148784bdc47d1d3f5e44df0d)
[m[2m2026-05-31 16:38:07.026-0400[m[2m | [m[2mEthScheduler-Workers-104[m[2m | [m[32mINFO [m[2m | [m[2mPersistBlockTask[m[2m | [m[32mBlock 989 (0xcb14037de4e5d78b29f112a932adfdfdb84009a7d2470ceb02a7afff26e0d08d) is already imported
[m[2m2026-05-31 16:38:07.026-0400[m[2m | [m[2mBftProcessorExecutor-QBFT-0[m[2m | [m[32mINFO [m[2m | [m[2mQbftBesuControllerBuilder[m[2m | [m[32mProduced empty block #989 / 0 tx / 0 pending / 0 (0.0%) gas / (0xcb14037de4e5d78b29f112a932adfdfdb84009a7d2470ceb02a7afff26e0d08d)
[m[2m2026-05-31 16:38:09.022-0400[m[2m | [m[2mBftProcessorExecutor-QBFT-0[m[2m | [m[32mINFO [m[2m | [m[2mQbftBesuControllerBuilder[m[2m | [m[32mImported empty block #990 / 0 tx / 0 pending / 0 (0.0%) gas / (0x1f4d62054c0c9e40778da9a3a1e86ec0078ed14d117fb8c0c4dc2d7121529df7)
[m[2m2026-05-31 16:38:11.021-0400[m[2m | [m[2mBftProcessorExecutor-QBFT-0[m[2m | [m[32mINFO [m[2m | [m[2mQbftBesuControllerBuilder[m[2m | [m[32mImported empty block #991 / 0 tx / 0 pending / 0 (0.0%) gas / (0xf92572ab26fab6caf572f3cbe23b1a20217aa05308adfbda49086c666599ea1e)
[m[2m2026-05-31 16:38:13.051-0400[m[2m | [m[2mBftProcessorExecutor-QBFT-0[m[2m | [m[32mINFO [m[2m | [m[2mQbftBesuControllerBuilder[m[2m | [m[32mImported empty block #992 / 0 tx / 0 pending / 0 (0.0%) gas / (0xe5582fd4333b5ebf66d09d8cbc669c7aab87beb6e8fa7beb9a50e67be48d675f)
[m[2m2026-05-31 16:38:13.051-0400[m[2m | [m[2mEthScheduler-Workers-107[m[2m | [m[32mINFO [m[2m | [m[2mPersistBlockTask[m[2m | [m[32mBlock 992 (0xe5582fd4333b5ebf66d09d8cbc669c7aab87beb6e8fa7beb9a50e67be48d675f) is already imported
[m[2m2026-05-31 16:38:15.023-0400[m[2m | [m[2mBftProcessorExecutor-QBFT-0[m[2m | [m[32mINFO [m[2m | [m[2mQbftBesuControllerBuilder[m[2m | [m[32mProduced empty block #993 / 0 tx / 0 pending / 0 (0.0%) gas / (0x9f2c6992d973e0b24d7920b1897cd98f1fedc2bc3f9cfaf60688733b1f8ee659)
[m[2m2026-05-31 16:38:17.028-0400[m[2m | [m[2mBftProcessorExecutor-QBFT-0[m[2m | [m[32mINFO [m[2m | [m[2mQbftBesuControllerBuilder[m[2m | [m[32mImported empty block #994 / 0 tx / 0 pending / 0 (0.0%) gas / (0x9a3b4dabc25069dc1354b45686bfd145b02017938e4fc1bfdf354540379e6648)
[m[2m2026-05-31 16:38:19.024-0400[m[2m | [m[2mBftProcessorExecutor-QBFT-0[m[2m | [m[32mINFO [m[2m | [m[2mQbftBesuControllerBuilder[m[2m | [m[32mImported empty block #995 / 0 tx / 0 pending / 0 (0.0%) gas / (0x38bc161e9da26e41233a6b9e517a176871b093742228a529f8e5f3ee3bccd1a8)
[m[2m2026-05-31 16:38:21.023-0400[m[2m | [m[2mBftProcessorExecutor-QBFT-0[m[2m | [m[32mINFO [m[2m | [m[2mQbftBesuControllerBuilder[m[2m | [m[32mImported empty block #996 / 0 tx / 0 pending / 0 (0.0%) gas / (0xd6502550f6f1c9aa9871eaae1a3571dc2c478c34ae683effc06e3cd852455235)
[m[2m2026-05-31 16:38:23.018-0400[m[2m | [m[2mBftProcessorExecutor-QBFT-0[m[2m | [m[32mINFO [m[2m | [m[2mQbftBesuControllerBuilder[m[2m | [m[32mProduced empty block #997 / 0 tx / 0 pending / 0 (0.0%) gas / (0xfea13352616e64e10fe79f1683388dc28104129461e84a03ede3a483678c6398)
[m[2m2026-05-31 16:38:25.027-0400[m[2m | [m[2mBftProcessorExecutor-QBFT-0[m[2m | [m[32mINFO [m[2m | [m[2mQbftBesuControllerBuilder[m[2m | [m[32mImported empty block #998 / 0 tx / 0 pending / 0 (0.0%) gas / (0x16a2f75e2251ea26c1ce02ac116636756adcffce04139e533e7937fac100c22f)
[m[2m2026-05-31 16:38:27.024-0400[m[2m | [m[2mBftProcessorExecutor-QBFT-0[m[2m | [m[32mINFO [m[2m | [m[2mQbftBesuControllerBuilder[m[2m | [m[32mImported empty block #999 / 0 tx / 0 pending / 0 (0.0%) gas / (0xcd2bc8fea09495b277204b36af368beac2b77b1ed4abbcb4d1bf492ef4b23d15)
[m[2m2026-05-31 16:38:29.021-0400[m[2m | [m[2mBftProcessorExecutor-QBFT-0[m[2m | [m[32mINFO [m[2m | [m[2mQbftBesuControllerBuilder[m[2m | [m[32mImported empty block #1,000 / 0 tx / 0 pending / 0 (0.0%) gas / (0x01ce8380e90a9dff28bdc06534bd9030115dc115100edfa5380b849d0edfd8ce)
[m[2m2026-05-31 16:38:31.024-0400[m[2m | [m[2mBftProcessorExecutor-QBFT-0[m[2m | [m[32mINFO [m[2m | [m[2mQbftBesuControllerBuilder[m[2m | [m[32mProduced empty block #1,001 / 0 tx / 0 pending / 0 (0.0%) gas / (0x905106f489525b18cd42d95b171cddb9aa33147919f13ac5893013110aa56a1d)
[m[2m2026-05-31 16:38:33.028-0400[m[2m | [m[2mBftProcessorExecutor-QBFT-0[m[2m | [m[32mINFO [m[2m | [m[2mQbftBesuControllerBuilder[m[2m | [m[32mImported empty block #1,002 / 0 tx / 0 pending / 0 (0.0%) gas / (0x9f6040e857aabf3cb591a6c26ce3efcf4aeab82f07706adc2dadb8fa1221eecd)
[m[2m2026-05-31 16:38:35.020-0400[m[2m | [m[2mBftProcessorExecutor-QBFT-0[m[2m | [m[32mINFO [m[2m | [m[2mQbftBesuControllerBuilder[m[2m | [m[32mImported empty block #1,003 / 0 tx / 0 pending / 0 (0.0%) gas / (0x4b84928aed047db01521b083e4c9562476fc11565bac6ead355a61ca94f8a22e)
[m[2m2026-05-31 16:38:37.025-0400[m[2m | [m[2mBftProcessorExecutor-QBFT-0[m[2m | [m[32mINFO [m[2m | [m[2mQbftBesuControllerBuilder[m[2m | [m[32mImported empty block #1,004 / 0 tx / 0 pending / 0 (0.0%) gas / (0x484cda549596142a0fe9cffd58341ddeafc684c9166a636dabc1b386994aeffa)
[m[2m2026-05-31 16:38:39.029-0400[m[2m | [m[2mBftProcessorExecutor-QBFT-0[m[2m | [m[32mINFO [m[2m | [m[2mQbftBesuControllerBuilder[m[2m | [m[32mProduced empty block #1,005 / 0 tx / 0 pending / 0 (0.0%) gas / (0x7dacb19d7f76ef47459cf2c3edc9362012d1a6d4c52eff03d803e6d86621a77c)
[m[2m2026-05-31 16:38:41.025-0400[m[2m | [m[2mBftProcessorExecutor-QBFT-0[m[2m | [m[32mINFO [m[2m | [m[2mQbftBesuControllerBuilder[m[2m | [m[32mImported empty block #1,006 / 0 tx / 0 pending / 0 (0.0%) gas / (0x5f002786a29d5431c54093a2f3867b0bc1660575a494a65ed0e2da0d347dcc82)
[m[2m2026-05-31 16:38:43.022-0400[m[2m | [m[2mBftProcessorExecutor-QBFT-0[m[2m | [m[32mINFO [m[2m | [m[2mQbftBesuControllerBuilder[m[2m | [m[32mImported empty block #1,007 / 0 tx / 0 pending / 0 (0.0%) gas / (0xcfa91490fec9593e96744a2e420e06b3bcc00c697c7205622d27543995730de9)
[m[2m2026-05-31 16:38:45.025-0400[m[2m | [m[2mBftProcessorExecutor-QBFT-0[m[2m | [m[32mINFO [m[2m | [m[2mQbftBesuControllerBuilder[m[2m | [m[32mImported empty block #1,008 / 0 tx / 0 pending / 0 (0.0%) gas / (0xe7d59c5018685e568376bb4209b8e7e75ddf02dd0eaf52a9ede84228c9888d1b)
[m[2m2026-05-31 16:38:47.024-0400[m[2m | [m[2mBftProcessorExecutor-QBFT-0[m[2m | [m[32mINFO [m[2m | [m[2mQbftBesuControllerBuilder[m[2m | [m[32mProduced empty block #1,009 / 0 tx / 0 pending / 0 (0.0%) gas / (0x35b9c2e4772d3caf78a4f3981afb86315ba7c78188aad5cd564831c097412c2a)
[m[2m2026-05-31 16:38:49.027-0400[m[2m | [m[2mBftProcessorExecutor-QBFT-0[m[2m | [m[32mINFO [m[2m | [m[2mQbftBesuControllerBuilder[m[2m | [m[32mImported empty block #1,010 / 0 tx / 0 pending / 0 (0.0%) gas / (0xfbf217d10139da93061a5aa90fc1709e8d79b61fef766a09194445a11ae58844)
[m[2m2026-05-31 16:38:51.027-0400[m[2m | [m[2mBftProcessorExecutor-QBFT-0[m[2m | [m[32mINFO [m[2m | [m[2mQbftBesuControllerBuilder[m[2m | [m[32mImported empty block #1,011 / 0 tx / 0 pending / 0 (0.0%) gas / (0x22a4a467d880c54ece353ac9cd5f76809e03490ca20f3b2aaee433611cd24cf5)
[m[2m2026-05-31 16:38:53.025-0400[m[2m | [m[2mBftProcessorExecutor-QBFT-0[m[2m | [m[32mINFO [m[2m | [m[2mQbftBesuControllerBuilder[m[2m | [m[32mImported empty block #1,012 / 0 tx / 0 pending / 0 (0.0%) gas / (0x6aec751b8c393deb11f9edeab74ff13be337dfa28db9c331a9274e04269fb3ab)
[m[2m2026-05-31 16:38:55.031-0400[m[2m | [m[2mBftProcessorExecutor-QBFT-0[m[2m | [m[32mINFO [m[2m | [m[2mQbftBesuControllerBuilder[m[2m | [m[32mProduced empty block #1,013 / 0 tx / 0 pending / 0 (0.0%) gas / (0x56c0189a45ae3a4d5db4682e627836b85109becfdbe72ffd0e8bd0cc3d5ec021)
[m[2m2026-05-31 16:38:57.022-0400[m[2m | [m[2mBftProcessorExecutor-QBFT-0[m[2m | [m[32mINFO [m[2m | [m[2mQbftBesuControllerBuilder[m[2m | [m[32mImported empty block #1,014 / 0 tx / 0 pending / 0 (0.0%) gas / (0x389bef5b7740669ac892eb8fdf6425bfa871f4963614c4ef536c74e4ffdbea45)
[m[2m2026-05-31 16:38:59.030-0400[m[2m | [m[2mBftProcessorExecutor-QBFT-0[m[2m | [m[32mINFO [m[2m | [m[2mQbftBesuControllerBuilder[m[2m | [m[32mImported empty block #1,015 / 0 tx / 0 pending / 0 (0.0%) gas / (0x7cfa1ab6d5ae6e0702befb270c4cb08fa36403117bcfc4409ab4d170d534bb2e)
[m[2m2026-05-31 16:39:01.029-0400[m[2m | [m[2mBftProcessorExecutor-QBFT-0[m[2m | [m[32mINFO [m[2m | [m[2mQbftBesuControllerBuilder[m[2m | [m[32mImported empty block #1,016 / 0 tx / 0 pending / 0 (0.0%) gas / (0x8752573af5c7f411ca61998625707a746d623d869b59db2c27208c1478e77856)
[m[2m2026-05-31 16:39:03.022-0400[m[2m | [m[2mBftProcessorExecutor-QBFT-0[m[2m | [m[32mINFO [m[2m | [m[2mQbftBesuControllerBuilder[m[2m | [m[32mProduced empty block #1,017 / 0 tx / 0 pending / 0 (0.0%) gas / (0xc6e4622203a49696a95d3ced2cdce4b16cc4c109995e1c58ec5b36dd35a69036)
[m[2m2026-05-31 16:39:05.021-0400[m[2m | [m[2mBftProcessorExecutor-QBFT-0[m[2m | [m[32mINFO [m[2m | [m[2mQbftBesuControllerBuilder[m[2m | [m[32mImported empty block #1,018 / 0 tx / 0 pending / 0 (0.0%) gas / (0x32de79b62ee25273ad21886f42519f51fc489592181cefbae7676164053b0c2d)
[m[2m2026-05-31 16:39:07.022-0400[m[2m | [m[2mBftProcessorExecutor-QBFT-0[m[2m | [m[32mINFO [m[2m | [m[2mQbftBesuControllerBuilder[m[2m | [m[32mImported empty block #1,019 / 0 tx / 0 pending / 0 (0.0%) gas / (0xa0b3042a28193fee26b2f30c3a53810874c757bcb9257c3511ad5d62bb0880ac)
[m[2m2026-05-31 16:39:09.026-0400[m[2m | [m[2mBftProcessorExecutor-QBFT-0[m[2m | [m[32mINFO [m[2m | [m[2mQbftBesuControllerBuilder[m[2m | [m[32mImported empty block #1,020 / 0 tx / 0 pending / 0 (0.0%) gas / (0xcfdbc2f936f5f0f9beb78bec66f6fa4acaeb4aa8271ab8b19a4a0f0c4efc0797)
[m[2m2026-05-31 16:39:11.026-0400[m[2m | [m[2mBftProcessorExecutor-QBFT-0[m[2m | [m[32mINFO [m[2m | [m[2mQbftBesuControllerBuilder[m[2m | [m[32mProduced empty block #1,021 / 0 tx / 0 pending / 0 (0.0%) gas / (0x8e031bae120eeb8a61769e0f3370fd6161a8dc85e9029eb67685596103af4ccd)
[m[2m2026-05-31 16:39:13.029-0400[m[2m | [m[2mBftProcessorExecutor-QBFT-0[m[2m | [m[32mINFO [m[2m | [m[2mQbftBesuControllerBuilder[m[2m | [m[32mImported empty block #1,022 / 0 tx / 0 pending / 0 (0.0%) gas / (0xf752e4bbe5c298407a3cbe2682c0bade939b542ed8d988cbf6aa7870fa69dee6)
[m[2m2026-05-31 16:39:15.022-0400[m[2m | [m[2mBftProcessorExecutor-QBFT-0[m[2m | [m[32mINFO [m[2m | [m[2mQbftBesuControllerBuilder[m[2m | [m[32mImported empty block #1,023 / 0 tx / 0 pending / 0 (0.0%) gas / (0x4b4ad9a0bdfd72b3233e080eac201e6dd204b88162c5dd3229c949269d70d5cf)
[m[2m2026-05-31 16:39:17.023-0400[m[2m | [m[2mBftProcessorExecutor-QBFT-0[m[2m | [m[32mINFO [m[2m | [m[2mQbftBesuControllerBuilder[m[2m | [m[32mImported empty block #1,024 / 0 tx / 0 pending / 0 (0.0%) gas / (0xd07a3e30b1e398ed4a429252dd3218f85d5b120de14737fc270f8a08897b8d1f)
[m[2m2026-05-31 16:39:19.016-0400[m[2m | [m[2mBftProcessorExecutor-QBFT-0[m[2m | [m[32mINFO [m[2m | [m[2mQbftBesuControllerBuilder[m[2m | [m[32mProduced empty block #1,025 / 0 tx / 0 pending / 0 (0.0%) gas / (0x7e0b91fffe8ca88e6f50a5c5cd64f93a4c05ec48b5629f6651a25cfa1eaf9065)
[m[2m2026-05-31 16:39:21.045-0400[m[2m | [m[2mBftProcessorExecutor-QBFT-0[m[2m | [m[32mINFO [m[2m | [m[2mQbftBesuControllerBuilder[m[2m | [m[32mImported empty block #1,026 / 0 tx / 0 pending / 0 (0.0%) gas / (0x6bad5e46114f597d88b023b4cf87de668bf1a20c3bce98346cd677921416873f)
[m[2m2026-05-31 16:39:23.015-0400[m[2m | [m[2mBftProcessorExecutor-QBFT-0[m[2m | [m[32mINFO [m[2m | [m[2mQbftBesuControllerBuilder[m[2m | [m[32mImported empty block #1,027 / 0 tx / 0 pending / 0 (0.0%) gas / (0x4d26fecb1a63c4dabaf9c32eee50cc81d498fd2babaccccd8b4c835b70d17f8c)
[m[2m2026-05-31 16:39:23.015-0400[m[2m | [m[2mEthScheduler-Workers-112[m[2m | [m[32mINFO [m[2m | [m[2mPersistBlockTask[m[2m | [m[32mBlock 1027 (0x4d26fecb1a63c4dabaf9c32eee50cc81d498fd2babaccccd8b4c835b70d17f8c) is already imported
[m[2m2026-05-31 16:39:25.027-0400[m[2m | [m[2mBftProcessorExecutor-QBFT-0[m[2m | [m[32mINFO [m[2m | [m[2mQbftBesuControllerBuilder[m[2m | [m[32mImported empty block #1,028 / 0 tx / 0 pending / 0 (0.0%) gas / (0x2efa14785c5fb083d38704da1da4c7e5339cacbd1adb2e851306293a4c1d3be6)
[m[2m2026-05-31 16:39:27.027-0400[m[2m | [m[2mBftProcessorExecutor-QBFT-0[m[2m | [m[32mINFO [m[2m | [m[2mQbftBesuControllerBuilder[m[2m | [m[32mProduced empty block #1,029 / 0 tx / 0 pending / 0 (0.0%) gas / (0xfdbd30558bf2024ad291b5edc43a2db82bf81495bc0c5e6057e3774e087c3009)
[m[2m2026-05-31 16:39:29.033-0400[m[2m | [m[2mBftProcessorExecutor-QBFT-0[m[2m | [m[32mINFO [m[2m | [m[2mQbftBesuControllerBuilder[m[2m | [m[32mImported empty block #1,030 / 0 tx / 0 pending / 0 (0.0%) gas / (0x664849a69a8d83f27fc31b1ba74d5ea2dc0d15a750576d491ba89f9e8f3190b5)
[m[2m2026-05-31 16:39:31.031-0400[m[2m | [m[2mBftProcessorExecutor-QBFT-0[m[2m | [m[32mINFO [m[2m | [m[2mQbftBesuControllerBuilder[m[2m | [m[32mImported empty block #1,031 / 0 tx / 0 pending / 0 (0.0%) gas / (0x0cab4f87bc6a6f782235f1fb65131a2271fc55f984c22ee917bdf9e9ac032d19)
[m[2m2026-05-31 16:39:33.030-0400[m[2m | [m[2mBftProcessorExecutor-QBFT-0[m[2m | [m[32mINFO [m[2m | [m[2mQbftBesuControllerBuilder[m[2m | [m[32mImported empty block #1,032 / 0 tx / 0 pending / 0 (0.0%) gas / (0xf4c429bbddfaf42f7fedbd5038085a15343f44c5f9c2a97783f1b18beeb87735)
[m[2m2026-05-31 16:39:35.031-0400[m[2m | [m[2mBftProcessorExecutor-QBFT-0[m[2m | [m[32mINFO [m[2m | [m[2mQbftBesuControllerBuilder[m[2m | [m[32mProduced empty block #1,033 / 0 tx / 0 pending / 0 (0.0%) gas / (0xf9c506bba983b9239a89b2167cca6147935191a1f81a71b2dd08e29deb1ed5d0)
[m[2m2026-05-31 16:39:37.027-0400[m[2m | [m[2mBftProcessorExecutor-QBFT-0[m[2m | [m[32mINFO [m[2m | [m[2mQbftBesuControllerBuilder[m[2m | [m[32mImported empty block #1,034 / 0 tx / 0 pending / 0 (0.0%) gas / (0xaba4be4a015c3de3043a73267e0dc2eebaeb6d78a250af8894ce1eb020aadc11)
[m[2m2026-05-31 16:39:39.035-0400[m[2m | [m[2mBftProcessorExecutor-QBFT-0[m[2m | [m[32mINFO [m[2m | [m[2mQbftBesuControllerBuilder[m[2m | [m[32mImported empty block #1,035 / 0 tx / 0 pending / 0 (0.0%) gas / (0x7410a86830d5340d2d95a569f3e688736104abc8b72ace8ee42296b57b60f9c6)
[m[2m2026-05-31 16:39:41.025-0400[m[2m | [m[2mBftProcessorExecutor-QBFT-0[m[2m | [m[32mINFO [m[2m | [m[2mQbftBesuControllerBuilder[m[2m | [m[32mImported empty block #1,036 / 0 tx / 0 pending / 0 (0.0%) gas / (0x293a555ffddcacaf1ca558760b3fce0b078dad04c8655dbe6cfcfce64400cef8)
[m[2m2026-05-31 16:39:43.033-0400[m[2m | [m[2mBftProcessorExecutor-QBFT-0[m[2m | [m[32mINFO [m[2m | [m[2mQbftBesuControllerBuilder[m[2m | [m[32mProduced empty block #1,037 / 0 tx / 0 pending / 0 (0.0%) gas / (0x6bce70d0772d028be10a49d813041dbbcfcff52ba88754c9cc58cbf562e26daf)
[m[2m2026-05-31 16:39:45.031-0400[m[2m | [m[2mBftProcessorExecutor-QBFT-0[m[2m | [m[32mINFO [m[2m | [m[2mQbftBesuControllerBuilder[m[2m | [m[32mImported empty block #1,038 / 0 tx / 0 pending / 0 (0.0%) gas / (0x1df8bcfb732c87e83ac02c209cea5423b4491aa6a06e919a7cf5052122aeaddf)
[m[2m2026-05-31 16:39:47.036-0400[m[2m | [m[2mBftProcessorExecutor-QBFT-0[m[2m | [m[32mINFO [m[2m | [m[2mQbftBesuControllerBuilder[m[2m | [m[32mImported empty block #1,039 / 0 tx / 0 pending / 0 (0.0%) gas / (0x2a6eff3dde8b519cbd3026a0e61b72a5ecadcb6906b39e81c72e53be0618e3c0)
[m[2m2026-05-31 16:39:49.031-0400[m[2m | [m[2mBftProcessorExecutor-QBFT-0[m[2m | [m[32mINFO [m[2m | [m[2mQbftBesuControllerBuilder[m[2m | [m[32mImported empty block #1,040 / 0 tx / 0 pending / 0 (0.0%) gas / (0xea8722f33e0d4b0978d4f270a67ec9f04e62817e8021a751b1471aa14bc62f80)
[m[2m2026-05-31 16:39:51.040-0400[m[2m | [m[2mBftProcessorExecutor-QBFT-0[m[2m | [m[32mINFO [m[2m | [m[2mQbftBesuControllerBuilder[m[2m | [m[32mProduced empty block #1,041 / 0 tx / 0 pending / 0 (0.0%) gas / (0xbda6a2423e3ad6ce681bf66026e398226cc058bcba7aa64361ef4e0c1ab67bc6)
[m[2m2026-05-31 16:39:51.040-0400[m[2m | [m[2mEthScheduler-Workers-114[m[2m | [m[32mINFO [m[2m | [m[2mPersistBlockTask[m[2m | [m[32mBlock 1041 (0xbda6a2423e3ad6ce681bf66026e398226cc058bcba7aa64361ef4e0c1ab67bc6) is already imported
[m[2m2026-05-31 16:39:53.031-0400[m[2m | [m[2mBftProcessorExecutor-QBFT-0[m[2m | [m[32mINFO [m[2m | [m[2mQbftBesuControllerBuilder[m[2m | [m[32mImported empty block #1,042 / 0 tx / 0 pending / 0 (0.0%) gas / (0x245028242addfdd376a6b0a19baee35c4b094918d1ff952e186c6930ae34e085)
[m[2m2026-05-31 16:39:55.026-0400[m[2m | [m[2mEthScheduler-Workers-116[m[2m | [m[32mINFO [m[2m | [m[2mPersistBlockTask[m[2m | [m[32mBlock 1043 (0x27ed287bcdc4da0b299f818aef666f2c44b9dc6797a4ab52b6523f739cc41818) is already imported
[m[2m2026-05-31 16:39:55.026-0400[m[2m | [m[2mBftProcessorExecutor-QBFT-0[m[2m | [m[32mINFO [m[2m | [m[2mQbftBesuControllerBuilder[m[2m | [m[32mImported empty block #1,043 / 0 tx / 0 pending / 0 (0.0%) gas / (0x27ed287bcdc4da0b299f818aef666f2c44b9dc6797a4ab52b6523f739cc41818)
[m[2m2026-05-31 16:39:57.027-0400[m[2m | [m[2mBftProcessorExecutor-QBFT-0[m[2m | [m[32mINFO [m[2m | [m[2mQbftBesuControllerBuilder[m[2m | [m[32mImported empty block #1,044 / 0 tx / 0 pending / 0 (0.0%) gas / (0x8763e0d1a073e35a20e1f3babc132c9001e2064692bc5e120f04f06c6d9b3443)
[m[2m2026-05-31 16:39:59.029-0400[m[2m | [m[2mBftProcessorExecutor-QBFT-0[m[2m | [m[32mINFO [m[2m | [m[2mQbftBesuControllerBuilder[m[2m | [m[32mProduced empty block #1,045 / 0 tx / 0 pending / 0 (0.0%) gas / (0xb03689b16db156f1977a57231dabc33df5638ac35018baa43457f97bb4e188cc)
[m[2m2026-05-31 16:40:01.033-0400[m[2m | [m[2mBftProcessorExecutor-QBFT-0[m[2m | [m[32mINFO [m[2m | [m[2mQbftBesuControllerBuilder[m[2m | [m[32mImported empty block #1,046 / 0 tx / 0 pending / 0 (0.0%) gas / (0xcceccd979af8c52a637557ac278dbc1ee31bc52c58fb10010031e1b94b8f1e23)
[m[2m2026-05-31 16:40:03.023-0400[m[2m | [m[2mBftProcessorExecutor-QBFT-0[m[2m | [m[32mINFO [m[2m | [m[2mQbftBesuControllerBuilder[m[2m | [m[32mImported empty block #1,047 / 0 tx / 0 pending / 0 (0.0%) gas / (0x6f34ed9039c78edfe5716d41035beec177ca438b3c708cdecd66465125be11f8)
[m[2m2026-05-31 16:40:05.028-0400[m[2m | [m[2mBftProcessorExecutor-QBFT-0[m[2m | [m[32mINFO [m[2m | [m[2mQbftBesuControllerBuilder[m[2m | [m[32mImported empty block #1,048 / 0 tx / 0 pending / 0 (0.0%) gas / (0x5874d1f328b4c9108391348587d5300aa2e19281ab2c6bf672eeacefd8ba1a2d)
[m[2m2026-05-31 16:40:05.029-0400[m[2m | [m[2mEthScheduler-Workers-118[m[2m | [m[32mINFO [m[2m | [m[2mPersistBlockTask[m[2m | [m[32mBlock 1048 (0x5874d1f328b4c9108391348587d5300aa2e19281ab2c6bf672eeacefd8ba1a2d) is already imported
[m[2m2026-05-31 16:40:07.029-0400[m[2m | [m[2mBftProcessorExecutor-QBFT-0[m[2m | [m[32mINFO [m[2m | [m[2mQbftBesuControllerBuilder[m[2m | [m[32mProduced empty block #1,049 / 0 tx / 0 pending / 0 (0.0%) gas / (0x7c719db0f6618e17a9bd051b0e3d53736b82a47eecb7e7e08653c3422459918f)
[m[2m2026-05-31 16:40:09.026-0400[m[2m | [m[2mBftProcessorExecutor-QBFT-0[m[2m | [m[32mINFO [m[2m | [m[2mQbftBesuControllerBuilder[m[2m | [m[32mImported empty block #1,050 / 0 tx / 0 pending / 0 (0.0%) gas / (0x6b2dc8d76d76b0b262d4ceca53a308e00183ee6e55067b1818119fcaa092caf2)
[m[2m2026-05-31 16:40:11.039-0400[m[2m | [m[2mBftProcessorExecutor-QBFT-0[m[2m | [m[32mINFO [m[2m | [m[2mQbftBesuControllerBuilder[m[2m | [m[32mImported empty block #1,051 / 0 tx / 0 pending / 0 (0.0%) gas / (0x40bb0069b0520befc7e67cb3a5d1df1427a2e105d19cbf0c6b4102fefdb3460a)
[m[2m2026-05-31 16:40:13.033-0400[m[2m | [m[2mBftProcessorExecutor-QBFT-0[m[2m | [m[32mINFO [m[2m | [m[2mQbftBesuControllerBuilder[m[2m | [m[32mImported empty block #1,052 / 0 tx / 0 pending / 0 (0.0%) gas / (0xb724f40d6fb97b142326af1c795ebb1f7f84a4a1d2985a09b1cce86dd13b31f1)
[m[2m2026-05-31 16:40:15.028-0400[m[2m | [m[2mBftProcessorExecutor-QBFT-0[m[2m | [m[32mINFO [m[2m | [m[2mQbftBesuControllerBuilder[m[2m | [m[32mProduced empty block #1,053 / 0 tx / 0 pending / 0 (0.0%) gas / (0xd6bea19be1284b53ff7784e8cb15ab83dbf7f369de2a1dc3aaf7b37db3d20a27)
[m[2m2026-05-31 16:40:15.028-0400[m[2m | [m[2mEthScheduler-Workers-113[m[2m | [m[32mINFO [m[2m | [m[2mPersistBlockTask[m[2m | [m[32mBlock 1053 (0xd6bea19be1284b53ff7784e8cb15ab83dbf7f369de2a1dc3aaf7b37db3d20a27) is already imported
[m[2m2026-05-31 16:40:17.023-0400[m[2m | [m[2mBftProcessorExecutor-QBFT-0[m[2m | [m[32mINFO [m[2m | [m[2mQbftBesuControllerBuilder[m[2m | [m[32mImported empty block #1,054 / 0 tx / 0 pending / 0 (0.0%) gas / (0x4612287d99219864472a5a7607ce0ff2666f8b5e5baa4b2f59bd4fbd184392c7)
[m[2m2026-05-31 16:40:19.032-0400[m[2m | [m[2mBftProcessorExecutor-QBFT-0[m[2m | [m[32mINFO [m[2m | [m[2mQbftBesuControllerBuilder[m[2m | [m[32mImported empty block #1,055 / 0 tx / 0 pending / 0 (0.0%) gas / (0xb282ba924def4a9ff63937e77a49b97f7c0dad0dcdfe400c6d8d22014b9f5f81)
[m[2m2026-05-31 16:40:21.032-0400[m[2m | [m[2mBftProcessorExecutor-QBFT-0[m[2m | [m[32mINFO [m[2m | [m[2mQbftBesuControllerBuilder[m[2m | [m[32mImported empty block #1,056 / 0 tx / 0 pending / 0 (0.0%) gas / (0x637a54ef55239fbd0b270704c1cd5330ddca132c2622b2eb11eefdbe2c10642b)
[m[2m2026-05-31 16:40:23.034-0400[m[2m | [m[2mBftProcessorExecutor-QBFT-0[m[2m | [m[32mINFO [m[2m | [m[2mQbftBesuControllerBuilder[m[2m | [m[32mProduced empty block #1,057 / 0 tx / 0 pending / 0 (0.0%) gas / (0x5c92780151ce378b298043cdaf3a32da9c8e243425c45cfbc1c3cb89a8f0ca78)
[m[2m2026-05-31 16:40:25.024-0400[m[2m | [m[2mBftProcessorExecutor-QBFT-0[m[2m | [m[32mINFO [m[2m | [m[2mQbftBesuControllerBuilder[m[2m | [m[32mImported empty block #1,058 / 0 tx / 0 pending / 0 (0.0%) gas / (0x649a684a40e4f6e9cedb5bd9664ab19fe862b625c897c462ca73ca9702d499e2)
[m[2m2026-05-31 16:40:27.007-0400[m[2m | [m[2mBftProcessorExecutor-QBFT-0[m[2m | [m[32mINFO [m[2m | [m[2mQbftBesuControllerBuilder[m[2m | [m[32mImported empty block #1,059 / 0 tx / 0 pending / 0 (0.0%) gas / (0x7f80852833b40e40844b39dcd7a03ce2440147ffbb9e19bc913ef8efa48d1487)
[m[2m2026-05-31 16:40:29.039-0400[m[2m | [m[2mBftProcessorExecutor-QBFT-0[m[2m | [m[32mINFO [m[2m | [m[2mQbftBesuControllerBuilder[m[2m | [m[32mImported empty block #1,060 / 0 tx / 0 pending / 0 (0.0%) gas / (0x5f828a816991e026588e3a6d7bcd3a18cefdd61d6da160e264d970213cebd4d0)
[m[2m2026-05-31 16:40:31.027-0400[m[2m | [m[2mBftProcessorExecutor-QBFT-0[m[2m | [m[32mINFO [m[2m | [m[2mQbftBesuControllerBuilder[m[2m | [m[32mProduced empty block #1,061 / 0 tx / 0 pending / 0 (0.0%) gas / (0xc098b98119f51b87c60c1276c2f01e7e89ee68f40359e144abebb79551d98afb)
[m[2m2026-05-31 16:40:33.029-0400[m[2m | [m[2mBftProcessorExecutor-QBFT-0[m[2m | [m[32mINFO [m[2m | [m[2mQbftBesuControllerBuilder[m[2m | [m[32mImported empty block #1,062 / 0 tx / 0 pending / 0 (0.0%) gas / (0xda9dfac9d03447bb776c41708e88e5eef35cc9684aeabcc58306fcfd1e7ef370)
[m[2m2026-05-31 16:40:35.029-0400[m[2m | [m[2mBftProcessorExecutor-QBFT-0[m[2m | [m[32mINFO [m[2m | [m[2mQbftBesuControllerBuilder[m[2m | [m[32mImported empty block #1,063 / 0 tx / 0 pending / 0 (0.0%) gas / (0x822595d2e122cbd01e2e73a41851e391f201726dddde62fdfbdc95533f76c574)
[m[2m2026-05-31 16:40:37.029-0400[m[2m | [m[2mBftProcessorExecutor-QBFT-0[m[2m | [m[32mINFO [m[2m | [m[2mQbftBesuControllerBuilder[m[2m | [m[32mImported empty block #1,064 / 0 tx / 0 pending / 0 (0.0%) gas / (0xc49d4d9df3d94c3c7a1192fa677c8dc36240a2beb81b750eb5f4fa46bc00549b)
[m[2m2026-05-31 16:40:39.030-0400[m[2m | [m[2mBftProcessorExecutor-QBFT-0[m[2m | [m[32mINFO [m[2m | [m[2mQbftBesuControllerBuilder[m[2m | [m[32mProduced empty block #1,065 / 0 tx / 0 pending / 0 (0.0%) gas / (0x77a71302658f62702d4d30ae456492296f3e39ae1ba6fa67f669f23179e5ffff)
[m[2m2026-05-31 16:40:41.037-0400[m[2m | [m[2mBftProcessorExecutor-QBFT-0[m[2m | [m[32mINFO [m[2m | [m[2mQbftBesuControllerBuilder[m[2m | [m[32mImported empty block #1,066 / 0 tx / 0 pending / 0 (0.0%) gas / (0x05c7afefb064a6b923e0c98ec07744f8decde8e98ecde52668b98a2410ea0bac)
[m[2m2026-05-31 16:40:43.010-0400[m[2m | [m[2mBftProcessorExecutor-QBFT-0[m[2m | [m[32mINFO [m[2m | [m[2mQbftBesuControllerBuilder[m[2m | [m[32mImported empty block #1,067 / 0 tx / 0 pending / 0 (0.0%) gas / (0xf00b3575cfe0ee74993bc2dba9f67163b879d238f6bac93bde9eba3861b384d9)
[m[2m2026-05-31 16:40:45.031-0400[m[2m | [m[2mBftProcessorExecutor-QBFT-0[m[2m | [m[32mINFO [m[2m | [m[2mQbftBesuControllerBuilder[m[2m | [m[32mImported empty block #1,068 / 0 tx / 0 pending / 0 (0.0%) gas / (0xbfef8b633cc58884ab302b3da63f7064ed15ffee705e511f3a0f09535d6b8616)
[m[2m2026-05-31 16:40:47.038-0400[m[2m | [m[2mBftProcessorExecutor-QBFT-0[m[2m | [m[32mINFO [m[2m | [m[2mQbftBesuControllerBuilder[m[2m | [m[32mProduced empty block #1,069 / 0 tx / 0 pending / 0 (0.0%) gas / (0x275b37508f5c227ea44a8ffb73a04bfba0d7daf26b1e76774155c5abf5041224)
[m[2m2026-05-31 16:40:49.037-0400[m[2m | [m[2mBftProcessorExecutor-QBFT-0[m[2m | [m[32mINFO [m[2m | [m[2mQbftBesuControllerBuilder[m[2m | [m[32mImported empty block #1,070 / 0 tx / 0 pending / 0 (0.0%) gas / (0x7c1b8f196a21ce65d1bac9b2c155b6ce05f113eb0058ddf82557fae811062a93)
[m[2m2026-05-31 16:40:49.037-0400[m[2m | [m[2mEthScheduler-Workers-115[m[2m | [m[32mINFO [m[2m | [m[2mPersistBlockTask[m[2m | [m[32mBlock 1070 (0x7c1b8f196a21ce65d1bac9b2c155b6ce05f113eb0058ddf82557fae811062a93) is already imported
[m[2m2026-05-31 16:40:51.027-0400[m[2m | [m[2mBftProcessorExecutor-QBFT-0[m[2m | [m[32mINFO [m[2m | [m[2mQbftBesuControllerBuilder[m[2m | [m[32mImported empty block #1,071 / 0 tx / 0 pending / 0 (0.0%) gas / (0xa96d48147f727cbaadfd3c9c033042d3bffe885b22ff3a00f27c56a7f1b62ab4)
[m[2m2026-05-31 16:40:53.030-0400[m[2m | [m[2mBftProcessorExecutor-QBFT-0[m[2m | [m[32mINFO [m[2m | [m[2mQbftBesuControllerBuilder[m[2m | [m[32mImported empty block #1,072 / 0 tx / 0 pending / 0 (0.0%) gas / (0xcf4f64950f1a635e967ac64106b230c1c378a439b01ec6d0534d7c519a1c0c00)
[m[2m2026-05-31 16:40:55.025-0400[m[2m | [m[2mBftProcessorExecutor-QBFT-0[m[2m | [m[32mINFO [m[2m | [m[2mQbftBesuControllerBuilder[m[2m | [m[32mProduced empty block #1,073 / 0 tx / 0 pending / 0 (0.0%) gas / (0x0d531eeaef8e69c2db93725bbe1809b8531dbd69edb98a295bcf4f60bb48b9f2)
[m[2m2026-05-31 16:40:57.032-0400[m[2m | [m[2mBftProcessorExecutor-QBFT-0[m[2m | [m[32mINFO [m[2m | [m[2mQbftBesuControllerBuilder[m[2m | [m[32mImported empty block #1,074 / 0 tx / 0 pending / 0 (0.0%) gas / (0xaa154209c3e1557e9ddc8b2e9554dbc7dbd5a06d606792007ad60cdf65ac0e7f)
[m[2m2026-05-31 16:40:59.030-0400[m[2m | [m[2mBftProcessorExecutor-QBFT-0[m[2m | [m[32mINFO [m[2m | [m[2mQbftBesuControllerBuilder[m[2m | [m[32mImported empty block #1,075 / 0 tx / 0 pending / 0 (0.0%) gas / (0x1897473d553ac198374e711b8206ada896960d8fcc3817820bc6b1e093ea809f)
[m[2m2026-05-31 16:41:01.026-0400[m[2m | [m[2mBftProcessorExecutor-QBFT-0[m[2m | [m[32mINFO [m[2m | [m[2mQbftBesuControllerBuilder[m[2m | [m[32mImported empty block #1,076 / 0 tx / 0 pending / 0 (0.0%) gas / (0x5ebb9f8c25caba6f0bf0669d6b1d4a66bd2264c262a3276fc67ccfbaea87dd5a)
[m[2m2026-05-31 16:41:03.034-0400[m[2m | [m[2mBftProcessorExecutor-QBFT-0[m[2m | [m[32mINFO [m[2m | [m[2mQbftBesuControllerBuilder[m[2m | [m[32mProduced empty block #1,077 / 0 tx / 0 pending / 0 (0.0%) gas / (0xce436379bacbd8f62e21b88f53c070f31ad9c3d48a02f5f048e10a3d45196120)
[m[2m2026-05-31 16:41:05.030-0400[m[2m | [m[2mBftProcessorExecutor-QBFT-0[m[2m | [m[32mINFO [m[2m | [m[2mQbftBesuControllerBuilder[m[2m | [m[32mImported empty block #1,078 / 0 tx / 0 pending / 0 (0.0%) gas / (0xb838defecadff1556916f0813ea2530996a504412acd2a24a0276d75152313f9)
[m[2m2026-05-31 16:41:07.027-0400[m[2m | [m[2mBftProcessorExecutor-QBFT-0[m[2m | [m[32mINFO [m[2m | [m[2mQbftBesuControllerBuilder[m[2m | [m[32mImported empty block #1,079 / 0 tx / 0 pending / 0 (0.0%) gas / (0x3810aa62045f09da6d46b19524d3471a826302b6606532c453e5ad047a48b21a)
[m[2m2026-05-31 16:41:09.031-0400[m[2m | [m[2mBftProcessorExecutor-QBFT-0[m[2m | [m[32mINFO [m[2m | [m[2mQbftBesuControllerBuilder[m[2m | [m[32mImported empty block #1,080 / 0 tx / 0 pending / 0 (0.0%) gas / (0x44d9ce2a793317a5c0d61505a2ce01fd2d9c465ca7a3c83a2109594aa6835a3d)
[m[2m2026-05-31 16:41:11.042-0400[m[2m | [m[2mBftProcessorExecutor-QBFT-0[m[2m | [m[32mINFO [m[2m | [m[2mQbftBesuControllerBuilder[m[2m | [m[32mProduced empty block #1,081 / 0 tx / 0 pending / 0 (0.0%) gas / (0xaa40bba0241e73524e0874acfd4bae3f3cb0b0c64327e1cffedac5d3e9b1664f)
[m[2m2026-05-31 16:41:13.030-0400[m[2m | [m[2mBftProcessorExecutor-QBFT-0[m[2m | [m[32mINFO [m[2m | [m[2mQbftBesuControllerBuilder[m[2m | [m[32mImported empty block #1,082 / 0 tx / 0 pending / 0 (0.0%) gas / (0x9fc9bd08dce0abd1595fe0a6d550276736fe35067acecb459d48c267688af018)
[m[2m2026-05-31 16:41:15.019-0400[m[2m | [m[2mBftProcessorExecutor-QBFT-0[m[2m | [m[32mINFO [m[2m | [m[2mQbftBesuControllerBuilder[m[2m | [m[32mImported empty block #1,083 / 0 tx / 0 pending / 0 (0.0%) gas / (0x0820f25cfdaced3ef9bd4b39ddc46fa874ae9ef6be377799771344e71b4ab8f7)
[m[2m2026-05-31 16:41:17.013-0400[m[2m | [m[2mBftProcessorExecutor-QBFT-0[m[2m | [m[32mINFO [m[2m | [m[2mQbftBesuControllerBuilder[m[2m | [m[32mImported empty block #1,084 / 0 tx / 0 pending / 0 (0.0%) gas / (0xfe0f47707e78c93669d27210f1dfb5da8b81aef3fe827f08fcf741f10a9d9d31)
[m[2m2026-05-31 16:41:19.017-0400[m[2m | [m[2mBftProcessorExecutor-QBFT-0[m[2m | [m[32mINFO [m[2m | [m[2mQbftBesuControllerBuilder[m[2m | [m[32mProduced empty block #1,085 / 0 tx / 0 pending / 0 (0.0%) gas / (0xd87f14570c13720457ff26ae3268550607238da761fd8dfaeb2d0233623794f2)
[m[2m2026-05-31 16:41:21.033-0400[m[2m | [m[2mBftProcessorExecutor-QBFT-0[m[2m | [m[32mINFO [m[2m | [m[2mQbftBesuControllerBuilder[m[2m | [m[32mImported empty block #1,086 / 0 tx / 0 pending / 0 (0.0%) gas / (0x0cb7effeabb9b3bdf2bfad53fd31d3d784d600a72a8d5e82c8284f68afb7a537)
[m[2m2026-05-31 16:41:23.037-0400[m[2m | [m[2mBftProcessorExecutor-QBFT-0[m[2m | [m[32mINFO [m[2m | [m[2mQbftBesuControllerBuilder[m[2m | [m[32mImported empty block #1,087 / 0 tx / 0 pending / 0 (0.0%) gas / (0xbd49871e729bb238452f32a96e7d5ddeec8ffb70536b2e4d4dec1d42ca87f6f2)
[m[2m2026-05-31 16:41:25.029-0400[m[2m | [m[2mBftProcessorExecutor-QBFT-0[m[2m | [m[32mINFO [m[2m | [m[2mQbftBesuControllerBuilder[m[2m | [m[32mImported empty block #1,088 / 0 tx / 0 pending / 0 (0.0%) gas / (0xa61afa39807818b338a6064815584ec1a59bd18333451a43eeac349eee838b4b)
[m[2m2026-05-31 16:41:27.042-0400[m[2m | [m[2mBftProcessorExecutor-QBFT-0[m[2m | [m[32mINFO [m[2m | [m[2mQbftBesuControllerBuilder[m[2m | [m[32mProduced empty block #1,089 / 0 tx / 0 pending / 0 (0.0%) gas / (0xac013eebd1c3ed865da76165c878f670afec31591aca3433cbdead9e14ab24b1)
[m[2m2026-05-31 16:41:29.029-0400[m[2m | [m[2mBftProcessorExecutor-QBFT-0[m[2m | [m[32mINFO [m[2m | [m[2mQbftBesuControllerBuilder[m[2m | [m[32mImported empty block #1,090 / 0 tx / 0 pending / 0 (0.0%) gas / (0xadab192a9f85aae6a7cb514c2e818d66638f5d25d246a490e562a6a2b5fdfedd)
[m[2m2026-05-31 16:41:31.007-0400[m[2m | [m[2mBftProcessorExecutor-QBFT-0[m[2m | [m[32mINFO [m[2m | [m[2mQbftBesuControllerBuilder[m[2m | [m[32mImported empty block #1,091 / 0 tx / 0 pending / 0 (0.0%) gas / (0xf86193c4cfda3c65344d716e2ddfa329c5acbaec11e7128e12141b6e8d7cf788)
[m[2m2026-05-31 16:41:33.025-0400[m[2m | [m[2mBftProcessorExecutor-QBFT-0[m[2m | [m[32mINFO [m[2m | [m[2mQbftBesuControllerBuilder[m[2m | [m[32mImported empty block #1,092 / 0 tx / 0 pending / 0 (0.0%) gas / (0x806d143e66b49c2831054880857554ce79ea406a05b101d9bef08ae5f78b141c)
[m[2m2026-05-31 16:41:35.015-0400[m[2m | [m[2mBftProcessorExecutor-QBFT-0[m[2m | [m[32mINFO [m[2m | [m[2mQbftBesuControllerBuilder[m[2m | [m[32mProduced empty block #1,093 / 0 tx / 0 pending / 0 (0.0%) gas / (0x298fabb9d021b031a3434e8e1060799baeeb76fc062f71d6830e7f27dd7744a3)
[m[2m2026-05-31 16:41:37.011-0400[m[2m | [m[2mBftProcessorExecutor-QBFT-0[m[2m | [m[32mINFO [m[2m | [m[2mQbftBesuControllerBuilder[m[2m | [m[32mImported empty block #1,094 / 0 tx / 0 pending / 0 (0.0%) gas / (0xc139e5aa721b49bfd37fb54c5c79105b0eb7579ad1aa3d79a928ee122f8fbf17)
[m[2m2026-05-31 16:41:39.025-0400[m[2m | [m[2mBftProcessorExecutor-QBFT-0[m[2m | [m[32mINFO [m[2m | [m[2mQbftBesuControllerBuilder[m[2m | [m[32mImported empty block #1,095 / 0 tx / 0 pending / 0 (0.0%) gas / (0xb4c54ce135d858997deb889eb067a72b60a65368abff626201c5d5d3e8941fa1)
[m[2m2026-05-31 16:41:41.030-0400[m[2m | [m[2mBftProcessorExecutor-QBFT-0[m[2m | [m[32mINFO [m[2m | [m[2mQbftBesuControllerBuilder[m[2m | [m[32mImported empty block #1,096 / 0 tx / 0 pending / 0 (0.0%) gas / (0x08f56c0989d6ee69b5b69323eab49dabe8f4c30ece929c839561c6e23635b111)
[m[2m2026-05-31 16:41:43.032-0400[m[2m | [m[2mBftProcessorExecutor-QBFT-0[m[2m | [m[32mINFO [m[2m | [m[2mQbftBesuControllerBuilder[m[2m | [m[32mProduced empty block #1,097 / 0 tx / 0 pending / 0 (0.0%) gas / (0xe870a86cbc96fa92520df2aaf7918a4b5b9d7c3dfeb9152db1ad2379de75c2d6)
[m[2m2026-05-31 16:41:45.030-0400[m[2m | [m[2mBftProcessorExecutor-QBFT-0[m[2m | [m[32mINFO [m[2m | [m[2mQbftBesuControllerBuilder[m[2m | [m[32mImported empty block #1,098 / 0 tx / 0 pending / 0 (0.0%) gas / (0xf4ea886d02ade67e1ca3fd2ab8cbb861477fb8256450171258ae24c5d7af1e47)
[m[2m2026-05-31 16:41:47.041-0400[m[2m | [m[2mBftProcessorExecutor-QBFT-0[m[2m | [m[32mINFO [m[2m | [m[2mQbftBesuControllerBuilder[m[2m | [m[32mImported empty block #1,099 / 0 tx / 0 pending / 0 (0.0%) gas / (0x1022391ad0858d293a9f6ca6ae85961a9409ecb7b54bb6e491a22003749f7c6e)
[m[2m2026-05-31 16:41:49.032-0400[m[2m | [m[2mBftProcessorExecutor-QBFT-0[m[2m | [m[32mINFO [m[2m | [m[2mQbftBesuControllerBuilder[m[2m | [m[32mImported empty block #1,100 / 0 tx / 0 pending / 0 (0.0%) gas / (0x6a5d184a8f9cd408450afb975aa052b72df00155cccfaed366964896fe7a5ec7)
[m[2m2026-05-31 16:41:51.022-0400[m[2m | [m[2mBftProcessorExecutor-QBFT-0[m[2m | [m[32mINFO [m[2m | [m[2mQbftBesuControllerBuilder[m[2m | [m[32mProduced empty block #1,101 / 0 tx / 0 pending / 0 (0.0%) gas / (0x1dfb3fc548bb1653fac02635c701923b0092b0ffa76332fe5d67b870d3d29934)
[m[2m2026-05-31 16:41:53.030-0400[m[2m | [m[2mBftProcessorExecutor-QBFT-0[m[2m | [m[32mINFO [m[2m | [m[2mQbftBesuControllerBuilder[m[2m | [m[32mImported empty block #1,102 / 0 tx / 0 pending / 0 (0.0%) gas / (0xb195517e66c2efc7fe3a4b010248a7990a1e6360b3c46fbf8fb9be273fa63ec7)
[m[2m2026-05-31 16:41:55.026-0400[m[2m | [m[2mBftProcessorExecutor-QBFT-0[m[2m | [m[32mINFO [m[2m | [m[2mQbftBesuControllerBuilder[m[2m | [m[32mImported empty block #1,103 / 0 tx / 0 pending / 0 (0.0%) gas / (0xa197e8fec06b230d924562e946cdbeb2e3a80452631d4e9cbc94a7e8eb3dc245)
[m[2m2026-05-31 16:41:55.026-0400[m[2m | [m[2mEthScheduler-Workers-120[m[2m | [m[32mINFO [m[2m | [m[2mPersistBlockTask[m[2m | [m[32mBlock 1103 (0xa197e8fec06b230d924562e946cdbeb2e3a80452631d4e9cbc94a7e8eb3dc245) is already imported
[m[2m2026-05-31 16:41:57.028-0400[m[2m | [m[2mBftProcessorExecutor-QBFT-0[m[2m | [m[32mINFO [m[2m | [m[2mQbftBesuControllerBuilder[m[2m | [m[32mImported empty block #1,104 / 0 tx / 0 pending / 0 (0.0%) gas / (0xc3a82bb6475c6a95cef9d989f248e401463f64bf4998769f612511dfd758f79d)
[m[2m2026-05-31 16:41:59.029-0400[m[2m | [m[2mBftProcessorExecutor-QBFT-0[m[2m | [m[32mINFO [m[2m | [m[2mQbftBesuControllerBuilder[m[2m | [m[32mProduced empty block #1,105 / 0 tx / 0 pending / 0 (0.0%) gas / (0x9a45dd7c1d821c2c465ea5f9143ee598e62ad09f37d935aa4fbd1ae37834591c)
[m[2m2026-05-31 16:41:59.029-0400[m[2m | [m[2mEthScheduler-Workers-122[m[2m | [m[32mINFO [m[2m | [m[2mPersistBlockTask[m[2m | [m[32mBlock 1105 (0x9a45dd7c1d821c2c465ea5f9143ee598e62ad09f37d935aa4fbd1ae37834591c) is already imported
[m[2m2026-05-31 16:42:01.032-0400[m[2m | [m[2mBftProcessorExecutor-QBFT-0[m[2m | [m[32mINFO [m[2m | [m[2mQbftBesuControllerBuilder[m[2m | [m[32mImported empty block #1,106 / 0 tx / 0 pending / 0 (0.0%) gas / (0x7fb05c5e8a9feb83e18d08362ad9b230e082782ad8c8e6f358bcbe8cf8a2afec)
[m[2m2026-05-31 16:42:03.028-0400[m[2m | [m[2mBftProcessorExecutor-QBFT-0[m[2m | [m[32mINFO [m[2m | [m[2mQbftBesuControllerBuilder[m[2m | [m[32mImported empty block #1,107 / 0 tx / 0 pending / 0 (0.0%) gas / (0x6ae079e2dee0053cb195651f126970d86a554871251f8fc2cc6873c71d785b9b)
[m[2m2026-05-31 16:42:05.040-0400[m[2m | [m[2mBftProcessorExecutor-QBFT-0[m[2m | [m[32mINFO [m[2m | [m[2mQbftBesuControllerBuilder[m[2m | [m[32mImported empty block #1,108 / 0 tx / 0 pending / 0 (0.0%) gas / (0x0f64c45f01c4e31fe942a8b7c6fb613a8314437b4b83cfd1deba1c4afbd11b01)
[m[2m2026-05-31 16:42:07.027-0400[m[2m | [m[2mBftProcessorExecutor-QBFT-0[m[2m | [m[32mINFO [m[2m | [m[2mQbftBesuControllerBuilder[m[2m | [m[32mProduced empty block #1,109 / 0 tx / 0 pending / 0 (0.0%) gas / (0x41f56820df8c13b002ccf9a0091d47e55be643211d08f63deca4e7015ab0c2ad)
[m[2m2026-05-31 16:42:09.039-0400[m[2m | [m[2mBftProcessorExecutor-QBFT-0[m[2m | [m[32mINFO [m[2m | [m[2mQbftBesuControllerBuilder[m[2m | [m[32mImported empty block #1,110 / 0 tx / 0 pending / 0 (0.0%) gas / (0x03f4c8b898499d5c60e394d4e0a64c7726d24416ad702bbc1778730e5cd825a7)
[m[2m2026-05-31 16:42:11.026-0400[m[2m | [m[2mBftProcessorExecutor-QBFT-0[m[2m | [m[32mINFO [m[2m | [m[2mQbftBesuControllerBuilder[m[2m | [m[32mImported empty block #1,111 / 0 tx / 0 pending / 0 (0.0%) gas / (0x3a81d264b6e5d9d7d3054e3c1a05603069a4e09244fb13825989a319590cf1d6)
[m[2m2026-05-31 16:42:13.027-0400[m[2m | [m[2mBftProcessorExecutor-QBFT-0[m[2m | [m[32mINFO [m[2m | [m[2mQbftBesuControllerBuilder[m[2m | [m[32mImported empty block #1,112 / 0 tx / 0 pending / 0 (0.0%) gas / (0x5672698906bdf84904e78818626482f19fb429a3dc97d9cfe4b5c858158e62c0)
[m[2m2026-05-31 16:42:13.027-0400[m[2m | [m[2mEthScheduler-Workers-124[m[2m | [m[32mINFO [m[2m | [m[2mPersistBlockTask[m[2m | [m[32mBlock 1112 (0x5672698906bdf84904e78818626482f19fb429a3dc97d9cfe4b5c858158e62c0) is already imported
[m[2m2026-05-31 16:42:15.012-0400[m[2m | [m[2mBftProcessorExecutor-QBFT-0[m[2m | [m[32mINFO [m[2m | [m[2mQbftBesuControllerBuilder[m[2m | [m[32mProduced empty block #1,113 / 0 tx / 0 pending / 0 (0.0%) gas / (0xd9f0762ac4d428e976a5a773da4cc00952f2b2d5342df76b80f80f0f85591dda)
[m[2m2026-05-31 16:42:17.033-0400[m[2m | [m[2mBftProcessorExecutor-QBFT-0[m[2m | [m[32mINFO [m[2m | [m[2mQbftBesuControllerBuilder[m[2m | [m[32mImported empty block #1,114 / 0 tx / 0 pending / 0 (0.0%) gas / (0xf1a30e7bb5a9d4ba10c09a28dfa3f3e63245316e6e40d2b71f3fd40bf95fb0c3)
[m[2m2026-05-31 16:42:17.033-0400[m[2m | [m[2mEthScheduler-Workers-126[m[2m | [m[32mINFO [m[2m | [m[2mPersistBlockTask[m[2m | [m[32mBlock 1114 (0xf1a30e7bb5a9d4ba10c09a28dfa3f3e63245316e6e40d2b71f3fd40bf95fb0c3) is already imported
[m[2m2026-05-31 16:42:19.041-0400[m[2m | [m[2mBftProcessorExecutor-QBFT-0[m[2m | [m[32mINFO [m[2m | [m[2mQbftBesuControllerBuilder[m[2m | [m[32mImported empty block #1,115 / 0 tx / 0 pending / 0 (0.0%) gas / (0x53387ff2caf679e201e4ec806ec63b6aba31adc80ec1c79315c3209c0a06bd0d)
[m[2m2026-05-31 16:42:21.032-0400[m[2m | [m[2mBftProcessorExecutor-QBFT-0[m[2m | [m[32mINFO [m[2m | [m[2mQbftBesuControllerBuilder[m[2m | [m[32mImported empty block #1,116 / 0 tx / 0 pending / 0 (0.0%) gas / (0x2272add075d1dde24281b2d7b6b25b5b42428bde69d2b313c8df6a4c1ddcd390)
[m[2m2026-05-31 16:42:23.029-0400[m[2m | [m[2mBftProcessorExecutor-QBFT-0[m[2m | [m[32mINFO [m[2m | [m[2mQbftBesuControllerBuilder[m[2m | [m[32mProduced empty block #1,117 / 0 tx / 0 pending / 0 (0.0%) gas / (0xc3b74605b6e82cae24d98e74867a781beb193a91df31defb3162d99f03351f20)
[m[2m2026-05-31 16:42:25.027-0400[m[2m | [m[2mBftProcessorExecutor-QBFT-0[m[2m | [m[32mINFO [m[2m | [m[2mQbftBesuControllerBuilder[m[2m | [m[32mImported empty block #1,118 / 0 tx / 0 pending / 0 (0.0%) gas / (0xe294c32f4b2bf420eb944cdbcd33d86981eb08b44f6098717c9371c2073d892e)
[m[2m2026-05-31 16:42:27.028-0400[m[2m | [m[2mBftProcessorExecutor-QBFT-0[m[2m | [m[32mINFO [m[2m | [m[2mQbftBesuControllerBuilder[m[2m | [m[32mImported empty block #1,119 / 0 tx / 0 pending / 0 (0.0%) gas / (0x10213c5325a5a473d9bace74079a83444a6ff0163ef39c61517aac3a47bc9380)
[m[2m2026-05-31 16:42:29.030-0400[m[2m | [m[2mBftProcessorExecutor-QBFT-0[m[2m | [m[32mINFO [m[2m | [m[2mQbftBesuControllerBuilder[m[2m | [m[32mImported empty block #1,120 / 0 tx / 0 pending / 0 (0.0%) gas / (0xb6fb99b24cedba3d15cd9c073bca8eef2ec0cb72e4c090651225b6bc9d8b8bf0)
[m[2m2026-05-31 16:42:31.037-0400[m[2m | [m[2mBftProcessorExecutor-QBFT-0[m[2m | [m[32mINFO [m[2m | [m[2mQbftBesuControllerBuilder[m[2m | [m[32mProduced empty block #1,121 / 0 tx / 0 pending / 0 (0.0%) gas / (0xe6bb756fe9c15ab5407220ebd1c7d5721d92c35914f3159a3a778ebfa853a465)
[m[2m2026-05-31 16:42:33.035-0400[m[2m | [m[2mBftProcessorExecutor-QBFT-0[m[2m | [m[32mINFO [m[2m | [m[2mQbftBesuControllerBuilder[m[2m | [m[32mImported empty block #1,122 / 0 tx / 0 pending / 0 (0.0%) gas / (0x4761df84156faea3e89232bfeca5669a95c4f05ff42a64979a432788c82f863e)
[m[2m2026-05-31 16:42:35.028-0400[m[2m | [m[2mBftProcessorExecutor-QBFT-0[m[2m | [m[32mINFO [m[2m | [m[2mQbftBesuControllerBuilder[m[2m | [m[32mImported empty block #1,123 / 0 tx / 0 pending / 0 (0.0%) gas / (0x03491e27f47eb3391a57511958257c451ee514c9c0895d8ab41d3d20c83043d4)
[m[2m2026-05-31 16:42:37.031-0400[m[2m | [m[2mBftProcessorExecutor-QBFT-0[m[2m | [m[32mINFO [m[2m | [m[2mQbftBesuControllerBuilder[m[2m | [m[32mImported empty block #1,124 / 0 tx / 0 pending / 0 (0.0%) gas / (0x4138e84c0ed193790aaaa1cfde1304d4fba4496a70a27161a87f3b9a58560aa0)
[m[2m2026-05-31 16:42:39.038-0400[m[2m | [m[2mBftProcessorExecutor-QBFT-0[m[2m | [m[32mINFO [m[2m | [m[2mQbftBesuControllerBuilder[m[2m | [m[32mProduced empty block #1,125 / 0 tx / 0 pending / 0 (0.0%) gas / (0xfd4974b549f9fa421327f15e75de804938b656d4c93241d7ed94f3f56907721e)
[m[2m2026-05-31 16:42:41.018-0400[m[2m | [m[2mBftProcessorExecutor-QBFT-0[m[2m | [m[32mINFO [m[2m | [m[2mQbftBesuControllerBuilder[m[2m | [m[32mImported empty block #1,126 / 0 tx / 0 pending / 0 (0.0%) gas / (0x79483011f5cf399384c83ad12f98e252e8b0e97f3c077118e5d1be518faaf5a9)
[m[2m2026-05-31 16:42:43.035-0400[m[2m | [m[2mBftProcessorExecutor-QBFT-0[m[2m | [m[32mINFO [m[2m | [m[2mQbftBesuControllerBuilder[m[2m | [m[32mImported empty block #1,127 / 0 tx / 0 pending / 0 (0.0%) gas / (0x0aed3284ba11c8ced85dc4f2144d78b19d00bd967ed177a592c91591dcd1b456)
[m[2m2026-05-31 16:42:45.015-0400[m[2m | [m[2mBftProcessorExecutor-QBFT-0[m[2m | [m[32mINFO [m[2m | [m[2mQbftBesuControllerBuilder[m[2m | [m[32mImported empty block #1,128 / 0 tx / 0 pending / 0 (0.0%) gas / (0xdf6b9625fcba8b66a3bd6a2bf1517b32a6a7e7b2be13fa93629d2464963d3421)
[m[2m2026-05-31 16:42:47.037-0400[m[2m | [m[2mBftProcessorExecutor-QBFT-0[m[2m | [m[32mINFO [m[2m | [m[2mQbftBesuControllerBuilder[m[2m | [m[32mProduced empty block #1,129 / 0 tx / 0 pending / 0 (0.0%) gas / (0xfd1f4e51826618a6cdb42d0780a71184c1f4bd2d1a61c4a1be26726999900641)
[m[2m2026-05-31 16:42:49.026-0400[m[2m | [m[2mBftProcessorExecutor-QBFT-0[m[2m | [m[32mINFO [m[2m | [m[2mQbftBesuControllerBuilder[m[2m | [m[32mImported empty block #1,130 / 0 tx / 0 pending / 0 (0.0%) gas / (0x1733bd17a5ae29d23ecb668ea9e8924f1f4b8ca7af5c381ae5727d9e52cc207a)
[m[2m2026-05-31 16:42:51.027-0400[m[2m | [m[2mBftProcessorExecutor-QBFT-0[m[2m | [m[32mINFO [m[2m | [m[2mQbftBesuControllerBuilder[m[2m | [m[32mImported empty block #1,131 / 0 tx / 0 pending / 0 (0.0%) gas / (0xdbddd152f0c9c72c719bde71567acae95d0369877b24f597aa4bfeab971e61ba)
[m[2m2026-05-31 16:42:53.034-0400[m[2m | [m[2mBftProcessorExecutor-QBFT-0[m[2m | [m[32mINFO [m[2m | [m[2mQbftBesuControllerBuilder[m[2m | [m[32mImported empty block #1,132 / 0 tx / 0 pending / 0 (0.0%) gas / (0x57197d79ee13fc34c10c936730fae83823b1c52a2161acf7f6f94dbf860ca5ec)
[m[2m2026-05-31 16:42:55.031-0400[m[2m | [m[2mBftProcessorExecutor-QBFT-0[m[2m | [m[32mINFO [m[2m | [m[2mQbftBesuControllerBuilder[m[2m | [m[32mProduced empty block #1,133 / 0 tx / 0 pending / 0 (0.0%) gas / (0x6178d2ee01eeb19154d9e17ba766e95ca81eb7b0a13fb137e81491dc1a5f5a0d)
[m[2m2026-05-31 16:42:57.029-0400[m[2m | [m[2mBftProcessorExecutor-QBFT-0[m[2m | [m[32mINFO [m[2m | [m[2mQbftBesuControllerBuilder[m[2m | [m[32mImported empty block #1,134 / 0 tx / 0 pending / 0 (0.0%) gas / (0xa1bf2d510049da96901143bc7002aab614732d921be3f7a16e197d427b2358eb)
[m[2m2026-05-31 16:42:59.031-0400[m[2m | [m[2mBftProcessorExecutor-QBFT-0[m[2m | [m[32mINFO [m[2m | [m[2mQbftBesuControllerBuilder[m[2m | [m[32mImported empty block #1,135 / 0 tx / 0 pending / 0 (0.0%) gas / (0x376dc729d621e5987106bb644608c0d7b11a428b6538fd386b425cffc34cae34)
[m[2m2026-05-31 16:43:01.040-0400[m[2m | [m[2mBftProcessorExecutor-QBFT-0[m[2m | [m[32mINFO [m[2m | [m[2mQbftBesuControllerBuilder[m[2m | [m[32mImported empty block #1,136 / 0 tx / 0 pending / 0 (0.0%) gas / (0x0242ce501705cfe8c159ef5298d79e04ef715c3a6a25a6ef9a026c6bd6915235)
[m[2m2026-05-31 16:43:03.027-0400[m[2m | [m[2mBftProcessorExecutor-QBFT-0[m[2m | [m[32mINFO [m[2m | [m[2mQbftBesuControllerBuilder[m[2m | [m[32mProduced empty block #1,137 / 0 tx / 0 pending / 0 (0.0%) gas / (0x3f159752292f02c2521d823e8dc0df104f0523ccca3a2e247fec4858bd58ae4d)
[m[2m2026-05-31 16:43:05.028-0400[m[2m | [m[2mBftProcessorExecutor-QBFT-0[m[2m | [m[32mINFO [m[2m | [m[2mQbftBesuControllerBuilder[m[2m | [m[32mImported empty block #1,138 / 0 tx / 0 pending / 0 (0.0%) gas / (0xa50ec7f88402208fd13be171a1a06334323aa775c1f796d4347b2c4aeff8d425)
[m[2m2026-05-31 16:43:07.030-0400[m[2m | [m[2mBftProcessorExecutor-QBFT-0[m[2m | [m[32mINFO [m[2m | [m[2mQbftBesuControllerBuilder[m[2m | [m[32mImported empty block #1,139 / 0 tx / 0 pending / 0 (0.0%) gas / (0x67ed4b6f4c0881450795c9879284d975e14070563c3284ee0bab723a08725e63)
[m[2m2026-05-31 16:43:09.032-0400[m[2m | [m[2mBftProcessorExecutor-QBFT-0[m[2m | [m[32mINFO [m[2m | [m[2mQbftBesuControllerBuilder[m[2m | [m[32mImported empty block #1,140 / 0 tx / 0 pending / 0 (0.0%) gas / (0x5dc585e057a72480b1161fe81f732a8c610e20fce8fc38024631c5fb4525eb89)
[m[2m2026-05-31 16:43:11.022-0400[m[2m | [m[2mBftProcessorExecutor-QBFT-0[m[2m | [m[32mINFO [m[2m | [m[2mQbftBesuControllerBuilder[m[2m | [m[32mProduced empty block #1,141 / 0 tx / 0 pending / 0 (0.0%) gas / (0x85cb5355544816a5b9bc1c1d6a13fbc3698f05e028f5ddc11dace3f85cbfc425)
[m[2m2026-05-31 16:43:13.027-0400[m[2m | [m[2mBftProcessorExecutor-QBFT-0[m[2m | [m[32mINFO [m[2m | [m[2mQbftBesuControllerBuilder[m[2m | [m[32mImported empty block #1,142 / 0 tx / 0 pending / 0 (0.0%) gas / (0x1015d101d1247efe5d5bb4608f42bfa8430911a78ed258c42a34fe256f5f41bd)
[m[2m2026-05-31 16:43:15.031-0400[m[2m | [m[2mBftProcessorExecutor-QBFT-0[m[2m | [m[32mINFO [m[2m | [m[2mQbftBesuControllerBuilder[m[2m | [m[32mImported empty block #1,143 / 0 tx / 0 pending / 0 (0.0%) gas / (0x698b478a9ed163a28ab11ac0ecca5c072a921eb7f32888d3e396dd3eab03289e)
[m[2m2026-05-31 16:43:17.037-0400[m[2m | [m[2mBftProcessorExecutor-QBFT-0[m[2m | [m[32mINFO [m[2m | [m[2mQbftBesuControllerBuilder[m[2m | [m[32mImported empty block #1,144 / 0 tx / 0 pending / 0 (0.0%) gas / (0xb0a81d6421ceda7376d54a6c1963c4dbecb963bfaa5b72e98b1106e0c560a2be)
[m[2m2026-05-31 16:43:19.022-0400[m[2m | [m[2mBftProcessorExecutor-QBFT-0[m[2m | [m[32mINFO [m[2m | [m[2mQbftBesuControllerBuilder[m[2m | [m[32mProduced empty block #1,145 / 0 tx / 0 pending / 0 (0.0%) gas / (0x2cc83ba1ce6b9b7e74623a308df2b9cb597edd9778b46e2ad73c131247924e76)
[m[2m2026-05-31 16:43:21.034-0400[m[2m | [m[2mBftProcessorExecutor-QBFT-0[m[2m | [m[32mINFO [m[2m | [m[2mQbftBesuControllerBuilder[m[2m | [m[32mImported empty block #1,146 / 0 tx / 0 pending / 0 (0.0%) gas / (0x3bf4e4d7cce5009fc74c995f47b567f9489212df8fe1c3288c47ff541f9af942)
[m[2m2026-05-31 16:43:23.032-0400[m[2m | [m[2mBftProcessorExecutor-QBFT-0[m[2m | [m[32mINFO [m[2m | [m[2mQbftBesuControllerBuilder[m[2m | [m[32mImported empty block #1,147 / 0 tx / 0 pending / 0 (0.0%) gas / (0x8f269369617609a26628afaa252d84e3eeb43f31e939a2e81733e3dda80e82de)
[m[2m2026-05-31 16:43:25.028-0400[m[2m | [m[2mBftProcessorExecutor-QBFT-0[m[2m | [m[32mINFO [m[2m | [m[2mQbftBesuControllerBuilder[m[2m | [m[32mImported empty block #1,148 / 0 tx / 0 pending / 0 (0.0%) gas / (0x2fbcba97eab848b63929a4f40357236d4854df196aed42d649230c81b1d47ee4)
[m[2m2026-05-31 16:43:27.026-0400[m[2m | [m[2mBftProcessorExecutor-QBFT-0[m[2m | [m[32mINFO [m[2m | [m[2mQbftBesuControllerBuilder[m[2m | [m[32mProduced empty block #1,149 / 0 tx / 0 pending / 0 (0.0%) gas / (0x5559782f2945468bcb0780df9aeb9e6de9352c6e99c7a38d9997dccf028d16d8)
[m[2m2026-05-31 16:43:29.027-0400[m[2m | [m[2mBftProcessorExecutor-QBFT-0[m[2m | [m[32mINFO [m[2m | [m[2mQbftBesuControllerBuilder[m[2m | [m[32mImported empty block #1,150 / 0 tx / 0 pending / 0 (0.0%) gas / (0xb4d4578da98627af4c6e114deeddc107d2f308021a5720591876e6bf50c06760)
[m[2m2026-05-31 16:43:31.025-0400[m[2m | [m[2mBftProcessorExecutor-QBFT-0[m[2m | [m[32mINFO [m[2m | [m[2mQbftBesuControllerBuilder[m[2m | [m[32mImported empty block #1,151 / 0 tx / 0 pending / 0 (0.0%) gas / (0x45b3a6c9bec00b5334d5ac35d0e26b2f3f74f1e1a7bdce966dd343f3e46f0f70)
[m[2m2026-05-31 16:43:33.034-0400[m[2m | [m[2mBftProcessorExecutor-QBFT-0[m[2m | [m[32mINFO [m[2m | [m[2mQbftBesuControllerBuilder[m[2m | [m[32mImported empty block #1,152 / 0 tx / 0 pending / 0 (0.0%) gas / (0x9e4e9dc8ca465d499eee1d03708c78cd103b54de4e33552d10c7d98f40350cf3)
[m[2m2026-05-31 16:43:33.034-0400[m[2m | [m[2mEthScheduler-Workers-128[m[2m | [m[32mINFO [m[2m | [m[2mPersistBlockTask[m[2m | [m[32mBlock 1152 (0x9e4e9dc8ca465d499eee1d03708c78cd103b54de4e33552d10c7d98f40350cf3) is already imported
[m[2m2026-05-31 16:43:35.029-0400[m[2m | [m[2mBftProcessorExecutor-QBFT-0[m[2m | [m[32mINFO [m[2m | [m[2mQbftBesuControllerBuilder[m[2m | [m[32mProduced empty block #1,153 / 0 tx / 0 pending / 0 (0.0%) gas / (0xfb5bd6f47b9196602389c51e6e7f64eeb4c385a7faee3c107552cc1aaabf8fac)
[m[2m2026-05-31 16:43:35.029-0400[m[2m | [m[2mEthScheduler-Workers-130[m[2m | [m[32mINFO [m[2m | [m[2mPersistBlockTask[m[2m | [m[32mBlock 1153 (0xfb5bd6f47b9196602389c51e6e7f64eeb4c385a7faee3c107552cc1aaabf8fac) is already imported
[m[2m2026-05-31 16:43:37.014-0400[m[2m | [m[2mBftProcessorExecutor-QBFT-0[m[2m | [m[32mINFO [m[2m | [m[2mQbftBesuControllerBuilder[m[2m | [m[32mImported empty block #1,154 / 0 tx / 0 pending / 0 (0.0%) gas / (0xc7c9ff4fa05b42b41f8ad138f50732ae47a7edd9d654ab58c2420f6e480c597e)
[m[2m2026-05-31 16:43:39.024-0400[m[2m | [m[2mBftProcessorExecutor-QBFT-0[m[2m | [m[32mINFO [m[2m | [m[2mQbftBesuControllerBuilder[m[2m | [m[32mImported empty block #1,155 / 0 tx / 0 pending / 0 (0.0%) gas / (0x4133ea953cc3524862b7109cb6ac1cc0fd3e8abee584dabd3815c8ef04cbebab)
[m[2m2026-05-31 16:43:41.027-0400[m[2m | [m[2mBftProcessorExecutor-QBFT-0[m[2m | [m[32mINFO [m[2m | [m[2mQbftBesuControllerBuilder[m[2m | [m[32mImported empty block #1,156 / 0 tx / 0 pending / 0 (0.0%) gas / (0xfeeb59e879fbd40183492034a8794d66b0c2f94badcff83c621cd6fab99cec38)
[m[2m2026-05-31 16:43:43.024-0400[m[2m | [m[2mBftProcessorExecutor-QBFT-0[m[2m | [m[32mINFO [m[2m | [m[2mQbftBesuControllerBuilder[m[2m | [m[32mProduced empty block #1,157 / 0 tx / 0 pending / 0 (0.0%) gas / (0xf39cc280a4f11ab97a24f1a0ea4e959661024241af91f66a18ad74585370f1e8)
[m[2m2026-05-31 16:43:45.027-0400[m[2m | [m[2mBftProcessorExecutor-QBFT-0[m[2m | [m[32mINFO [m[2m | [m[2mQbftBesuControllerBuilder[m[2m | [m[32mImported empty block #1,158 / 0 tx / 0 pending / 0 (0.0%) gas / (0xdcce0feaa78a7706c0aff950e77d115fa5ca5756bda19f4de15ab190559b3d5f)
[m[2m2026-05-31 16:43:47.023-0400[m[2m | [m[2mBftProcessorExecutor-QBFT-0[m[2m | [m[32mINFO [m[2m | [m[2mQbftBesuControllerBuilder[m[2m | [m[32mImported empty block #1,159 / 0 tx / 0 pending / 0 (0.0%) gas / (0xaf6146e8bf806d67de59f656b5b6157ff996a5bcc5aa05db9cc19426540fabe5)
[m[2m2026-05-31 16:43:49.021-0400[m[2m | [m[2mBftProcessorExecutor-QBFT-0[m[2m | [m[32mINFO [m[2m | [m[2mQbftBesuControllerBuilder[m[2m | [m[32mImported empty block #1,160 / 0 tx / 0 pending / 0 (0.0%) gas / (0x5256164f9c94c69d0a5f1ab118168e9621ec5a14b0103f5442edb58b7089a00c)
[m[2m2026-05-31 16:43:51.036-0400[m[2m | [m[2mBftProcessorExecutor-QBFT-0[m[2m | [m[32mINFO [m[2m | [m[2mQbftBesuControllerBuilder[m[2m | [m[32mProduced empty block #1,161 / 0 tx / 0 pending / 0 (0.0%) gas / (0x3081be325cc843608757c9d3dd179823505575a274ce83f3faac00493bd41638)
[m[2m2026-05-31 16:43:53.031-0400[m[2m | [m[2mBftProcessorExecutor-QBFT-0[m[2m | [m[32mINFO [m[2m | [m[2mQbftBesuControllerBuilder[m[2m | [m[32mImported empty block #1,162 / 0 tx / 0 pending / 0 (0.0%) gas / (0x9dda9b4efb9b4a5c85efcf655e36232f42ab9c0d4ef7a62f8bf8106cfbe5f0ef)
[m[2m2026-05-31 16:43:55.025-0400[m[2m | [m[2mBftProcessorExecutor-QBFT-0[m[2m | [m[32mINFO [m[2m | [m[2mQbftBesuControllerBuilder[m[2m | [m[32mImported empty block #1,163 / 0 tx / 0 pending / 0 (0.0%) gas / (0xa0a70cb031d45ed869acc9f9ac9e2ab02092277ba2d673fa1449b70f797ae99c)
[m[2m2026-05-31 16:43:55.025-0400[m[2m | [m[2mEthScheduler-Workers-132[m[2m | [m[32mINFO [m[2m | [m[2mPersistBlockTask[m[2m | [m[32mBlock 1163 (0xa0a70cb031d45ed869acc9f9ac9e2ab02092277ba2d673fa1449b70f797ae99c) is already imported
[m[2m2026-05-31 16:43:57.008-0400[m[2m | [m[2mBftProcessorExecutor-QBFT-0[m[2m | [m[32mINFO [m[2m | [m[2mQbftBesuControllerBuilder[m[2m | [m[32mImported empty block #1,164 / 0 tx / 0 pending / 0 (0.0%) gas / (0x7538661ca3b245bad2310d75670ec318723e488c78b5db0d94f17e59abfd29eb)
[m[2m2026-05-31 16:43:59.031-0400[m[2m | [m[2mBftProcessorExecutor-QBFT-0[m[2m | [m[32mINFO [m[2m | [m[2mQbftBesuControllerBuilder[m[2m | [m[32mProduced empty block #1,165 / 0 tx / 0 pending / 0 (0.0%) gas / (0xdf10fbc56a285d439e5eb73980ba351ee4f5c7101131e16adf360efe2de567e3)
[m[2m2026-05-31 16:44:01.034-0400[m[2m | [m[2mBftProcessorExecutor-QBFT-0[m[2m | [m[32mINFO [m[2m | [m[2mQbftBesuControllerBuilder[m[2m | [m[32mImported empty block #1,166 / 0 tx / 0 pending / 0 (0.0%) gas / (0x92a6056bb2dbe3e8d5a9d51240af17199122e7d969d7ed8f2ce3d294b888d353)
[m[2m2026-05-31 16:44:03.029-0400[m[2m | [m[2mBftProcessorExecutor-QBFT-0[m[2m | [m[32mINFO [m[2m | [m[2mQbftBesuControllerBuilder[m[2m | [m[32mImported empty block #1,167 / 0 tx / 0 pending / 0 (0.0%) gas / (0x47c6090b3923e1f470c15d05111a9ef8e5c8a537a079419ceb318b954cf3c751)
[m[2m2026-05-31 16:44:05.027-0400[m[2m | [m[2mBftProcessorExecutor-QBFT-0[m[2m | [m[32mINFO [m[2m | [m[2mQbftBesuControllerBuilder[m[2m | [m[32mImported empty block #1,168 / 0 tx / 0 pending / 0 (0.0%) gas / (0xdc437cf3aad69cb3f4be19fae5e303b287d6885b25af9721206df82e55bf9af2)
[m[2m2026-05-31 16:44:07.010-0400[m[2m | [m[2mBftProcessorExecutor-QBFT-0[m[2m | [m[32mINFO [m[2m | [m[2mQbftBesuControllerBuilder[m[2m | [m[32mProduced empty block #1,169 / 0 tx / 0 pending / 0 (0.0%) gas / (0xbd566fc70a3fb0dc25fc96b760343b22fcec2928eb226f4fc3361a7ccdee0158)
[m[2m2026-05-31 16:44:09.031-0400[m[2m | [m[2mBftProcessorExecutor-QBFT-0[m[2m | [m[32mINFO [m[2m | [m[2mQbftBesuControllerBuilder[m[2m | [m[32mImported empty block #1,170 / 0 tx / 0 pending / 0 (0.0%) gas / (0x010883de8df6158f1713ace1243bc5956268c02db9c216c5214bc2a86ecf503a)
[m[2m2026-05-31 16:44:11.027-0400[m[2m | [m[2mBftProcessorExecutor-QBFT-0[m[2m | [m[32mINFO [m[2m | [m[2mQbftBesuControllerBuilder[m[2m | [m[32mImported empty block #1,171 / 0 tx / 0 pending / 0 (0.0%) gas / (0x704bd0eb0160cf5baf4ccfbcba497ea3a468d8807647f9cc243cab4a68b219dd)
[m[2m2026-05-31 16:44:13.027-0400[m[2m | [m[2mBftProcessorExecutor-QBFT-0[m[2m | [m[32mINFO [m[2m | [m[2mQbftBesuControllerBuilder[m[2m | [m[32mImported empty block #1,172 / 0 tx / 0 pending / 0 (0.0%) gas / (0x9b8fc6e68ba01bdde907eb76426e257ba9eea4471f4b486be808aee821ba467b)
[m[2m2026-05-31 16:44:15.027-0400[m[2m | [m[2mBftProcessorExecutor-QBFT-0[m[2m | [m[32mINFO [m[2m | [m[2mQbftBesuControllerBuilder[m[2m | [m[32mProduced empty block #1,173 / 0 tx / 0 pending / 0 (0.0%) gas / (0x3dcaec218387c53ad0d4713da68352a6f22d6d20b239203469b153273df2b498)
[m[2m2026-05-31 16:44:17.023-0400[m[2m | [m[2mBftProcessorExecutor-QBFT-0[m[2m | [m[32mINFO [m[2m | [m[2mQbftBesuControllerBuilder[m[2m | [m[32mImported empty block #1,174 / 0 tx / 0 pending / 0 (0.0%) gas / (0x72607c7797f822b19e79e9c56dad4af7c461f35fc2c1af1a8006ab2c1ea82d21)
[m[2m2026-05-31 16:44:19.032-0400[m[2m | [m[2mBftProcessorExecutor-QBFT-0[m[2m | [m[32mINFO [m[2m | [m[2mQbftBesuControllerBuilder[m[2m | [m[32mImported empty block #1,175 / 0 tx / 0 pending / 0 (0.0%) gas / (0x2acbb24604b8ad6e02633e9f0465341073607d384f8daba5d6a6f34d61292de9)
[m[2m2026-05-31 16:44:21.028-0400[m[2m | [m[2mBftProcessorExecutor-QBFT-0[m[2m | [m[32mINFO [m[2m | [m[2mQbftBesuControllerBuilder[m[2m | [m[32mImported empty block #1,176 / 0 tx / 0 pending / 0 (0.0%) gas / (0xff809df6406fad634acd5685b804a0a639538c69a48aedb0e58aa2578e873f64)
[m[2m2026-05-31 16:44:23.040-0400[m[2m | [m[2mBftProcessorExecutor-QBFT-0[m[2m | [m[32mINFO [m[2m | [m[2mQbftBesuControllerBuilder[m[2m | [m[32mProduced empty block #1,177 / 0 tx / 0 pending / 0 (0.0%) gas / (0x722c7c4f6b70873b1b947be4ab8db162b52b3cd9dbf05794796a76ee8c0d0444)
[m[2m2026-05-31 16:44:25.027-0400[m[2m | [m[2mBftProcessorExecutor-QBFT-0[m[2m | [m[32mINFO [m[2m | [m[2mQbftBesuControllerBuilder[m[2m | [m[32mImported empty block #1,178 / 0 tx / 0 pending / 0 (0.0%) gas / (0x034f650b848bc03e7b3c97675aa04fa1f18cee2c8bd1f6978c5659a41f3e5f76)
[m[2m2026-05-31 16:44:27.021-0400[m[2m | [m[2mBftProcessorExecutor-QBFT-0[m[2m | [m[32mINFO [m[2m | [m[2mQbftBesuControllerBuilder[m[2m | [m[32mImported empty block #1,179 / 0 tx / 0 pending / 0 (0.0%) gas / (0xb62d263d134574702c201e5c9b930b02160944c0e5eaf11b9e4bacc140f4b524)
[m[2m2026-05-31 16:44:29.024-0400[m[2m | [m[2mBftProcessorExecutor-QBFT-0[m[2m | [m[32mINFO [m[2m | [m[2mQbftBesuControllerBuilder[m[2m | [m[32mImported empty block #1,180 / 0 tx / 0 pending / 0 (0.0%) gas / (0x70ea7100ac00753e869fc91f059382c8827706fb7b3a0f8e1b8e678d1bb5c2b9)
[m[2m2026-05-31 16:44:31.026-0400[m[2m | [m[2mBftProcessorExecutor-QBFT-0[m[2m | [m[32mINFO [m[2m | [m[2mQbftBesuControllerBuilder[m[2m | [m[32mProduced empty block #1,181 / 0 tx / 0 pending / 0 (0.0%) gas / (0x239acdd83291ff0f3cdb32339e9de6ec10f9a7c83ea1232c44f56d2fe15dc289)
[m[2m2026-05-31 16:44:33.028-0400[m[2m | [m[2mBftProcessorExecutor-QBFT-0[m[2m | [m[32mINFO [m[2m | [m[2mQbftBesuControllerBuilder[m[2m | [m[32mImported empty block #1,182 / 0 tx / 0 pending / 0 (0.0%) gas / (0x2048abfb1c9fd7ef0bdedc808f2b2a99aebd3d46098343bc5c3bafe2d69dc052)
[m[2m2026-05-31 16:44:35.031-0400[m[2m | [m[2mBftProcessorExecutor-QBFT-0[m[2m | [m[32mINFO [m[2m | [m[2mQbftBesuControllerBuilder[m[2m | [m[32mImported empty block #1,183 / 0 tx / 0 pending / 0 (0.0%) gas / (0xc9bff79d693d1ce684dd49b1d9bca2c90f9cfab547ca1d48ee35ec3c369e203c)
[m[2m2026-05-31 16:44:37.029-0400[m[2m | [m[2mBftProcessorExecutor-QBFT-0[m[2m | [m[32mINFO [m[2m | [m[2mQbftBesuControllerBuilder[m[2m | [m[32mImported empty block #1,184 / 0 tx / 0 pending / 0 (0.0%) gas / (0x17389a2698d5ed67349571093b2d13e9e5960bf8fbd3c5b8a7b43f9dd7bdc2ec)
[m[2m2026-05-31 16:44:39.015-0400[m[2m | [m[2mBftProcessorExecutor-QBFT-0[m[2m | [m[32mINFO [m[2m | [m[2mQbftBesuControllerBuilder[m[2m | [m[32mProduced empty block #1,185 / 0 tx / 0 pending / 0 (0.0%) gas / (0x401d799667bcc4b9d3e86454116c108b947432e4a87df85c6faa5bf78ce86d08)
[m[2m2026-05-31 16:44:41.022-0400[m[2m | [m[2mBftProcessorExecutor-QBFT-0[m[2m | [m[32mINFO [m[2m | [m[2mQbftBesuControllerBuilder[m[2m | [m[32mImported empty block #1,186 / 0 tx / 0 pending / 0 (0.0%) gas / (0x8f3faf2d61d292c7d80a99dbd1330ca1efc27b2897dd14c0047da6e2780571c8)
[m[2m2026-05-31 16:44:43.042-0400[m[2m | [m[2mBftProcessorExecutor-QBFT-0[m[2m | [m[32mINFO [m[2m | [m[2mQbftBesuControllerBuilder[m[2m | [m[32mImported empty block #1,187 / 0 tx / 0 pending / 0 (0.0%) gas / (0x99ea28e889239b159796ab0045cc7c26c9feb3fa89d27c4e947ed0a732f9ecdf)
[m[2m2026-05-31 16:44:45.025-0400[m[2m | [m[2mBftProcessorExecutor-QBFT-0[m[2m | [m[32mINFO [m[2m | [m[2mQbftBesuControllerBuilder[m[2m | [m[32mImported empty block #1,188 / 0 tx / 0 pending / 0 (0.0%) gas / (0xbc567c52d43facf191766fe6805ad43bf2840e8e1b79b54cc4b588143a133956)
[m[2m2026-05-31 16:44:47.046-0400[m[2m | [m[2mBftProcessorExecutor-QBFT-0[m[2m | [m[32mINFO [m[2m | [m[2mQbftBesuControllerBuilder[m[2m | [m[32mProduced empty block #1,189 / 0 tx / 0 pending / 0 (0.0%) gas / (0xf6aeb91c9d236f5085d4a894f2a10b889afe3e66ed0da4fbafc2949e297bd909)
[m[2m2026-05-31 16:44:49.032-0400[m[2m | [m[2mBftProcessorExecutor-QBFT-0[m[2m | [m[32mINFO [m[2m | [m[2mQbftBesuControllerBuilder[m[2m | [m[32mImported empty block #1,190 / 0 tx / 0 pending / 0 (0.0%) gas / (0x1e9ad4f11854831cfa637292e5670dd6a30bca8e4aac5230149238fae8d82476)
[m[2m2026-05-31 16:44:51.037-0400[m[2m | [m[2mBftProcessorExecutor-QBFT-0[m[2m | [m[32mINFO [m[2m | [m[2mQbftBesuControllerBuilder[m[2m | [m[32mImported empty block #1,191 / 0 tx / 0 pending / 0 (0.0%) gas / (0x4417127746383a7694eb85c4219ac5486c3dc45843c58964d209adb08251160b)
[m[2m2026-05-31 16:44:53.028-0400[m[2m | [m[2mBftProcessorExecutor-QBFT-0[m[2m | [m[32mINFO [m[2m | [m[2mQbftBesuControllerBuilder[m[2m | [m[32mImported empty block #1,192 / 0 tx / 0 pending / 0 (0.0%) gas / (0x8ef100897e5ea9b4b7884bcffad7ac4e54dd43326f47bf774acaf4b194a286a9)
[m[2m2026-05-31 16:44:55.027-0400[m[2m | [m[2mBftProcessorExecutor-QBFT-0[m[2m | [m[32mINFO [m[2m | [m[2mQbftBesuControllerBuilder[m[2m | [m[32mProduced empty block #1,193 / 0 tx / 0 pending / 0 (0.0%) gas / (0x2040a2246efced05c415f8dce10dbd12ff2817cb445731b761f8bcf06baab263)
[m[2m2026-05-31 16:44:57.030-0400[m[2m | [m[2mBftProcessorExecutor-QBFT-0[m[2m | [m[32mINFO [m[2m | [m[2mQbftBesuControllerBuilder[m[2m | [m[32mImported empty block #1,194 / 0 tx / 0 pending / 0 (0.0%) gas / (0x40406f2979f6bf658fbcd95d987f1f782a039554bb94e3ef7235652f781e80a8)
[m[2m2026-05-31 16:44:59.035-0400[m[2m | [m[2mBftProcessorExecutor-QBFT-0[m[2m | [m[32mINFO [m[2m | [m[2mQbftBesuControllerBuilder[m[2m | [m[32mImported empty block #1,195 / 0 tx / 0 pending / 0 (0.0%) gas / (0x84c4786cb79d55f5db9785cc6bd2c733c952653e16e832a54f694ec372791433)
[m[2m2026-05-31 16:45:01.024-0400[m[2m | [m[2mBftProcessorExecutor-QBFT-0[m[2m | [m[32mINFO [m[2m | [m[2mQbftBesuControllerBuilder[m[2m | [m[32mImported empty block #1,196 / 0 tx / 0 pending / 0 (0.0%) gas / (0x2e705fc17d0ddb6525bff6f9dbec1ae99bd76f86fef2264dce76daf6964f5c2b)
[m[2m2026-05-31 16:45:01.025-0400[m[2m | [m[2mEthScheduler-Workers-134[m[2m | [m[32mINFO [m[2m | [m[2mPersistBlockTask[m[2m | [m[32mBlock 1196 (0x2e705fc17d0ddb6525bff6f9dbec1ae99bd76f86fef2264dce76daf6964f5c2b) is already imported
[m[2m2026-05-31 16:45:03.032-0400[m[2m | [m[2mBftProcessorExecutor-QBFT-0[m[2m | [m[32mINFO [m[2m | [m[2mQbftBesuControllerBuilder[m[2m | [m[32mProduced empty block #1,197 / 0 tx / 0 pending / 0 (0.0%) gas / (0x6895484feec558230e7b48aeb90a5108888f6fb71dff23f5e9cdfccb39128784)
[m[2m2026-05-31 16:45:05.029-0400[m[2m | [m[2mBftProcessorExecutor-QBFT-0[m[2m | [m[32mINFO [m[2m | [m[2mQbftBesuControllerBuilder[m[2m | [m[32mImported empty block #1,198 / 0 tx / 0 pending / 0 (0.0%) gas / (0xed0a876c2cb6b9e4d16be13a04bb74c9787c05f310c9d3a76a55e42aae235673)
[m[2m2026-05-31 16:45:07.025-0400[m[2m | [m[2mBftProcessorExecutor-QBFT-0[m[2m | [m[32mINFO [m[2m | [m[2mQbftBesuControllerBuilder[m[2m | [m[32mImported empty block #1,199 / 0 tx / 0 pending / 0 (0.0%) gas / (0x1d31ed3bdea4d3d8ad25eb9611e67d5421f63bb904badf9ddc46946ba2361d9f)
[m[2m2026-05-31 16:45:09.028-0400[m[2m | [m[2mBftProcessorExecutor-QBFT-0[m[2m | [m[32mINFO [m[2m | [m[2mQbftBesuControllerBuilder[m[2m | [m[32mImported empty block #1,200 / 0 tx / 0 pending / 0 (0.0%) gas / (0xa3727ed8b5cc4faaf678be557448696c8f9b7c70dfe92355373515d49b8753b1)
[m[2m2026-05-31 16:45:11.030-0400[m[2m | [m[2mBftProcessorExecutor-QBFT-0[m[2m | [m[32mINFO [m[2m | [m[2mQbftBesuControllerBuilder[m[2m | [m[32mProduced empty block #1,201 / 0 tx / 0 pending / 0 (0.0%) gas / (0x05ca40812a71da4e484761f67668cbbffa1473ab824ea66173b9662ca06d3ef5)
[m[2m2026-05-31 16:45:13.029-0400[m[2m | [m[2mBftProcessorExecutor-QBFT-0[m[2m | [m[32mINFO [m[2m | [m[2mQbftBesuControllerBuilder[m[2m | [m[32mImported empty block #1,202 / 0 tx / 0 pending / 0 (0.0%) gas / (0xb6101dfb0ee97e096dd8e3d9801c5c3b325287807b640b35bcb79d2535d8cb7f)
[m[2m2026-05-31 16:45:15.022-0400[m[2m | [m[2mBftProcessorExecutor-QBFT-0[m[2m | [m[32mINFO [m[2m | [m[2mQbftBesuControllerBuilder[m[2m | [m[32mImported empty block #1,203 / 0 tx / 0 pending / 0 (0.0%) gas / (0x2ff89e7124d73556757704f081578cd92d865c0f93cdd5f2cbb077af8c419eb5)
[m[2m2026-05-31 16:45:17.038-0400[m[2m | [m[2mBftProcessorExecutor-QBFT-0[m[2m | [m[32mINFO [m[2m | [m[2mQbftBesuControllerBuilder[m[2m | [m[32mImported empty block #1,204 / 0 tx / 0 pending / 0 (0.0%) gas / (0x75630dc6a4d787b4fdc28b78eb54333cb487ed52b990743184ede210c778a1d8)
[m[2m2026-05-31 16:45:19.020-0400[m[2m | [m[2mBftProcessorExecutor-QBFT-0[m[2m | [m[32mINFO [m[2m | [m[2mQbftBesuControllerBuilder[m[2m | [m[32mProduced empty block #1,205 / 0 tx / 0 pending / 0 (0.0%) gas / (0xc90b6eb089f4a90f18b186d1f59e60838d6fdc79d4a04fff69aaa15bf94d7d3f)
[m[2m2026-05-31 16:45:21.033-0400[m[2m | [m[2mBftProcessorExecutor-QBFT-0[m[2m | [m[32mINFO [m[2m | [m[2mQbftBesuControllerBuilder[m[2m | [m[32mImported empty block #1,206 / 0 tx / 0 pending / 0 (0.0%) gas / (0x8af9a2e2114a50dcc631cedd3a644400e8bc3dd0b889f301f76ddf8e68c7b42b)
[m[2m2026-05-31 16:45:23.025-0400[m[2m | [m[2mBftProcessorExecutor-QBFT-0[m[2m | [m[32mINFO [m[2m | [m[2mQbftBesuControllerBuilder[m[2m | [m[32mImported empty block #1,207 / 0 tx / 0 pending / 0 (0.0%) gas / (0x89972c750d6b498b4674dc7221abaab34c6e974909337e6e613f972e12ad4646)
[m[2m2026-05-31 16:45:25.021-0400[m[2m | [m[2mBftProcessorExecutor-QBFT-0[m[2m | [m[32mINFO [m[2m | [m[2mQbftBesuControllerBuilder[m[2m | [m[32mImported empty block #1,208 / 0 tx / 0 pending / 0 (0.0%) gas / (0x17fd7fe72b193d0714b7f0ee6c89504dc3ae218c68d6034819d0629d175757b3)
[m[2m2026-05-31 16:45:27.025-0400[m[2m | [m[2mBftProcessorExecutor-QBFT-0[m[2m | [m[32mINFO [m[2m | [m[2mQbftBesuControllerBuilder[m[2m | [m[32mProduced empty block #1,209 / 0 tx / 0 pending / 0 (0.0%) gas / (0x62adae2dc6098d68c45d263be541f4570d193c9ebdc83e12d6818705bfc859ff)
[m[2m2026-05-31 16:45:29.034-0400[m[2m | [m[2mBftProcessorExecutor-QBFT-0[m[2m | [m[32mINFO [m[2m | [m[2mQbftBesuControllerBuilder[m[2m | [m[32mImported empty block #1,210 / 0 tx / 0 pending / 0 (0.0%) gas / (0x005c028f24d45a04a1783add83870ef3798094790e4a068e2531bc2095dc5baf)
[m[2m2026-05-31 16:45:31.025-0400[m[2m | [m[2mBftProcessorExecutor-QBFT-0[m[2m | [m[32mINFO [m[2m | [m[2mQbftBesuControllerBuilder[m[2m | [m[32mImported empty block #1,211 / 0 tx / 0 pending / 0 (0.0%) gas / (0xa2f89ee2c7ec868a0e06736185dce3db4f78fb1b159d01e346c200743dde2e95)
[m[2m2026-05-31 16:45:33.037-0400[m[2m | [m[2mBftProcessorExecutor-QBFT-0[m[2m | [m[32mINFO [m[2m | [m[2mQbftBesuControllerBuilder[m[2m | [m[32mImported empty block #1,212 / 0 tx / 0 pending / 0 (0.0%) gas / (0xf59a2e2330b84dacfdb0ec4107a5cba8cb1101b51879b4319fa70a67ce01e383)
[m[2m2026-05-31 16:45:35.034-0400[m[2m | [m[2mBftProcessorExecutor-QBFT-0[m[2m | [m[32mINFO [m[2m | [m[2mQbftBesuControllerBuilder[m[2m | [m[32mProduced empty block #1,213 / 0 tx / 0 pending / 0 (0.0%) gas / (0xdfd7500989291604534f84a385af78318972fd2a9695ff8a6bdfd24e10e20a7f)
[m[2m2026-05-31 16:45:37.031-0400[m[2m | [m[2mBftProcessorExecutor-QBFT-0[m[2m | [m[32mINFO [m[2m | [m[2mQbftBesuControllerBuilder[m[2m | [m[32mImported empty block #1,214 / 0 tx / 0 pending / 0 (0.0%) gas / (0x00aaa9b710db49954d6dbec9a480deb86707bc7b6601d83b3850021a23e7f9d5)
[m[2m2026-05-31 16:45:37.031-0400[m[2m | [m[2mEthScheduler-Workers-136[m[2m | [m[32mINFO [m[2m | [m[2mPersistBlockTask[m[2m | [m[32mBlock 1214 (0x00aaa9b710db49954d6dbec9a480deb86707bc7b6601d83b3850021a23e7f9d5) is already imported
[m[2m2026-05-31 16:45:39.024-0400[m[2m | [m[2mBftProcessorExecutor-QBFT-0[m[2m | [m[32mINFO [m[2m | [m[2mQbftBesuControllerBuilder[m[2m | [m[32mImported empty block #1,215 / 0 tx / 0 pending / 0 (0.0%) gas / (0xcb985b0e95a1348a63ec74edcad410e80e658b5337c22c7b5520962633bfbf23)
[m[2m2026-05-31 16:45:41.027-0400[m[2m | [m[2mBftProcessorExecutor-QBFT-0[m[2m | [m[32mINFO [m[2m | [m[2mQbftBesuControllerBuilder[m[2m | [m[32mImported empty block #1,216 / 0 tx / 0 pending / 0 (0.0%) gas / (0x4531a5ecb2eca55a610575acf7e687659a52c938b25bf88e6b4e845fbb159e79)
[m[2m2026-05-31 16:45:43.026-0400[m[2m | [m[2mBftProcessorExecutor-QBFT-0[m[2m | [m[32mINFO [m[2m | [m[2mQbftBesuControllerBuilder[m[2m | [m[32mProduced empty block #1,217 / 0 tx / 0 pending / 0 (0.0%) gas / (0x1fa0fe94ec25f1d9c00126d8106ba1a167833a0c38da62a687e87aa0fd8243e4)
[m[2m2026-05-31 16:45:45.030-0400[m[2m | [m[2mBftProcessorExecutor-QBFT-0[m[2m | [m[32mINFO [m[2m | [m[2mQbftBesuControllerBuilder[m[2m | [m[32mImported empty block #1,218 / 0 tx / 0 pending / 0 (0.0%) gas / (0x120fe890db1ec576a490101dd1ec02a2dd3922b7dc9e65b3ca9a00bb37e90c35)
[m[2m2026-05-31 16:45:47.058-0400[m[2m | [m[2mBftProcessorExecutor-QBFT-0[m[2m | [m[32mINFO [m[2m | [m[2mQbftBesuControllerBuilder[m[2m | [m[32mImported empty block #1,219 / 0 tx / 0 pending / 0 (0.0%) gas / (0x6db6290948e4c1d8e23011f380025aef181e7fdb988fc9d825dd2d5a28d74bf9)
[m[2m2026-05-31 16:45:49.012-0400[m[2m | [m[2mBftProcessorExecutor-QBFT-0[m[2m | [m[32mINFO [m[2m | [m[2mQbftBesuControllerBuilder[m[2m | [m[32mImported empty block #1,220 / 0 tx / 0 pending / 0 (0.0%) gas / (0x9c9060f8ff33ccd9b0c6ca5a0362735ad9e6c98c999e082d2231fb60e287a3d6)
[m[2m2026-05-31 16:45:51.013-0400[m[2m | [m[2mBftProcessorExecutor-QBFT-0[m[2m | [m[32mINFO [m[2m | [m[2mQbftBesuControllerBuilder[m[2m | [m[32mProduced empty block #1,221 / 0 tx / 0 pending / 0 (0.0%) gas / (0x3be3cecfc24262ef6f270b628f197948562e3e26b4e63d1f34d5ab03fb5466d3)
[m[2m2026-05-31 16:45:53.012-0400[m[2m | [m[2mBftProcessorExecutor-QBFT-0[m[2m | [m[32mINFO [m[2m | [m[2mQbftBesuControllerBuilder[m[2m | [m[32mImported empty block #1,222 / 0 tx / 0 pending / 0 (0.0%) gas / (0x7afb5be603af06028b2a3e66741bbde3a5cca8c9402cc21babbd9fb5e23068e6)
[m[2m2026-05-31 16:45:55.030-0400[m[2m | [m[2mBftProcessorExecutor-QBFT-0[m[2m | [m[32mINFO [m[2m | [m[2mQbftBesuControllerBuilder[m[2m | [m[32mImported empty block #1,223 / 0 tx / 0 pending / 0 (0.0%) gas / (0x413591c639aefe01388f4b16d7691428787dd14ba8efad7b87d6c7550f6267f8)
[m[2m2026-05-31 16:45:57.031-0400[m[2m | [m[2mBftProcessorExecutor-QBFT-0[m[2m | [m[32mINFO [m[2m | [m[2mQbftBesuControllerBuilder[m[2m | [m[32mImported empty block #1,224 / 0 tx / 0 pending / 0 (0.0%) gas / (0xa3684e13d961db247b411c1a6f34575705becbd5ee5ff8a0ff6120d358850faa)
[m[2m2026-05-31 16:45:59.031-0400[m[2m | [m[2mBftProcessorExecutor-QBFT-0[m[2m | [m[32mINFO [m[2m | [m[2mQbftBesuControllerBuilder[m[2m | [m[32mProduced empty block #1,225 / 0 tx / 0 pending / 0 (0.0%) gas / (0x13db82c9b68a65cc8b59a8c4571a9f92f9ec36668fc570315fc1f37077b71795)
[m[2m2026-05-31 16:46:01.020-0400[m[2m | [m[2mBftProcessorExecutor-QBFT-0[m[2m | [m[32mINFO [m[2m | [m[2mQbftBesuControllerBuilder[m[2m | [m[32mImported empty block #1,226 / 0 tx / 0 pending / 0 (0.0%) gas / (0xb5fea773f2503944141250d31d073d5a62af63fcfadaadbae1d61e9e9d1d690a)
[m[2m2026-05-31 16:46:03.028-0400[m[2m | [m[2mBftProcessorExecutor-QBFT-0[m[2m | [m[32mINFO [m[2m | [m[2mQbftBesuControllerBuilder[m[2m | [m[32mImported empty block #1,227 / 0 tx / 0 pending / 0 (0.0%) gas / (0x26377e21371e4e9ec127e990dd183071e173c8567781d3d5287b1c256fe48bbe)
[m[2m2026-05-31 16:46:05.035-0400[m[2m | [m[2mBftProcessorExecutor-QBFT-0[m[2m | [m[32mINFO [m[2m | [m[2mQbftBesuControllerBuilder[m[2m | [m[32mImported empty block #1,228 / 0 tx / 0 pending / 0 (0.0%) gas / (0x78f070726a27f166e4d939abbebcf47fb2d815cdc3e8e79428d248b8fb665d43)
[m[2m2026-05-31 16:46:07.032-0400[m[2m | [m[2mBftProcessorExecutor-QBFT-0[m[2m | [m[32mINFO [m[2m | [m[2mQbftBesuControllerBuilder[m[2m | [m[32mProduced empty block #1,229 / 0 tx / 0 pending / 0 (0.0%) gas / (0xa310c17a64dad426d91d6da8980a71b97750c7ff442023538ff896c2ab664630)
[m[2m2026-05-31 16:46:09.019-0400[m[2m | [m[2mBftProcessorExecutor-QBFT-0[m[2m | [m[32mINFO [m[2m | [m[2mQbftBesuControllerBuilder[m[2m | [m[32mImported empty block #1,230 / 0 tx / 0 pending / 0 (0.0%) gas / (0x52d0e079290a93ac085ca4373018d2010303d212741d4347cf8da2c628a5a488)
[m[2m2026-05-31 16:46:11.029-0400[m[2m | [m[2mBftProcessorExecutor-QBFT-0[m[2m | [m[32mINFO [m[2m | [m[2mQbftBesuControllerBuilder[m[2m | [m[32mImported empty block #1,231 / 0 tx / 0 pending / 0 (0.0%) gas / (0x0915024d682ceff25becdef8bb70f78d3a50444370f5c834eadb616b054a8aa5)
[m[2m2026-05-31 16:46:13.027-0400[m[2m | [m[2mBftProcessorExecutor-QBFT-0[m[2m | [m[32mINFO [m[2m | [m[2mQbftBesuControllerBuilder[m[2m | [m[32mImported empty block #1,232 / 0 tx / 0 pending / 0 (0.0%) gas / (0x08f9d53d5f2baf410b86be77097ace0cc3a4cca9045f9029f76cd057922ea578)
[m[2m2026-05-31 16:46:15.039-0400[m[2m | [m[2mBftProcessorExecutor-QBFT-0[m[2m | [m[32mINFO [m[2m | [m[2mQbftBesuControllerBuilder[m[2m | [m[32mProduced empty block #1,233 / 0 tx / 0 pending / 0 (0.0%) gas / (0x8674a28b60155b288a2400d5483e72cfbaa9010c4033b5a18350e81272be38c5)
[m[2m2026-05-31 16:46:17.035-0400[m[2m | [m[2mBftProcessorExecutor-QBFT-0[m[2m | [m[32mINFO [m[2m | [m[2mQbftBesuControllerBuilder[m[2m | [m[32mImported empty block #1,234 / 0 tx / 0 pending / 0 (0.0%) gas / (0xb0ec713f49c93e874b82024c3f8f71a77863248c8f8bf47548188739c875aacd)
[m[2m2026-05-31 16:46:19.035-0400[m[2m | [m[2mBftProcessorExecutor-QBFT-0[m[2m | [m[32mINFO [m[2m | [m[2mQbftBesuControllerBuilder[m[2m | [m[32mImported empty block #1,235 / 0 tx / 0 pending / 0 (0.0%) gas / (0xc5559ad34cd4bf40402ec97927921cbea38d58c26639b24b6f9f30dcd5756cf6)
[m[2m2026-05-31 16:46:19.036-0400[m[2m | [m[2mEthScheduler-Workers-138[m[2m | [m[32mINFO [m[2m | [m[2mPersistBlockTask[m[2m | [m[32mBlock 1235 (0xc5559ad34cd4bf40402ec97927921cbea38d58c26639b24b6f9f30dcd5756cf6) is already imported
[m[2m2026-05-31 16:46:21.027-0400[m[2m | [m[2mBftProcessorExecutor-QBFT-0[m[2m | [m[32mINFO [m[2m | [m[2mQbftBesuControllerBuilder[m[2m | [m[32mImported empty block #1,236 / 0 tx / 0 pending / 0 (0.0%) gas / (0x86dfb7a4fa0cf0115b6e2c0ae026740ddf65f77b9cd1e69401c66a140e7f3a28)
[m[2m2026-05-31 16:46:23.029-0400[m[2m | [m[2mBftProcessorExecutor-QBFT-0[m[2m | [m[32mINFO [m[2m | [m[2mQbftBesuControllerBuilder[m[2m | [m[32mProduced empty block #1,237 / 0 tx / 0 pending / 0 (0.0%) gas / (0x3582c442aedc5bc59149cc300a822e6bd301abbbc897ddb4dd1253e5edfe7060)
[m[2m2026-05-31 16:46:25.026-0400[m[2m | [m[2mBftProcessorExecutor-QBFT-0[m[2m | [m[32mINFO [m[2m | [m[2mQbftBesuControllerBuilder[m[2m | [m[32mImported empty block #1,238 / 0 tx / 0 pending / 0 (0.0%) gas / (0x8755dff9caff2a99d48c71a89f354e83eeb72fb8533ae1298d1dad419ef6bf7a)
[m[2m2026-05-31 16:46:27.033-0400[m[2m | [m[2mBftProcessorExecutor-QBFT-0[m[2m | [m[32mINFO [m[2m | [m[2mQbftBesuControllerBuilder[m[2m | [m[32mImported empty block #1,239 / 0 tx / 0 pending / 0 (0.0%) gas / (0xfb6f00307d760ee2fe8fe58092cca2edb1d91d06b02e3b3ac4f69a39de2ebc16)
[m[2m2026-05-31 16:46:29.023-0400[m[2m | [m[2mBftProcessorExecutor-QBFT-0[m[2m | [m[32mINFO [m[2m | [m[2mQbftBesuControllerBuilder[m[2m | [m[32mImported empty block #1,240 / 0 tx / 0 pending / 0 (0.0%) gas / (0xdbfa945081b2d5622eb3c3de3e9af0d476432c40bcbb6f1b8ab40c5b1fca7856)
[m[2m2026-05-31 16:46:31.020-0400[m[2m | [m[2mBftProcessorExecutor-QBFT-0[m[2m | [m[32mINFO [m[2m | [m[2mQbftBesuControllerBuilder[m[2m | [m[32mProduced empty block #1,241 / 0 tx / 0 pending / 0 (0.0%) gas / (0x86a328272cb698f5e645dade87c5ebb0837ef30ef69718c9453ec4015b20b7c2)
[m[2m2026-05-31 16:46:33.032-0400[m[2m | [m[2mBftProcessorExecutor-QBFT-0[m[2m | [m[32mINFO [m[2m | [m[2mQbftBesuControllerBuilder[m[2m | [m[32mImported empty block #1,242 / 0 tx / 0 pending / 0 (0.0%) gas / (0xf7a2a62ae6f06d36b167d27638b8c07a9ccc67aaca33eef56984f5bac82233e3)
[m[2m2026-05-31 16:46:35.030-0400[m[2m | [m[2mBftProcessorExecutor-QBFT-0[m[2m | [m[32mINFO [m[2m | [m[2mQbftBesuControllerBuilder[m[2m | [m[32mImported empty block #1,243 / 0 tx / 0 pending / 0 (0.0%) gas / (0xc478b48df9cbcdbf10daa5ce6a480c557853cb6e6d422694f4e5aa4d44d94414)
[m[2m2026-05-31 16:46:37.030-0400[m[2m | [m[2mBftProcessorExecutor-QBFT-0[m[2m | [m[32mINFO [m[2m | [m[2mQbftBesuControllerBuilder[m[2m | [m[32mImported empty block #1,244 / 0 tx / 0 pending / 0 (0.0%) gas / (0xed11243014bc0aa78e15a1a4bec76f12129d072ab9ef8db1fdcb35afdb378dc2)
[m[2m2026-05-31 16:46:39.020-0400[m[2m | [m[2mBftProcessorExecutor-QBFT-0[m[2m | [m[32mINFO [m[2m | [m[2mQbftBesuControllerBuilder[m[2m | [m[32mProduced empty block #1,245 / 0 tx / 0 pending / 0 (0.0%) gas / (0x6c2c26daceb36f734e6aed9ff761645cbcfe66a74d4efe42570cb41a42cbd6c9)
[m[2m2026-05-31 16:46:41.015-0400[m[2m | [m[2mBftProcessorExecutor-QBFT-0[m[2m | [m[32mINFO [m[2m | [m[2mQbftBesuControllerBuilder[m[2m | [m[32mImported empty block #1,246 / 0 tx / 0 pending / 0 (0.0%) gas / (0xd42cbf93f507966b14911a90b55c9fa23c0d4662e2310237689b3474d740203f)
[m[2m2026-05-31 16:46:43.035-0400[m[2m | [m[2mBftProcessorExecutor-QBFT-0[m[2m | [m[32mINFO [m[2m | [m[2mQbftBesuControllerBuilder[m[2m | [m[32mImported empty block #1,247 / 0 tx / 0 pending / 0 (0.0%) gas / (0xfa9c94abdc8ac43133d87116911758d392505bef6ba9df122715d00126aefa4b)
[m[2m2026-05-31 16:46:45.034-0400[m[2m | [m[2mBftProcessorExecutor-QBFT-0[m[2m | [m[32mINFO [m[2m | [m[2mQbftBesuControllerBuilder[m[2m | [m[32mImported empty block #1,248 / 0 tx / 0 pending / 0 (0.0%) gas / (0x9d0b938befdd82404109721d34a8253edc5c75128dc92c2174af963e25b6fdd3)
[m[2m2026-05-31 16:46:47.024-0400[m[2m | [m[2mBftProcessorExecutor-QBFT-0[m[2m | [m[32mINFO [m[2m | [m[2mQbftBesuControllerBuilder[m[2m | [m[32mProduced empty block #1,249 / 0 tx / 0 pending / 0 (0.0%) gas / (0x64b867f241332e13e9a31dafbabb1466539d16810063fc0ea3685ad9d1a5ec97)
[m[2m2026-05-31 16:46:49.010-0400[m[2m | [m[2mBftProcessorExecutor-QBFT-0[m[2m | [m[32mINFO [m[2m | [m[2mQbftBesuControllerBuilder[m[2m | [m[32mImported empty block #1,250 / 0 tx / 0 pending / 0 (0.0%) gas / (0xbf3711034f5bae88e2afb84c5709aecc8189bfff3b59363af3633a873d562a8c)
[m[2m2026-05-31 16:46:51.008-0400[m[2m | [m[2mBftProcessorExecutor-QBFT-0[m[2m | [m[32mINFO [m[2m | [m[2mQbftBesuControllerBuilder[m[2m | [m[32mImported empty block #1,251 / 0 tx / 0 pending / 0 (0.0%) gas / (0x56dcccba02c9470f6c65bdfbeea2ed1a1b234b27ac6d94fdc302fb23809bf7fa)
[m[2m2026-05-31 16:46:53.015-0400[m[2m | [m[2mBftProcessorExecutor-QBFT-0[m[2m | [m[32mINFO [m[2m | [m[2mQbftBesuControllerBuilder[m[2m | [m[32mImported empty block #1,252 / 0 tx / 0 pending / 0 (0.0%) gas / (0x70bf7adee4b21ce4e8d84ed1f2cf9cec3ad2764306d50ff831c9c4cf3d53feb9)
[m[2m2026-05-31 16:46:55.009-0400[m[2m | [m[2mBftProcessorExecutor-QBFT-0[m[2m | [m[32mINFO [m[2m | [m[2mQbftBesuControllerBuilder[m[2m | [m[32mProduced empty block #1,253 / 0 tx / 0 pending / 0 (0.0%) gas / (0x55d907ff43c09e63d733402fed1c1d3432f95ca3de851402874375d42dd8591b)
[m[2m2026-05-31 16:46:57.016-0400[m[2m | [m[2mBftProcessorExecutor-QBFT-0[m[2m | [m[32mINFO [m[2m | [m[2mQbftBesuControllerBuilder[m[2m | [m[32mImported empty block #1,254 / 0 tx / 0 pending / 0 (0.0%) gas / (0x1993fab84ddfe0d86a83f4daadde465d6b7b1687b9e7f796fdc78bce41eee47a)
[m[2m2026-05-31 16:46:59.015-0400[m[2m | [m[2mBftProcessorExecutor-QBFT-0[m[2m | [m[32mINFO [m[2m | [m[2mQbftBesuControllerBuilder[m[2m | [m[32mImported empty block #1,255 / 0 tx / 0 pending / 0 (0.0%) gas / (0xd23a48b4d5ef124e1722e2abc094a2514da5759dc4e671f56a0305ef8a812703)
[m[2m2026-05-31 16:47:01.009-0400[m[2m | [m[2mBftProcessorExecutor-QBFT-0[m[2m | [m[32mINFO [m[2m | [m[2mQbftBesuControllerBuilder[m[2m | [m[32mImported empty block #1,256 / 0 tx / 0 pending / 0 (0.0%) gas / (0x87cbe30beb2767446fdef125a50283854d35f770a5357f715186348661e27f29)
[m[2m2026-05-31 16:47:03.010-0400[m[2m | [m[2mBftProcessorExecutor-QBFT-0[m[2m | [m[32mINFO [m[2m | [m[2mQbftBesuControllerBuilder[m[2m | [m[32mProduced empty block #1,257 / 0 tx / 0 pending / 0 (0.0%) gas / (0xbf9960d6ed3f7d6bd4bff5f5c6cd8b82971b8e70049c5769731430024c7923c2)
[m[2m2026-05-31 16:47:05.019-0400[m[2m | [m[2mBftProcessorExecutor-QBFT-0[m[2m | [m[32mINFO [m[2m | [m[2mQbftBesuControllerBuilder[m[2m | [m[32mImported empty block #1,258 / 0 tx / 0 pending / 0 (0.0%) gas / (0x95933dba5630ee964e93708a4d93b7f9e66112c399dd6791650d43e661dbc34c)
[m[2m2026-05-31 16:47:07.033-0400[m[2m | [m[2mBftProcessorExecutor-QBFT-0[m[2m | [m[32mINFO [m[2m | [m[2mQbftBesuControllerBuilder[m[2m | [m[32mImported empty block #1,259 / 0 tx / 0 pending / 0 (0.0%) gas / (0x8ed05fe1de5f5e1f533eef2b0c819a7c97d94e68b9063e1d7550eed9fa3e7f1c)
[m[2m2026-05-31 16:47:09.035-0400[m[2m | [m[2mBftProcessorExecutor-QBFT-0[m[2m | [m[32mINFO [m[2m | [m[2mQbftBesuControllerBuilder[m[2m | [m[32mImported empty block #1,260 / 0 tx / 0 pending / 0 (0.0%) gas / (0xf6de81527755838c6e6a7b8edf57e2b8ec4e2b3d80653a819f7518db9d0fa6bb)
[m[2m2026-05-31 16:47:11.038-0400[m[2m | [m[2mBftProcessorExecutor-QBFT-0[m[2m | [m[32mINFO [m[2m | [m[2mQbftBesuControllerBuilder[m[2m | [m[32mProduced empty block #1,261 / 0 tx / 0 pending / 0 (0.0%) gas / (0x388ce26839742e57e395231d35e65c70bf00b1e0b5ac1a2a5ad7d284f50f9387)
[m[2m2026-05-31 16:47:13.034-0400[m[2m | [m[2mBftProcessorExecutor-QBFT-0[m[2m | [m[32mINFO [m[2m | [m[2mQbftBesuControllerBuilder[m[2m | [m[32mImported empty block #1,262 / 0 tx / 0 pending / 0 (0.0%) gas / (0xa2dc58cafa6b8c80dda867f1a50b462a85f6dc0aba124be446d65bea9ad6f7af)
[m[2m2026-05-31 16:47:15.021-0400[m[2m | [m[2mBftProcessorExecutor-QBFT-0[m[2m | [m[32mINFO [m[2m | [m[2mQbftBesuControllerBuilder[m[2m | [m[32mImported empty block #1,263 / 0 tx / 0 pending / 0 (0.0%) gas / (0x5aeb987fae5254123e8691f17bb27c066dca5928060dd10a1e37f3ef2c6f2d85)
[m[2m2026-05-31 16:47:17.020-0400[m[2m | [m[2mBftProcessorExecutor-QBFT-0[m[2m | [m[32mINFO [m[2m | [m[2mQbftBesuControllerBuilder[m[2m | [m[32mImported empty block #1,264 / 0 tx / 0 pending / 0 (0.0%) gas / (0x58841987e180896654c21bcf9fecddebee0b1c17398d00570d7406bec211165f)
[m[2m2026-05-31 16:47:19.027-0400[m[2m | [m[2mBftProcessorExecutor-QBFT-0[m[2m | [m[32mINFO [m[2m | [m[2mQbftBesuControllerBuilder[m[2m | [m[32mProduced empty block #1,265 / 0 tx / 0 pending / 0 (0.0%) gas / (0x26df4ed67e2ce43cf148971fb165a8e0c1bef7a990e6d734993c39ddd945b99b)
[m[2m2026-05-31 16:47:21.035-0400[m[2m | [m[2mBftProcessorExecutor-QBFT-0[m[2m | [m[32mINFO [m[2m | [m[2mQbftBesuControllerBuilder[m[2m | [m[32mImported empty block #1,266 / 0 tx / 0 pending / 0 (0.0%) gas / (0xbe1c7bb940ac176768e9b73ffc25a4fef3ebbd62c9611d9fe529307024f62e88)
[m[2m2026-05-31 16:47:23.033-0400[m[2m | [m[2mBftProcessorExecutor-QBFT-0[m[2m | [m[32mINFO [m[2m | [m[2mQbftBesuControllerBuilder[m[2m | [m[32mImported empty block #1,267 / 0 tx / 0 pending / 0 (0.0%) gas / (0xaabb09d4769427bfbf96da1d16bc65fb07c3a29820b75a1bc715cc61cd675f82)
[m[2m2026-05-31 16:47:25.022-0400[m[2m | [m[2mBftProcessorExecutor-QBFT-0[m[2m | [m[32mINFO [m[2m | [m[2mQbftBesuControllerBuilder[m[2m | [m[32mImported empty block #1,268 / 0 tx / 0 pending / 0 (0.0%) gas / (0x4f74c9c44de2df56af0de7b558e3aad70b4bb886714aea862ce34a2d9ca10150)
[m[2m2026-05-31 16:47:27.030-0400[m[2m | [m[2mBftProcessorExecutor-QBFT-0[m[2m | [m[32mINFO [m[2m | [m[2mQbftBesuControllerBuilder[m[2m | [m[32mProduced empty block #1,269 / 0 tx / 0 pending / 0 (0.0%) gas / (0xf273a46758c1e7d472c285e3a9203bd3c028d386c627ec9b0f5fa453cde04621)
[m[2m2026-05-31 16:47:29.032-0400[m[2m | [m[2mBftProcessorExecutor-QBFT-0[m[2m | [m[32mINFO [m[2m | [m[2mQbftBesuControllerBuilder[m[2m | [m[32mImported empty block #1,270 / 0 tx / 0 pending / 0 (0.0%) gas / (0xc74da674489a2fb466a0e2c5227173614b698ed3e43fa08a34a8fa1d54f3cb34)
[m[2m2026-05-31 16:47:31.007-0400[m[2m | [m[2mBftProcessorExecutor-QBFT-0[m[2m | [m[32mINFO [m[2m | [m[2mQbftBesuControllerBuilder[m[2m | [m[32mImported empty block #1,271 / 0 tx / 0 pending / 0 (0.0%) gas / (0x4681cc528dadbbd721c8a5b7768705ce6fb6a0507e8ea1910af4df1b928b182d)
[m[2m2026-05-31 16:47:33.032-0400[m[2m | [m[2mBftProcessorExecutor-QBFT-0[m[2m | [m[32mINFO [m[2m | [m[2mQbftBesuControllerBuilder[m[2m | [m[32mImported empty block #1,272 / 0 tx / 0 pending / 0 (0.0%) gas / (0x6804ec627042fb68209f85fbeab5647bee84c496bc20f4ecd3ff039f28d8b70f)
[m[2m2026-05-31 16:47:35.020-0400[m[2m | [m[2mBftProcessorExecutor-QBFT-0[m[2m | [m[32mINFO [m[2m | [m[2mQbftBesuControllerBuilder[m[2m | [m[32mProduced empty block #1,273 / 0 tx / 0 pending / 0 (0.0%) gas / (0x8db29f9664d835159c777841dd6f21ff4854e6a573089cc02a2d9b320246c642)
[m[2m2026-05-31 16:47:37.010-0400[m[2m | [m[2mBftProcessorExecutor-QBFT-0[m[2m | [m[32mINFO [m[2m | [m[2mQbftBesuControllerBuilder[m[2m | [m[32mImported empty block #1,274 / 0 tx / 0 pending / 0 (0.0%) gas / (0xd9e2ad0b854b4e4071ff9cb24a5483dc9f390d3f7a1933f1c551cf1a91f43a64)
[m[2m2026-05-31 16:47:39.024-0400[m[2m | [m[2mBftProcessorExecutor-QBFT-0[m[2m | [m[32mINFO [m[2m | [m[2mQbftBesuControllerBuilder[m[2m | [m[32mImported empty block #1,275 / 0 tx / 0 pending / 0 (0.0%) gas / (0x7fdf7d83c673fecfd586835c5024d3f9a8b2cabb730efc7e55c90c1c7bcbd7dd)
[m[2m2026-05-31 16:47:39.025-0400[m[2m | [m[2mEthScheduler-Workers-140[m[2m | [m[32mINFO [m[2m | [m[2mPersistBlockTask[m[2m | [m[32mBlock 1275 (0x7fdf7d83c673fecfd586835c5024d3f9a8b2cabb730efc7e55c90c1c7bcbd7dd) is already imported
[m[2m2026-05-31 16:47:41.011-0400[m[2m | [m[2mBftProcessorExecutor-QBFT-0[m[2m | [m[32mINFO [m[2m | [m[2mQbftBesuControllerBuilder[m[2m | [m[32mImported empty block #1,276 / 0 tx / 0 pending / 0 (0.0%) gas / (0x4dad86d1eb42f073050b0f1712b25720d221df39b40f8244da6dbc951ed9d438)
[m[2m2026-05-31 16:47:43.010-0400[m[2m | [m[2mBftProcessorExecutor-QBFT-0[m[2m | [m[32mINFO [m[2m | [m[2mQbftBesuControllerBuilder[m[2m | [m[32mProduced empty block #1,277 / 0 tx / 0 pending / 0 (0.0%) gas / (0xdc5dcc22a716519794cd28f95588f81048221cf15d72f163f88b4dada0c7a8d2)
[m[2m2026-05-31 16:47:45.020-0400[m[2m | [m[2mBftProcessorExecutor-QBFT-0[m[2m | [m[32mINFO [m[2m | [m[2mQbftBesuControllerBuilder[m[2m | [m[32mImported empty block #1,278 / 0 tx / 0 pending / 0 (0.0%) gas / (0xef1f958f38d6ee23a4a2819b860755fc6bdcd70d7767369ad61cc9ead3612b58)
[m[2m2026-05-31 16:47:47.011-0400[m[2m | [m[2mBftProcessorExecutor-QBFT-0[m[2m | [m[32mINFO [m[2m | [m[2mQbftBesuControllerBuilder[m[2m | [m[32mImported empty block #1,279 / 0 tx / 0 pending / 0 (0.0%) gas / (0x60cb4dd2c5e5823e8f3ba33472f7be1c5c77fef2865f7d5a415ba8baa499ff5d)
[m[2m2026-05-31 16:47:49.012-0400[m[2m | [m[2mBftProcessorExecutor-QBFT-0[m[2m | [m[32mINFO [m[2m | [m[2mQbftBesuControllerBuilder[m[2m | [m[32mImported empty block #1,280 / 0 tx / 0 pending / 0 (0.0%) gas / (0xafe1f11cf05f6bf8a94c5fcecb79a953245bcbfa816ee97d7eee54650051c8ef)
[m[2m2026-05-31 16:47:51.012-0400[m[2m | [m[2mBftProcessorExecutor-QBFT-0[m[2m | [m[32mINFO [m[2m | [m[2mQbftBesuControllerBuilder[m[2m | [m[32mProduced empty block #1,281 / 0 tx / 0 pending / 0 (0.0%) gas / (0x44f154d5437b9446ed0c4adc4efe8b817b18984448d97b80b0dee3fe944f4447)
[m[2m2026-05-31 16:47:53.014-0400[m[2m | [m[2mBftProcessorExecutor-QBFT-0[m[2m | [m[32mINFO [m[2m | [m[2mQbftBesuControllerBuilder[m[2m | [m[32mImported empty block #1,282 / 0 tx / 0 pending / 0 (0.0%) gas / (0x4f7fa569cf811e63e4225c5529d27e6aa8418255dadc24f33052b00dbc476c3c)
[m[2m2026-05-31 16:47:55.032-0400[m[2m | [m[2mBftProcessorExecutor-QBFT-0[m[2m | [m[32mINFO [m[2m | [m[2mQbftBesuControllerBuilder[m[2m | [m[32mImported empty block #1,283 / 0 tx / 0 pending / 0 (0.0%) gas / (0x4c2d309ae9c2d244d67f59aeff9acd729ad533b63054d2eea91b8189cd6b159a)
[m[2m2026-05-31 16:47:55.032-0400[m[2m | [m[2mEthScheduler-Workers-142[m[2m | [m[32mINFO [m[2m | [m[2mPersistBlockTask[m[2m | [m[32mBlock 1283 (0x4c2d309ae9c2d244d67f59aeff9acd729ad533b63054d2eea91b8189cd6b159a) is already imported
[m[2m2026-05-31 16:47:57.021-0400[m[2m | [m[2mBftProcessorExecutor-QBFT-0[m[2m | [m[32mINFO [m[2m | [m[2mQbftBesuControllerBuilder[m[2m | [m[32mImported empty block #1,284 / 0 tx / 0 pending / 0 (0.0%) gas / (0x91502aae1832722e6697949a458fc17f0823c5a41599d5da29ae5c5654bb0b33)
[m[2m2026-05-31 16:47:59.031-0400[m[2m | [m[2mBftProcessorExecutor-QBFT-0[m[2m | [m[32mINFO [m[2m | [m[2mQbftBesuControllerBuilder[m[2m | [m[32mProduced empty block #1,285 / 0 tx / 0 pending / 0 (0.0%) gas / (0x2763759895d03a3cb7e34137d203f9cd381156a21b1e03b93b95e35af86093c0)
[m[2m2026-05-31 16:48:01.028-0400[m[2m | [m[2mBftProcessorExecutor-QBFT-0[m[2m | [m[32mINFO [m[2m | [m[2mQbftBesuControllerBuilder[m[2m | [m[32mImported empty block #1,286 / 0 tx / 0 pending / 0 (0.0%) gas / (0x6c3c37e89867d4f44aa5fc7464a63718c7ec3a16d2c77f89e5b3f66b4f4e20d1)
[m[2m2026-05-31 16:48:03.026-0400[m[2m | [m[2mBftProcessorExecutor-QBFT-0[m[2m | [m[32mINFO [m[2m | [m[2mQbftBesuControllerBuilder[m[2m | [m[32mImported empty block #1,287 / 0 tx / 0 pending / 0 (0.0%) gas / (0x5ef361509792947ffca2a8c110b366ad5728a2db5e29b233d67a0a99afe97f90)
[m[2m2026-05-31 16:48:05.045-0400[m[2m | [m[2mBftProcessorExecutor-QBFT-0[m[2m | [m[32mINFO [m[2m | [m[2mQbftBesuControllerBuilder[m[2m | [m[32mImported empty block #1,288 / 0 tx / 0 pending / 0 (0.0%) gas / (0x22cb6cd64d6a41c984c9600dbda5a0fb78ac6d1f4024b13c171988f721d4e28e)
[m[2m2026-05-31 16:48:07.012-0400[m[2m | [m[2mBftProcessorExecutor-QBFT-0[m[2m | [m[32mINFO [m[2m | [m[2mQbftBesuControllerBuilder[m[2m | [m[32mProduced empty block #1,289 / 0 tx / 0 pending / 0 (0.0%) gas / (0x579564b642a8e63ced80234dddff7b1e301a388850d590051846b44a3a155066)
[m[2m2026-05-31 16:48:09.022-0400[m[2m | [m[2mBftProcessorExecutor-QBFT-0[m[2m | [m[32mINFO [m[2m | [m[2mQbftBesuControllerBuilder[m[2m | [m[32mImported empty block #1,290 / 0 tx / 0 pending / 0 (0.0%) gas / (0x4f75462013872a78d14d535c0f08710d7e7b20ab6a36e1949a1d9191e3a6b6e9)
[m[2m2026-05-31 16:48:11.025-0400[m[2m | [m[2mBftProcessorExecutor-QBFT-0[m[2m | [m[32mINFO [m[2m | [m[2mQbftBesuControllerBuilder[m[2m | [m[32mImported empty block #1,291 / 0 tx / 0 pending / 0 (0.0%) gas / (0x7be20b4d96ff231302ba5f9364634a750bd0f4e82ff8d1c5679cdeb63e760056)
[m[2m2026-05-31 16:48:13.034-0400[m[2m | [m[2mBftProcessorExecutor-QBFT-0[m[2m | [m[32mINFO [m[2m | [m[2mQbftBesuControllerBuilder[m[2m | [m[32mImported empty block #1,292 / 0 tx / 0 pending / 0 (0.0%) gas / (0xe518f4c14ae62604ba467638fc32439aa7b091b3d14947b97a38842f4e9fad39)
[m[2m2026-05-31 16:48:13.034-0400[m[2m | [m[2mEthScheduler-Workers-144[m[2m | [m[32mINFO [m[2m | [m[2mPersistBlockTask[m[2m | [m[32mBlock 1292 (0xe518f4c14ae62604ba467638fc32439aa7b091b3d14947b97a38842f4e9fad39) is already imported
[m[2m2026-05-31 16:48:15.025-0400[m[2m | [m[2mBftProcessorExecutor-QBFT-0[m[2m | [m[32mINFO [m[2m | [m[2mQbftBesuControllerBuilder[m[2m | [m[32mProduced empty block #1,293 / 0 tx / 0 pending / 0 (0.0%) gas / (0x170f566015f98da3513711f581d6f100db843955d91682a7ab680d7143c8382c)
[m[2m2026-05-31 16:48:17.018-0400[m[2m | [m[2mBftProcessorExecutor-QBFT-0[m[2m | [m[32mINFO [m[2m | [m[2mQbftBesuControllerBuilder[m[2m | [m[32mImported empty block #1,294 / 0 tx / 0 pending / 0 (0.0%) gas / (0xd616f8033f1cb3f03a1cd5817539c005dff8d2c28ddc053547608028798ea04e)
[m[2m2026-05-31 16:48:19.019-0400[m[2m | [m[2mBftProcessorExecutor-QBFT-0[m[2m | [m[32mINFO [m[2m | [m[2mQbftBesuControllerBuilder[m[2m | [m[32mImported empty block #1,295 / 0 tx / 0 pending / 0 (0.0%) gas / (0x2095c1339eeaf67de8438875e60eaaf15232f21e7e6e68c829b8ef57aba1c0a5)
[m[2m2026-05-31 16:48:21.015-0400[m[2m | [m[2mBftProcessorExecutor-QBFT-0[m[2m | [m[32mINFO [m[2m | [m[2mQbftBesuControllerBuilder[m[2m | [m[32mImported empty block #1,296 / 0 tx / 0 pending / 0 (0.0%) gas / (0x2240027a971a11fbf98f8d92965505d8de257796518a3c93f277ce161b006f8d)
[m[2m2026-05-31 16:48:23.019-0400[m[2m | [m[2mBftProcessorExecutor-QBFT-0[m[2m | [m[32mINFO [m[2m | [m[2mQbftBesuControllerBuilder[m[2m | [m[32mProduced empty block #1,297 / 0 tx / 0 pending / 0 (0.0%) gas / (0x1fd7f6614edd870573fc3300a52343598fd4b8c55e11479751898ea2de1eb79c)
[m[2m2026-05-31 16:48:25.031-0400[m[2m | [m[2mBftProcessorExecutor-QBFT-0[m[2m | [m[32mINFO [m[2m | [m[2mQbftBesuControllerBuilder[m[2m | [m[32mImported empty block #1,298 / 0 tx / 0 pending / 0 (0.0%) gas / (0xcd3c6b70682cad1c6c01d38c414f9bd9482f607cd11d718910c6c3677fa0e66f)
[m[2m2026-05-31 16:48:25.031-0400[m[2m | [m[2mEthScheduler-Workers-146[m[2m | [m[32mINFO [m[2m | [m[2mPersistBlockTask[m[2m | [m[32mBlock 1298 (0xcd3c6b70682cad1c6c01d38c414f9bd9482f607cd11d718910c6c3677fa0e66f) is already imported
[m[2m2026-05-31 16:48:27.030-0400[m[2m | [m[2mBftProcessorExecutor-QBFT-0[m[2m | [m[32mINFO [m[2m | [m[2mQbftBesuControllerBuilder[m[2m | [m[32mImported empty block #1,299 / 0 tx / 0 pending / 0 (0.0%) gas / (0x5067aeb99bff04c218f889a6bbb0285f4b92d6a9bdc0f86b623c3c0e8c451c1f)
[m[2m2026-05-31 16:48:29.013-0400[m[2m | [m[2mBftProcessorExecutor-QBFT-0[m[2m | [m[32mINFO [m[2m | [m[2mQbftBesuControllerBuilder[m[2m | [m[32mImported empty block #1,300 / 0 tx / 0 pending / 0 (0.0%) gas / (0x9518737765a68c62eced1e9834adf1b9c82695328800a1739e658437f5aac4dc)
[m[2m2026-05-31 16:48:31.021-0400[m[2m | [m[2mBftProcessorExecutor-QBFT-0[m[2m | [m[32mINFO [m[2m | [m[2mQbftBesuControllerBuilder[m[2m | [m[32mProduced empty block #1,301 / 0 tx / 0 pending / 0 (0.0%) gas / (0xef9e77db47582363b9d7e4b566ba3893422849c71056a78ee3e52a9540352da3)
[m[2m2026-05-31 16:48:33.008-0400[m[2m | [m[2mBftProcessorExecutor-QBFT-0[m[2m | [m[32mINFO [m[2m | [m[2mQbftBesuControllerBuilder[m[2m | [m[32mImported empty block #1,302 / 0 tx / 0 pending / 0 (0.0%) gas / (0xe0d5ea383bad858828faa8bdbfff75b3a9e97acd7c334df3736f8dbe23d4c80c)
[m[2m2026-05-31 16:48:35.019-0400[m[2m | [m[2mBftProcessorExecutor-QBFT-0[m[2m | [m[32mINFO [m[2m | [m[2mQbftBesuControllerBuilder[m[2m | [m[32mImported empty block #1,303 / 0 tx / 0 pending / 0 (0.0%) gas / (0xb4015961c9c4ec334022da6c87e244157f77dd733859781067eea184453638b5)
[m[2m2026-05-31 16:48:37.009-0400[m[2m | [m[2mBftProcessorExecutor-QBFT-0[m[2m | [m[32mINFO [m[2m | [m[2mQbftBesuControllerBuilder[m[2m | [m[32mImported empty block #1,304 / 0 tx / 0 pending / 0 (0.0%) gas / (0x13a8974d136790623bec93d42ab74020d2889ce58aa5828635f4d59e7cc8973a)
[m[2m2026-05-31 16:48:39.117-0400[m[2m | [m[2mBftProcessorExecutor-QBFT-0[m[2m | [m[32mINFO [m[2m | [m[2mQbftBesuControllerBuilder[m[2m | [m[32mProduced empty block #1,305 / 0 tx / 0 pending / 0 (0.0%) gas / (0x31fff40f654b4556c4886dcf5bfc320f46e1c7a487bc6ea91b1eb8aed3a0feb2)
[m[2m2026-05-31 16:48:41.012-0400[m[2m | [m[2mBftProcessorExecutor-QBFT-0[m[2m | [m[32mINFO [m[2m | [m[2mQbftBesuControllerBuilder[m[2m | [m[32mImported empty block #1,306 / 0 tx / 0 pending / 0 (0.0%) gas / (0x5ca9e5520b6a1d450d4fe2d3cc67b76d31b6d86e1b88d0109bf6eb0c0356c177)
[m[2m2026-05-31 16:48:43.021-0400[m[2m | [m[2mBftProcessorExecutor-QBFT-0[m[2m | [m[32mINFO [m[2m | [m[2mQbftBesuControllerBuilder[m[2m | [m[32mImported empty block #1,307 / 0 tx / 0 pending / 0 (0.0%) gas / (0xf0abd42a8ea2cecfc45669dc4cdf90a629f06b69ffa46dcc84469794f04ea819)
[m[2m2026-05-31 16:48:43.021-0400[m[2m | [m[2mEthScheduler-Workers-148[m[2m | [m[32mINFO [m[2m | [m[2mPersistBlockTask[m[2m | [m[32mBlock 1307 (0xf0abd42a8ea2cecfc45669dc4cdf90a629f06b69ffa46dcc84469794f04ea819) is already imported
[m[2m2026-05-31 16:48:45.016-0400[m[2m | [m[2mBftProcessorExecutor-QBFT-0[m[2m | [m[32mINFO [m[2m | [m[2mQbftBesuControllerBuilder[m[2m | [m[32mImported empty block #1,308 / 0 tx / 0 pending / 0 (0.0%) gas / (0x6408eba78925b0c64a20b723f40c433b7b7916fc5ae82855924c31ece41b8259)
[m[2m2026-05-31 16:48:47.016-0400[m[2m | [m[2mBftProcessorExecutor-QBFT-0[m[2m | [m[32mINFO [m[2m | [m[2mQbftBesuControllerBuilder[m[2m | [m[32mProduced empty block #1,309 / 0 tx / 0 pending / 0 (0.0%) gas / (0x7186fc05a2ec8af9d9b0cb1773d7a4d6ae5ad5b8808c80f35b185d8d385a0919)
[m[2m2026-05-31 16:48:49.021-0400[m[2m | [m[2mBftProcessorExecutor-QBFT-0[m[2m | [m[32mINFO [m[2m | [m[2mQbftBesuControllerBuilder[m[2m | [m[32mImported empty block #1,310 / 0 tx / 0 pending / 0 (0.0%) gas / (0xf3759112bcdd6b2689a4036e1988dd4ed5f17b307bd31e0bc1f242c0a8bb1153)
[m[2m2026-05-31 16:48:51.015-0400[m[2m | [m[2mBftProcessorExecutor-QBFT-0[m[2m | [m[32mINFO [m[2m | [m[2mQbftBesuControllerBuilder[m[2m | [m[32mImported empty block #1,311 / 0 tx / 0 pending / 0 (0.0%) gas / (0x9c9488ca02532a6cf85cff988bac08a5be08c3547719ee099f81cf5e2db5cb3e)
[m[2m2026-05-31 16:48:53.025-0400[m[2m | [m[2mBftProcessorExecutor-QBFT-0[m[2m | [m[32mINFO [m[2m | [m[2mQbftBesuControllerBuilder[m[2m | [m[32mImported empty block #1,312 / 0 tx / 0 pending / 0 (0.0%) gas / (0x93f47ca111cf56fb4f9fc9754a84af640c87f47a55c52d37de1ed096e92c468c)
[m[2m2026-05-31 16:48:55.028-0400[m[2m | [m[2mBftProcessorExecutor-QBFT-0[m[2m | [m[32mINFO [m[2m | [m[2mQbftBesuControllerBuilder[m[2m | [m[32mProduced empty block #1,313 / 0 tx / 0 pending / 0 (0.0%) gas / (0x263655409bf19485056803608fdb959d086da56519a5656e51f18e445e02113a)
[m[2m2026-05-31 16:48:57.031-0400[m[2m | [m[2mBftProcessorExecutor-QBFT-0[m[2m | [m[32mINFO [m[2m | [m[2mQbftBesuControllerBuilder[m[2m | [m[32mImported empty block #1,314 / 0 tx / 0 pending / 0 (0.0%) gas / (0x8f9162cbd319d4e98027a84b879c6841b6d9735d9b1a2c3fb985ed67e5af0267)
[m[2m2026-05-31 16:48:57.032-0400[m[2m | [m[2mEthScheduler-Workers-150[m[2m | [m[32mINFO [m[2m | [m[2mPersistBlockTask[m[2m | [m[32mBlock 1314 (0x8f9162cbd319d4e98027a84b879c6841b6d9735d9b1a2c3fb985ed67e5af0267) is already imported
[m[2m2026-05-31 16:48:59.025-0400[m[2m | [m[2mBftProcessorExecutor-QBFT-0[m[2m | [m[32mINFO [m[2m | [m[2mQbftBesuControllerBuilder[m[2m | [m[32mImported empty block #1,315 / 0 tx / 0 pending / 0 (0.0%) gas / (0x26318e103001354ab434439c36c36c2a861588d61533b9fd221f965ead77da69)
[m[2m2026-05-31 16:49:01.023-0400[m[2m | [m[2mBftProcessorExecutor-QBFT-0[m[2m | [m[32mINFO [m[2m | [m[2mQbftBesuControllerBuilder[m[2m | [m[32mImported empty block #1,316 / 0 tx / 0 pending / 0 (0.0%) gas / (0x1d0c0d435154f795037f802102694555d7d2e5ddd318222a8cffa5eb045d2732)
[m[2m2026-05-31 16:49:03.018-0400[m[2m | [m[2mBftProcessorExecutor-QBFT-0[m[2m | [m[32mINFO [m[2m | [m[2mQbftBesuControllerBuilder[m[2m | [m[32mProduced empty block #1,317 / 0 tx / 0 pending / 0 (0.0%) gas / (0xac8d2440444f5993beebff184c4083cdb996d2a81cae380e53afdc4cf2dbd35b)
[m[2m2026-05-31 16:49:05.023-0400[m[2m | [m[2mBftProcessorExecutor-QBFT-0[m[2m | [m[32mINFO [m[2m | [m[2mQbftBesuControllerBuilder[m[2m | [m[32mImported empty block #1,318 / 0 tx / 0 pending / 0 (0.0%) gas / (0xc0058b028c1f33c7b23ecac6e9f6efded60fcdbeb079149ba0c3011a563e1a37)
[m[2m2026-05-31 16:49:07.016-0400[m[2m | [m[2mBftProcessorExecutor-QBFT-0[m[2m | [m[32mINFO [m[2m | [m[2mQbftBesuControllerBuilder[m[2m | [m[32mImported empty block #1,319 / 0 tx / 0 pending / 0 (0.0%) gas / (0x30055936e22a9beca945f5b645a31fa25c430b796c26b651984bc766582a0dba)
[m[2m2026-05-31 16:49:09.016-0400[m[2m | [m[2mBftProcessorExecutor-QBFT-0[m[2m | [m[32mINFO [m[2m | [m[2mQbftBesuControllerBuilder[m[2m | [m[32mImported empty block #1,320 / 0 tx / 0 pending / 0 (0.0%) gas / (0x7029d302f15af1a41e63227e820ebed312bdfdec581ff6bc962caa0d7c1bfc0c)
[m[2m2026-05-31 16:49:09.016-0400[m[2m | [m[2mEthScheduler-Workers-145[m[2m | [m[32mINFO [m[2m | [m[2mPersistBlockTask[m[2m | [m[32mBlock 1320 (0x7029d302f15af1a41e63227e820ebed312bdfdec581ff6bc962caa0d7c1bfc0c) is already imported
[m[2m2026-05-31 16:49:11.030-0400[m[2m | [m[2mBftProcessorExecutor-QBFT-0[m[2m | [m[32mINFO [m[2m | [m[2mQbftBesuControllerBuilder[m[2m | [m[32mProduced empty block #1,321 / 0 tx / 0 pending / 0 (0.0%) gas / (0x5cfef7362f03bf9b5a0f030e1f19c33d66b50e7aea3ea630dab5e8f8d837b73b)
[m[2m2026-05-31 16:49:13.022-0400[m[2m | [m[2mBftProcessorExecutor-QBFT-0[m[2m | [m[32mINFO [m[2m | [m[2mQbftBesuControllerBuilder[m[2m | [m[32mImported empty block #1,322 / 0 tx / 0 pending / 0 (0.0%) gas / (0x340b3be4c52b372960fc50d109d9891d9869a2dcd8d04c2e3310340522db23ef)
[m[2m2026-05-31 16:49:15.016-0400[m[2m | [m[2mBftProcessorExecutor-QBFT-0[m[2m | [m[32mINFO [m[2m | [m[2mQbftBesuControllerBuilder[m[2m | [m[32mImported empty block #1,323 / 0 tx / 0 pending / 0 (0.0%) gas / (0xed8da15f6716d1314316ce04120dd67df8444ed31c70be7011f48515d968dbf9)
[m[2m2026-05-31 16:49:17.012-0400[m[2m | [m[2mBftProcessorExecutor-QBFT-0[m[2m | [m[32mINFO [m[2m | [m[2mQbftBesuControllerBuilder[m[2m | [m[32mImported empty block #1,324 / 0 tx / 0 pending / 0 (0.0%) gas / (0x1b46c9b428123b9a1cca6e67543e3a0995f16ee06d3fb8c0ac97afb415a8f591)
[m[2m2026-05-31 16:49:19.009-0400[m[2m | [m[2mBftProcessorExecutor-QBFT-0[m[2m | [m[32mINFO [m[2m | [m[2mQbftBesuControllerBuilder[m[2m | [m[32mProduced empty block #1,325 / 0 tx / 0 pending / 0 (0.0%) gas / (0xd2d7b02e8a3d24663302d17fedea57117560cb6237579bce65c485bc717c1d1d)
[m[2m2026-05-31 16:49:21.014-0400[m[2m | [m[2mBftProcessorExecutor-QBFT-0[m[2m | [m[32mINFO [m[2m | [m[2mQbftBesuControllerBuilder[m[2m | [m[32mImported empty block #1,326 / 0 tx / 0 pending / 0 (0.0%) gas / (0x36aafde8600084e8db6d3e96a81e52c6ffbd70d29ebad9f0a3c11f14e1e86803)
[m[2m2026-05-31 16:49:23.017-0400[m[2m | [m[2mBftProcessorExecutor-QBFT-0[m[2m | [m[32mINFO [m[2m | [m[2mQbftBesuControllerBuilder[m[2m | [m[32mImported empty block #1,327 / 0 tx / 0 pending / 0 (0.0%) gas / (0x41ad8e15867532616bf2a5ab805687c63e848e3403dbc31a22dac7d22fd20a9d)
[m[2m2026-05-31 16:49:25.013-0400[m[2m | [m[2mBftProcessorExecutor-QBFT-0[m[2m | [m[32mINFO [m[2m | [m[2mQbftBesuControllerBuilder[m[2m | [m[32mImported empty block #1,328 / 0 tx / 0 pending / 0 (0.0%) gas / (0xa2632535abab86a445d606aaca4255be4167ea5d838a64a3b1225080cb63e391)
[m[2m2026-05-31 16:49:27.009-0400[m[2m | [m[2mBftProcessorExecutor-QBFT-0[m[2m | [m[32mINFO [m[2m | [m[2mQbftBesuControllerBuilder[m[2m | [m[32mProduced empty block #1,329 / 0 tx / 0 pending / 0 (0.0%) gas / (0xd0837e481e706308b144e8379d25bc47a9d5bf414d5dae81f91bea6c58fd3a94)
[m[2m2026-05-31 16:49:29.023-0400[m[2m | [m[2mBftProcessorExecutor-QBFT-0[m[2m | [m[32mINFO [m[2m | [m[2mQbftBesuControllerBuilder[m[2m | [m[32mImported empty block #1,330 / 0 tx / 0 pending / 0 (0.0%) gas / (0x56425feae36fdfdc0c122904205935314853ef428b113c5cd54916855b50ade8)
[m[2m2026-05-31 16:49:31.023-0400[m[2m | [m[2mBftProcessorExecutor-QBFT-0[m[2m | [m[32mINFO [m[2m | [m[2mQbftBesuControllerBuilder[m[2m | [m[32mImported empty block #1,331 / 0 tx / 0 pending / 0 (0.0%) gas / (0x30b91971e716c86dc723c8691c795be229c3937bce8de42c01ee1125461d6ebe)
[m[2m2026-05-31 16:49:33.022-0400[m[2m | [m[2mBftProcessorExecutor-QBFT-0[m[2m | [m[32mINFO [m[2m | [m[2mQbftBesuControllerBuilder[m[2m | [m[32mImported empty block #1,332 / 0 tx / 0 pending / 0 (0.0%) gas / (0x90567e9a9513b547b392b5a167147bbec1c26a3dd49e2b1cb54ddadde6e8f115)
[m[2m2026-05-31 16:49:35.032-0400[m[2m | [m[2mBftProcessorExecutor-QBFT-0[m[2m | [m[32mINFO [m[2m | [m[2mQbftBesuControllerBuilder[m[2m | [m[32mProduced empty block #1,333 / 0 tx / 0 pending / 0 (0.0%) gas / (0x83b9c704a147185a02c471f316c798e00d6742c2cd113fe325e6416f731918ec)
[m[2m2026-05-31 16:49:37.027-0400[m[2m | [m[2mBftProcessorExecutor-QBFT-0[m[2m | [m[32mINFO [m[2m | [m[2mQbftBesuControllerBuilder[m[2m | [m[32mImported empty block #1,334 / 0 tx / 0 pending / 0 (0.0%) gas / (0xdbe26cc307dccc45438dfe41b153ed9d104e252b572b772e6d6982345c3e63dc)
[m[2m2026-05-31 16:49:39.025-0400[m[2m | [m[2mBftProcessorExecutor-QBFT-0[m[2m | [m[32mINFO [m[2m | [m[2mQbftBesuControllerBuilder[m[2m | [m[32mImported empty block #1,335 / 0 tx / 0 pending / 0 (0.0%) gas / (0x09116ea023a649c8e9aa0307c963a3ee328aa0e5c2e1d64c4ecd470caffdf484)
[m[2m2026-05-31 16:49:41.028-0400[m[2m | [m[2mBftProcessorExecutor-QBFT-0[m[2m | [m[32mINFO [m[2m | [m[2mQbftBesuControllerBuilder[m[2m | [m[32mImported empty block #1,336 / 0 tx / 0 pending / 0 (0.0%) gas / (0x244325debb3c2760a4283d1f2b3c7353cf34226ec77d13b6c32749ef636780fc)
[m[2m2026-05-31 16:49:43.029-0400[m[2m | [m[2mBftProcessorExecutor-QBFT-0[m[2m | [m[32mINFO [m[2m | [m[2mQbftBesuControllerBuilder[m[2m | [m[32mProduced empty block #1,337 / 0 tx / 0 pending / 0 (0.0%) gas / (0xa758b7d3cd855452d6151e821c7d0e165e457a31b3ab16896903a46cd2dec5d8)
[m[2m2026-05-31 16:49:45.028-0400[m[2m | [m[2mBftProcessorExecutor-QBFT-0[m[2m | [m[32mINFO [m[2m | [m[2mQbftBesuControllerBuilder[m[2m | [m[32mImported empty block #1,338 / 0 tx / 0 pending / 0 (0.0%) gas / (0x5250b426e04b57e4d666319a8beb0446941d0115919d0c877fb84e6515649093)
[m[2m2026-05-31 16:49:47.028-0400[m[2m | [m[2mBftProcessorExecutor-QBFT-0[m[2m | [m[32mINFO [m[2m | [m[2mQbftBesuControllerBuilder[m[2m | [m[32mImported empty block #1,339 / 0 tx / 0 pending / 0 (0.0%) gas / (0xd5b5085a3cccfaafabdcdc1c183d9fcf5a0ee7b97fd6237428b3cf949602373a)
[m[2m2026-05-31 16:49:47.028-0400[m[2m | [m[2mEthScheduler-Workers-152[m[2m | [m[32mINFO [m[2m | [m[2mPersistBlockTask[m[2m | [m[32mBlock 1339 (0xd5b5085a3cccfaafabdcdc1c183d9fcf5a0ee7b97fd6237428b3cf949602373a) is already imported
[m[2m2026-05-31 16:49:49.031-0400[m[2m | [m[2mBftProcessorExecutor-QBFT-0[m[2m | [m[32mINFO [m[2m | [m[2mQbftBesuControllerBuilder[m[2m | [m[32mImported empty block #1,340 / 0 tx / 0 pending / 0 (0.0%) gas / (0x800099db40774b881cba9ccfdde8487a661e2c15f8984328cbf16f1b48613488)
[m[2m2026-05-31 16:49:51.033-0400[m[2m | [m[2mBftProcessorExecutor-QBFT-0[m[2m | [m[32mINFO [m[2m | [m[2mQbftBesuControllerBuilder[m[2m | [m[32mProduced empty block #1,341 / 0 tx / 0 pending / 0 (0.0%) gas / (0x98a189ae5678b519e1b417a6c9c05f5e37335fdb27ff120d88d21770a984a634)
[m[2m2026-05-31 16:49:51.033-0400[m[2m | [m[2mEthScheduler-Workers-154[m[2m | [m[32mINFO [m[2m | [m[2mPersistBlockTask[m[2m | [m[32mBlock 1341 (0x98a189ae5678b519e1b417a6c9c05f5e37335fdb27ff120d88d21770a984a634) is already imported
[m[2m2026-05-31 16:49:53.021-0400[m[2m | [m[2mBftProcessorExecutor-QBFT-0[m[2m | [m[32mINFO [m[2m | [m[2mQbftBesuControllerBuilder[m[2m | [m[32mImported empty block #1,342 / 0 tx / 0 pending / 0 (0.0%) gas / (0x9de3986a0f6e187d28f2bd10c78ee96d0973585636c38eaac2db38be29208921)
[m[2m2026-05-31 16:49:55.026-0400[m[2m | [m[2mBftProcessorExecutor-QBFT-0[m[2m | [m[32mINFO [m[2m | [m[2mQbftBesuControllerBuilder[m[2m | [m[32mImported empty block #1,343 / 0 tx / 0 pending / 0 (0.0%) gas / (0xa48d0359f3cd363b7b90e2dbae21ab7ce82a6787c0d75a4b6f1d4ac0cc26afd7)
[m[2m2026-05-31 16:49:57.027-0400[m[2m | [m[2mBftProcessorExecutor-QBFT-0[m[2m | [m[32mINFO [m[2m | [m[2mQbftBesuControllerBuilder[m[2m | [m[32mImported empty block #1,344 / 0 tx / 0 pending / 0 (0.0%) gas / (0xa9b7428c2d44f7b14c08ae6a8f0996926147240ce7c04dc801a07313531805dd)
[m[2m2026-05-31 16:49:57.027-0400[m[2m | [m[2mEthScheduler-Workers-151[m[2m | [m[32mINFO [m[2m | [m[2mPersistBlockTask[m[2m | [m[32mBlock 1344 (0xa9b7428c2d44f7b14c08ae6a8f0996926147240ce7c04dc801a07313531805dd) is already imported
[m[2m2026-05-31 16:49:59.022-0400[m[2m | [m[2mBftProcessorExecutor-QBFT-0[m[2m | [m[32mINFO [m[2m | [m[2mQbftBesuControllerBuilder[m[2m | [m[32mProduced empty block #1,345 / 0 tx / 0 pending / 0 (0.0%) gas / (0xa204b327835a8218bf75ab669517cffee75f6ff410aa5c6a395a91b81e165ac9)
[m[2m2026-05-31 16:50:01.027-0400[m[2m | [m[2mBftProcessorExecutor-QBFT-0[m[2m | [m[32mINFO [m[2m | [m[2mQbftBesuControllerBuilder[m[2m | [m[32mImported empty block #1,346 / 0 tx / 0 pending / 0 (0.0%) gas / (0x219a0010f2ad7060194a8d0c3b8dc1894104989cf5f1f4420df114e3a08566d4)
[m[2m2026-05-31 16:50:03.033-0400[m[2m | [m[2mBftProcessorExecutor-QBFT-0[m[2m | [m[32mINFO [m[2m | [m[2mQbftBesuControllerBuilder[m[2m | [m[32mImported empty block #1,347 / 0 tx / 0 pending / 0 (0.0%) gas / (0x658370d32434266fa6ac529607feb543c2514264c5272e76247a41e060aa8432)
[m[2m2026-05-31 16:50:05.048-0400[m[2m | [m[2mBftProcessorExecutor-QBFT-0[m[2m | [m[32mINFO [m[2m | [m[2mQbftBesuControllerBuilder[m[2m | [m[32mImported empty block #1,348 / 0 tx / 0 pending / 0 (0.0%) gas / (0xfe693afa6f2eb7c4e07b46720f045af2fa2fd5e9bc47b5c117d3c0c606721300)
[m[2m2026-05-31 16:50:07.018-0400[m[2m | [m[2mBftProcessorExecutor-QBFT-0[m[2m | [m[32mINFO [m[2m | [m[2mQbftBesuControllerBuilder[m[2m | [m[32mProduced empty block #1,349 / 0 tx / 0 pending / 0 (0.0%) gas / (0xc1d79c0fc25f8a6cbb8373e620eb823dabf533dc498db60a3d937bcbd402b057)
[m[2m2026-05-31 16:50:09.025-0400[m[2m | [m[2mBftProcessorExecutor-QBFT-0[m[2m | [m[32mINFO [m[2m | [m[2mQbftBesuControllerBuilder[m[2m | [m[32mImported empty block #1,350 / 0 tx / 0 pending / 0 (0.0%) gas / (0xf1388fe43abf82144d62a01bfc5e79e6e86e35cd033e47c078e6dd214a6ff590)
[m[2m2026-05-31 16:50:11.024-0400[m[2m | [m[2mBftProcessorExecutor-QBFT-0[m[2m | [m[32mINFO [m[2m | [m[2mQbftBesuControllerBuilder[m[2m | [m[32mImported empty block #1,351 / 0 tx / 0 pending / 0 (0.0%) gas / (0x567ccd54c897c9828faf060de61e5efaa082f2f30546662ec3b7a5da27b6f80f)
[m[2m2026-05-31 16:50:13.030-0400[m[2m | [m[2mBftProcessorExecutor-QBFT-0[m[2m | [m[32mINFO [m[2m | [m[2mQbftBesuControllerBuilder[m[2m | [m[32mImported empty block #1,352 / 0 tx / 0 pending / 0 (0.0%) gas / (0xa2749faf091cf69713a81f1f8f21d4c7ec4879434fea194b29929562327435e8)
[m[2m2026-05-31 16:50:15.024-0400[m[2m | [m[2mBftProcessorExecutor-QBFT-0[m[2m | [m[32mINFO [m[2m | [m[2mQbftBesuControllerBuilder[m[2m | [m[32mProduced empty block #1,353 / 0 tx / 0 pending / 0 (0.0%) gas / (0x2233c0a71b5e028f01f75925929058442369001a246c6ad6188680339935aef3)
[m[2m2026-05-31 16:50:17.026-0400[m[2m | [m[2mBftProcessorExecutor-QBFT-0[m[2m | [m[32mINFO [m[2m | [m[2mQbftBesuControllerBuilder[m[2m | [m[32mImported empty block #1,354 / 0 tx / 0 pending / 0 (0.0%) gas / (0x96aa8c4ab041e3b6c24eda250c46949f0cebcb15320dc6c8315a925c33654167)
[m[2m2026-05-31 16:50:19.028-0400[m[2m | [m[2mBftProcessorExecutor-QBFT-0[m[2m | [m[32mINFO [m[2m | [m[2mQbftBesuControllerBuilder[m[2m | [m[32mImported empty block #1,355 / 0 tx / 0 pending / 0 (0.0%) gas / (0x0191de0b5eb1df0a83f910cdc07b7e3d0b5d2bf5f97c3585834d40dfbaf04dfd)
[m[2m2026-05-31 16:50:21.025-0400[m[2m | [m[2mBftProcessorExecutor-QBFT-0[m[2m | [m[32mINFO [m[2m | [m[2mQbftBesuControllerBuilder[m[2m | [m[32mImported empty block #1,356 / 0 tx / 0 pending / 0 (0.0%) gas / (0x5292e8128488554a31ef1d6a8ce9dc8483755cdddd77767157d9d988d09f2d9c)
[m[2m2026-05-31 16:50:23.031-0400[m[2m | [m[2mBftProcessorExecutor-QBFT-0[m[2m | [m[32mINFO [m[2m | [m[2mQbftBesuControllerBuilder[m[2m | [m[32mProduced empty block #1,357 / 0 tx / 0 pending / 0 (0.0%) gas / (0x5fb396dfcece0e6dd2f004643db79cba377c8358d827c53c2b24e7ec922660db)
[m[2m2026-05-31 16:50:25.028-0400[m[2m | [m[2mBftProcessorExecutor-QBFT-0[m[2m | [m[32mINFO [m[2m | [m[2mQbftBesuControllerBuilder[m[2m | [m[32mImported empty block #1,358 / 0 tx / 0 pending / 0 (0.0%) gas / (0xe5e94b79a104a865aeacebb4abe01588d535d7b9d406e7b8ef8311fff94c2fa7)
[m[2m2026-05-31 16:50:27.031-0400[m[2m | [m[2mBftProcessorExecutor-QBFT-0[m[2m | [m[32mINFO [m[2m | [m[2mQbftBesuControllerBuilder[m[2m | [m[32mImported empty block #1,359 / 0 tx / 0 pending / 0 (0.0%) gas / (0xd480b04719c0e14f5cc71f3637d685e78743658d944cba27dcd6b8db7baadc2c)
[m[2m2026-05-31 16:50:27.032-0400[m[2m | [m[2mEthScheduler-Workers-156[m[2m | [m[32mINFO [m[2m | [m[2mPersistBlockTask[m[2m | [m[32mBlock 1359 (0xd480b04719c0e14f5cc71f3637d685e78743658d944cba27dcd6b8db7baadc2c) is already imported
[m[2m2026-05-31 16:50:29.035-0400[m[2m | [m[2mBftProcessorExecutor-QBFT-0[m[2m | [m[32mINFO [m[2m | [m[2mQbftBesuControllerBuilder[m[2m | [m[32mImported empty block #1,360 / 0 tx / 0 pending / 0 (0.0%) gas / (0x31f46b056e881892cf81fb8349ce5fbb7ebe8e44fc1c4e62ffb39987aa556d77)
[m[2m2026-05-31 16:50:31.010-0400[m[2m | [m[2mBftProcessorExecutor-QBFT-0[m[2m | [m[32mINFO [m[2m | [m[2mQbftBesuControllerBuilder[m[2m | [m[32mProduced empty block #1,361 / 0 tx / 0 pending / 0 (0.0%) gas / (0x6b5737dd5ec0eaf9a12a05a115e0c8974bd69aeac8e1f08cc7ea8c507d8d7ce0)
[m[2m2026-05-31 16:50:33.026-0400[m[2m | [m[2mBftProcessorExecutor-QBFT-0[m[2m | [m[32mINFO [m[2m | [m[2mQbftBesuControllerBuilder[m[2m | [m[32mImported empty block #1,362 / 0 tx / 0 pending / 0 (0.0%) gas / (0x58f7216a0ae1cb6cbb621f9027d219f254228cc19321fa325c83764d0b689374)
[m[2m2026-05-31 16:50:35.027-0400[m[2m | [m[2mBftProcessorExecutor-QBFT-0[m[2m | [m[32mINFO [m[2m | [m[2mQbftBesuControllerBuilder[m[2m | [m[32mImported empty block #1,363 / 0 tx / 0 pending / 0 (0.0%) gas / (0xd8cfe8f8f4d9fb993e9fca3f860c2c3fb5164a78223e20941805d818b69cdf95)
[m[2m2026-05-31 16:50:37.029-0400[m[2m | [m[2mBftProcessorExecutor-QBFT-0[m[2m | [m[32mINFO [m[2m | [m[2mQbftBesuControllerBuilder[m[2m | [m[32mImported empty block #1,364 / 0 tx / 0 pending / 0 (0.0%) gas / (0xe1628ec0b02ef0f1fcfb7fb0cfff0bf54406f3e6e1e9db789311fcff7bd95028)
[m[2m2026-05-31 16:50:39.016-0400[m[2m | [m[2mBftProcessorExecutor-QBFT-0[m[2m | [m[32mINFO [m[2m | [m[2mQbftBesuControllerBuilder[m[2m | [m[32mProduced empty block #1,365 / 0 tx / 0 pending / 0 (0.0%) gas / (0x6bcf1c9977f5f50e6b27493f8f65dac6be8dc98330329e8dfadd360466699851)
[m[2m2026-05-31 16:50:41.014-0400[m[2m | [m[2mBftProcessorExecutor-QBFT-0[m[2m | [m[32mINFO [m[2m | [m[2mQbftBesuControllerBuilder[m[2m | [m[32mImported empty block #1,366 / 0 tx / 0 pending / 0 (0.0%) gas / (0x7778c67d1672a89a63d325bc1461eb94a34566d30cef18829768c799e92d4483)
[m[2m2026-05-31 16:50:43.035-0400[m[2m | [m[2mBftProcessorExecutor-QBFT-0[m[2m | [m[32mINFO [m[2m | [m[2mQbftBesuControllerBuilder[m[2m | [m[32mImported empty block #1,367 / 0 tx / 0 pending / 0 (0.0%) gas / (0x992eb828dc21da2ff3483661f9d3220bdd7c2136248f8f3af4afba9de1e7f2d0)
[m[2m2026-05-31 16:50:45.024-0400[m[2m | [m[2mBftProcessorExecutor-QBFT-0[m[2m | [m[32mINFO [m[2m | [m[2mQbftBesuControllerBuilder[m[2m | [m[32mImported empty block #1,368 / 0 tx / 0 pending / 0 (0.0%) gas / (0x8b2c62711d349116430ba39dedb6b543a6da8e72e526b342556002c46bd685cb)
[m[2m2026-05-31 16:50:47.028-0400[m[2m | [m[2mBftProcessorExecutor-QBFT-0[m[2m | [m[32mINFO [m[2m | [m[2mQbftBesuControllerBuilder[m[2m | [m[32mProduced empty block #1,369 / 0 tx / 0 pending / 0 (0.0%) gas / (0xd81b1aeb7cddc1f7c7f6c6a56c8965a8ec274c50f75c670c02e6189045454a3b)
[m[2m2026-05-31 16:50:49.037-0400[m[2m | [m[2mBftProcessorExecutor-QBFT-0[m[2m | [m[32mINFO [m[2m | [m[2mQbftBesuControllerBuilder[m[2m | [m[32mImported empty block #1,370 / 0 tx / 0 pending / 0 (0.0%) gas / (0xab9206b8627a09bd45960f2e47405bcf35942a8bf8a4f91a7f8e52675c4b1922)
[m[2m2026-05-31 16:50:51.029-0400[m[2m | [m[2mBftProcessorExecutor-QBFT-0[m[2m | [m[32mINFO [m[2m | [m[2mQbftBesuControllerBuilder[m[2m | [m[32mImported empty block #1,371 / 0 tx / 0 pending / 0 (0.0%) gas / (0x0bc7703c70a7f293590e4e1e7927e733849ed8a704fa07c7b0620904eca33e7c)
[m[2m2026-05-31 16:50:53.029-0400[m[2m | [m[2mBftProcessorExecutor-QBFT-0[m[2m | [m[32mINFO [m[2m | [m[2mQbftBesuControllerBuilder[m[2m | [m[32mImported empty block #1,372 / 0 tx / 0 pending / 0 (0.0%) gas / (0x662f14241ea971b76ac41d5f3263ca351c11dbf893b61ea70d8e3c97b26b0c91)
[m[2m2026-05-31 16:50:55.026-0400[m[2m | [m[2mBftProcessorExecutor-QBFT-0[m[2m | [m[32mINFO [m[2m | [m[2mQbftBesuControllerBuilder[m[2m | [m[32mProduced empty block #1,373 / 0 tx / 0 pending / 0 (0.0%) gas / (0xf5460b7b1ce6014c8041a0c931c390e5945f5d4dd3dac2a71a94f5b71f3f0cd5)
[m[2m2026-05-31 16:50:57.012-0400[m[2m | [m[2mBftProcessorExecutor-QBFT-0[m[2m | [m[32mINFO [m[2m | [m[2mQbftBesuControllerBuilder[m[2m | [m[32mImported empty block #1,374 / 0 tx / 0 pending / 0 (0.0%) gas / (0xc7c0c66ea632c488ee28cec5a7f9536c9b5f138a48db98ebecb88338b51d80f0)
[m[2m2026-05-31 16:50:59.026-0400[m[2m | [m[2mBftProcessorExecutor-QBFT-0[m[2m | [m[32mINFO [m[2m | [m[2mQbftBesuControllerBuilder[m[2m | [m[32mImported empty block #1,375 / 0 tx / 0 pending / 0 (0.0%) gas / (0x14687f435b87fa5c098d0eec61a3bd8e4b6f15327cd2d36649d844bee442a1ab)
[m[2m2026-05-31 16:51:01.019-0400[m[2m | [m[2mBftProcessorExecutor-QBFT-0[m[2m | [m[32mINFO [m[2m | [m[2mQbftBesuControllerBuilder[m[2m | [m[32mImported empty block #1,376 / 0 tx / 0 pending / 0 (0.0%) gas / (0x7e21660b0c6703d04ab493ee7be428b397c0cd98b7500015077538c949130e2c)
[m[2m2026-05-31 16:51:03.025-0400[m[2m | [m[2mBftProcessorExecutor-QBFT-0[m[2m | [m[32mINFO [m[2m | [m[2mQbftBesuControllerBuilder[m[2m | [m[32mProduced empty block #1,377 / 0 tx / 0 pending / 0 (0.0%) gas / (0xdefd17b2717d185880b2c4cabb27680ae7a2239e89907d878c1077f5b19c66ef)
[m[2m2026-05-31 16:51:05.030-0400[m[2m | [m[2mBftProcessorExecutor-QBFT-0[m[2m | [m[32mINFO [m[2m | [m[2mQbftBesuControllerBuilder[m[2m | [m[32mImported empty block #1,378 / 0 tx / 0 pending / 0 (0.0%) gas / (0x4fe7ca3077aaa6a6c44738f9623ef28f89e163a734c18acde586b306d29f3b43)
[m[2m2026-05-31 16:51:07.021-0400[m[2m | [m[2mBftProcessorExecutor-QBFT-0[m[2m | [m[32mINFO [m[2m | [m[2mQbftBesuControllerBuilder[m[2m | [m[32mImported empty block #1,379 / 0 tx / 0 pending / 0 (0.0%) gas / (0x1d58964e4b176d80ba0f411f701abd0524c1345bc8e4a9cf2c5f1d331e3f11b7)
[m[2m2026-05-31 16:51:07.021-0400[m[2m | [m[2mEthScheduler-Workers-158[m[2m | [m[32mINFO [m[2m | [m[2mPersistBlockTask[m[2m | [m[32mBlock 1379 (0x1d58964e4b176d80ba0f411f701abd0524c1345bc8e4a9cf2c5f1d331e3f11b7) is already imported
[m[2m2026-05-31 16:51:09.020-0400[m[2m | [m[2mBftProcessorExecutor-QBFT-0[m[2m | [m[32mINFO [m[2m | [m[2mQbftBesuControllerBuilder[m[2m | [m[32mImported empty block #1,380 / 0 tx / 0 pending / 0 (0.0%) gas / (0xaed462da643b572bcceba7eb348fa50bdb94ddc6c18f98258effc093e463e61d)
[m[2m2026-05-31 16:51:11.024-0400[m[2m | [m[2mBftProcessorExecutor-QBFT-0[m[2m | [m[32mINFO [m[2m | [m[2mQbftBesuControllerBuilder[m[2m | [m[32mProduced empty block #1,381 / 0 tx / 0 pending / 0 (0.0%) gas / (0x77c5ee9a3c054e1423a728041b9cf6c1fec9b9fffdd02886fe7042e1f324f838)
[m[2m2026-05-31 16:51:13.028-0400[m[2m | [m[2mBftProcessorExecutor-QBFT-0[m[2m | [m[32mINFO [m[2m | [m[2mQbftBesuControllerBuilder[m[2m | [m[32mImported empty block #1,382 / 0 tx / 0 pending / 0 (0.0%) gas / (0x06e802edaedeb111c7d85bb56f4acb8633eccc772c7045389eabe6b8016153e7)
[m[2m2026-05-31 16:51:15.025-0400[m[2m | [m[2mBftProcessorExecutor-QBFT-0[m[2m | [m[32mINFO [m[2m | [m[2mQbftBesuControllerBuilder[m[2m | [m[32mImported empty block #1,383 / 0 tx / 0 pending / 0 (0.0%) gas / (0xe4d28629c657523a02d796c41c1b150943d9b213eaeb1574013e9f756ee2b58b)
[m[2m2026-05-31 16:51:17.028-0400[m[2m | [m[2mBftProcessorExecutor-QBFT-0[m[2m | [m[32mINFO [m[2m | [m[2mQbftBesuControllerBuilder[m[2m | [m[32mImported empty block #1,384 / 0 tx / 0 pending / 0 (0.0%) gas / (0xad56d1d21f694b9f65c06d9c37376d53f36e3e604d0face198a18fb82da6fbd4)
[m[2m2026-05-31 16:51:19.023-0400[m[2m | [m[2mBftProcessorExecutor-QBFT-0[m[2m | [m[32mINFO [m[2m | [m[2mQbftBesuControllerBuilder[m[2m | [m[32mProduced empty block #1,385 / 0 tx / 0 pending / 0 (0.0%) gas / (0x2b7d0f49bbb290e15224d19abc2c9aa66433019150cab0925b7675b051001b30)
[m[2m2026-05-31 16:51:21.029-0400[m[2m | [m[2mBftProcessorExecutor-QBFT-0[m[2m | [m[32mINFO [m[2m | [m[2mQbftBesuControllerBuilder[m[2m | [m[32mImported empty block #1,386 / 0 tx / 0 pending / 0 (0.0%) gas / (0x0e9e9fda1c83d8e0b3fd2729142a9abeece2bb64481fe56c5d18ea08b742b59b)
[m[2m2026-05-31 16:51:23.230-0400[m[2m | [m[2mBftProcessorExecutor-QBFT-0[m[2m | [m[32mINFO [m[2m | [m[2mQbftBesuControllerBuilder[m[2m | [m[32mImported empty block #1,387 / 0 tx / 0 pending / 0 (0.0%) gas / (0xd37e13b5e306f5dbf02f968bc09038b5e273512b682ac478f4fe920d07735f48)
[m[2m2026-05-31 16:51:25.027-0400[m[2m | [m[2mBftProcessorExecutor-QBFT-0[m[2m | [m[32mINFO [m[2m | [m[2mQbftBesuControllerBuilder[m[2m | [m[32mImported empty block #1,388 / 0 tx / 0 pending / 0 (0.0%) gas / (0x5b917ec4b0112fbc4255d34912aa26e11bbea073e56a94e2761cc1e626e96764)
[m[2m2026-05-31 16:51:27.033-0400[m[2m | [m[2mBftProcessorExecutor-QBFT-0[m[2m | [m[32mINFO [m[2m | [m[2mQbftBesuControllerBuilder[m[2m | [m[32mProduced empty block #1,389 / 0 tx / 0 pending / 0 (0.0%) gas / (0xbff0516d21f490360ce46bd7d18a8f9f4d708447956b625f48785e39998f36c5)
[m[2m2026-05-31 16:51:29.022-0400[m[2m | [m[2mBftProcessorExecutor-QBFT-0[m[2m | [m[32mINFO [m[2m | [m[2mQbftBesuControllerBuilder[m[2m | [m[32mImported empty block #1,390 / 0 tx / 0 pending / 0 (0.0%) gas / (0x220a9638a574f09cd19a1a5f4c22f55d79e02130f47674d95ae61ea6d18d6779)
[m[2m2026-05-31 16:51:31.030-0400[m[2m | [m[2mBftProcessorExecutor-QBFT-0[m[2m | [m[32mINFO [m[2m | [m[2mQbftBesuControllerBuilder[m[2m | [m[32mImported empty block #1,391 / 0 tx / 0 pending / 0 (0.0%) gas / (0x3eb4247921d27351f6f64c94fbee319b8816231c496f26039dc0cd3187b5b779)
[m[2m2026-05-31 16:51:33.031-0400[m[2m | [m[2mBftProcessorExecutor-QBFT-0[m[2m | [m[32mINFO [m[2m | [m[2mQbftBesuControllerBuilder[m[2m | [m[32mImported empty block #1,392 / 0 tx / 0 pending / 0 (0.0%) gas / (0x474152e3d64cf984fe544417da158ca5bc5e9b151ee493361e1bda8b5b3a6304)
[m[2m2026-05-31 16:51:33.033-0400[m[2m | [m[2mEthScheduler-Workers-160[m[2m | [m[32mINFO [m[2m | [m[2mPersistBlockTask[m[2m | [m[32mBlock 1392 (0x474152e3d64cf984fe544417da158ca5bc5e9b151ee493361e1bda8b5b3a6304) is already imported
[m[2m2026-05-31 16:51:35.030-0400[m[2m | [m[2mBftProcessorExecutor-QBFT-0[m[2m | [m[32mINFO [m[2m | [m[2mQbftBesuControllerBuilder[m[2m | [m[32mProduced empty block #1,393 / 0 tx / 0 pending / 0 (0.0%) gas / (0xf19104a46fac909bdba2aa5603784e49e9974d0060d2a76c30aa4e5a7dfd155b)
[m[2m2026-05-31 16:51:37.024-0400[m[2m | [m[2mBftProcessorExecutor-QBFT-0[m[2m | [m[32mINFO [m[2m | [m[2mQbftBesuControllerBuilder[m[2m | [m[32mImported empty block #1,394 / 0 tx / 0 pending / 0 (0.0%) gas / (0x9ae26dfb72e86113439aaba6b3e7f3f52a991d26c55b741ccb055fab3ec3baef)
[m[2m2026-05-31 16:51:39.027-0400[m[2m | [m[2mBftProcessorExecutor-QBFT-0[m[2m | [m[32mINFO [m[2m | [m[2mQbftBesuControllerBuilder[m[2m | [m[32mImported empty block #1,395 / 0 tx / 0 pending / 0 (0.0%) gas / (0xfccd67611c805b36dd81844d06ffccfeab7c830e6797d97bc2849441637a6502)
[m[2m2026-05-31 16:51:41.015-0400[m[2m | [m[2mBftProcessorExecutor-QBFT-0[m[2m | [m[32mINFO [m[2m | [m[2mQbftBesuControllerBuilder[m[2m | [m[32mImported empty block #1,396 / 0 tx / 0 pending / 0 (0.0%) gas / (0xca816d1e830f0fbb3e82f469113c906f80412903ad19ec1acbfa5e447b564da8)
[m[2m2026-05-31 16:51:43.029-0400[m[2m | [m[2mBftProcessorExecutor-QBFT-0[m[2m | [m[32mINFO [m[2m | [m[2mQbftBesuControllerBuilder[m[2m | [m[32mProduced empty block #1,397 / 0 tx / 0 pending / 0 (0.0%) gas / (0x956979192f8982e4569bd37a5dc29282339d7e60169f9d4e14cb4e70f47f62ed)
[m[2m2026-05-31 16:51:45.028-0400[m[2m | [m[2mBftProcessorExecutor-QBFT-0[m[2m | [m[32mINFO [m[2m | [m[2mQbftBesuControllerBuilder[m[2m | [m[32mImported empty block #1,398 / 0 tx / 0 pending / 0 (0.0%) gas / (0xdfa8be92883f1127c282a0abc5d418b9bfbb8e7036693d77077569badb60c784)
[m[2m2026-05-31 16:51:47.030-0400[m[2m | [m[2mBftProcessorExecutor-QBFT-0[m[2m | [m[32mINFO [m[2m | [m[2mQbftBesuControllerBuilder[m[2m | [m[32mImported empty block #1,399 / 0 tx / 0 pending / 0 (0.0%) gas / (0x70ab8bc1571b57a439eaa879fd352e40958f61d3d242773071fcead42eecfc4a)
[m[2m2026-05-31 16:51:49.030-0400[m[2m | [m[2mBftProcessorExecutor-QBFT-0[m[2m | [m[32mINFO [m[2m | [m[2mQbftBesuControllerBuilder[m[2m | [m[32mImported empty block #1,400 / 0 tx / 0 pending / 0 (0.0%) gas / (0x25f2a08ba2dbefeeba4b628c0042c155f502ae0f149258f0aebe0a3eda15622d)
[m[2m2026-05-31 16:51:51.033-0400[m[2m | [m[2mBftProcessorExecutor-QBFT-0[m[2m | [m[32mINFO [m[2m | [m[2mQbftBesuControllerBuilder[m[2m | [m[32mProduced empty block #1,401 / 0 tx / 0 pending / 0 (0.0%) gas / (0xf8242983517dbdf5fd7fa4f43e9a90a2a4aa734116ceebc6a38793e26321ec96)
[m[2m2026-05-31 16:51:53.036-0400[m[2m | [m[2mBftProcessorExecutor-QBFT-0[m[2m | [m[32mINFO [m[2m | [m[2mQbftBesuControllerBuilder[m[2m | [m[32mImported empty block #1,402 / 0 tx / 0 pending / 0 (0.0%) gas / (0x200ac3cc468decc724f59d59b09305ca575f4f4468d388569115b72b44327c84)
[m[2m2026-05-31 16:51:53.036-0400[m[2m | [m[2mEthScheduler-Workers-162[m[2m | [m[32mINFO [m[2m | [m[2mPersistBlockTask[m[2m | [m[32mBlock 1402 (0x200ac3cc468decc724f59d59b09305ca575f4f4468d388569115b72b44327c84) is already imported
[m[2m2026-05-31 16:51:55.034-0400[m[2m | [m[2mBftProcessorExecutor-QBFT-0[m[2m | [m[32mINFO [m[2m | [m[2mQbftBesuControllerBuilder[m[2m | [m[32mImported empty block #1,403 / 0 tx / 0 pending / 0 (0.0%) gas / (0x74a95b3cd513dcbd1a528891c7f6981602107eecc29beaf87db7fcee870d218d)
[m[2m2026-05-31 16:51:57.028-0400[m[2m | [m[2mBftProcessorExecutor-QBFT-0[m[2m | [m[32mINFO [m[2m | [m[2mQbftBesuControllerBuilder[m[2m | [m[32mImported empty block #1,404 / 0 tx / 0 pending / 0 (0.0%) gas / (0x50059b9aec9695138dc4f2e57c6b86431b41ded9b2502ce27f84745a037930d0)
[m[2m2026-05-31 16:51:59.022-0400[m[2m | [m[2mBftProcessorExecutor-QBFT-0[m[2m | [m[32mINFO [m[2m | [m[2mQbftBesuControllerBuilder[m[2m | [m[32mProduced empty block #1,405 / 0 tx / 0 pending / 0 (0.0%) gas / (0x2469fc68b53497d676866aa87b55ad16cc17aa7c256ef9b544b84bf3c944905c)
[m[2m2026-05-31 16:52:01.022-0400[m[2m | [m[2mBftProcessorExecutor-QBFT-0[m[2m | [m[32mINFO [m[2m | [m[2mQbftBesuControllerBuilder[m[2m | [m[32mImported empty block #1,406 / 0 tx / 0 pending / 0 (0.0%) gas / (0x7d419c4ccac68aeff7c84bc5a9f7cb3a54e53e3d81324496879fd81bfe28573c)
[m[2m2026-05-31 16:52:03.031-0400[m[2m | [m[2mBftProcessorExecutor-QBFT-0[m[2m | [m[32mINFO [m[2m | [m[2mQbftBesuControllerBuilder[m[2m | [m[32mImported empty block #1,407 / 0 tx / 0 pending / 0 (0.0%) gas / (0x0814b3989b5b07712c659545d2bd354651983eb293dc4c8aeaa52be56a945c7a)
[m[2m2026-05-31 16:52:03.031-0400[m[2m | [m[2mEthScheduler-Workers-164[m[2m | [m[32mINFO [m[2m | [m[2mPersistBlockTask[m[2m | [m[32mBlock 1407 (0x0814b3989b5b07712c659545d2bd354651983eb293dc4c8aeaa52be56a945c7a) is already imported
[m[2m2026-05-31 16:52:05.010-0400[m[2m | [m[2mBftProcessorExecutor-QBFT-0[m[2m | [m[32mINFO [m[2m | [m[2mQbftBesuControllerBuilder[m[2m | [m[32mImported empty block #1,408 / 0 tx / 0 pending / 0 (0.0%) gas / (0xe4c7c79d578e71a991471ddd7b4a64a60522c74ac2a87dcb1f356e4069646f85)
[m[2m2026-05-31 16:52:07.022-0400[m[2m | [m[2mBftProcessorExecutor-QBFT-0[m[2m | [m[32mINFO [m[2m | [m[2mQbftBesuControllerBuilder[m[2m | [m[32mProduced empty block #1,409 / 0 tx / 0 pending / 0 (0.0%) gas / (0x950cbf20b6de1a84c75f6e7940140bbe10ea7472925e04fd2e7cb9bb7c1d6ca1)
[m[2m2026-05-31 16:52:09.010-0400[m[2m | [m[2mBftProcessorExecutor-QBFT-0[m[2m | [m[32mINFO [m[2m | [m[2mQbftBesuControllerBuilder[m[2m | [m[32mImported empty block #1,410 / 0 tx / 0 pending / 0 (0.0%) gas / (0x2f4ca52f397b9a0160ac226294f6bfbb4e189e5178b1d769c3af35c045d88ca3)
[m[2m2026-05-31 16:52:11.015-0400[m[2m | [m[2mBftProcessorExecutor-QBFT-0[m[2m | [m[32mINFO [m[2m | [m[2mQbftBesuControllerBuilder[m[2m | [m[32mImported block #1,411 / 1 tx / 1 pending / 39,928 (0.8%) gas / (0x81efbdc84f02ef95a5340f57931ed377dd92b74282dd34cef2c985f7f6bda317)
[m[2m2026-05-31 16:52:13.028-0400[m[2m | [m[2mBftProcessorExecutor-QBFT-0[m[2m | [m[32mINFO [m[2m | [m[2mQbftBesuControllerBuilder[m[2m | [m[32mImported block #1,412 / 1 tx / 1 pending / 39,928 (0.8%) gas / (0xd39a059fc1271382eed6b4f4821f59128078659c637495aec5e7912e75735fc5)
[m[2m2026-05-31 16:52:15.014-0400[m[2m | [m[2mBftProcessorExecutor-QBFT-0[m[2m | [m[32mINFO [m[2m | [m[2mQbftBesuControllerBuilder[m[2m | [m[32mProduced empty block #1,413 / 0 tx / 0 pending / 0 (0.0%) gas / (0x44edbab891b70cee4c550cad13da35ae9c96413bd745a8f3284f69538ac26b44)
[m[2m2026-05-31 16:52:17.020-0400[m[2m | [m[2mBftProcessorExecutor-QBFT-0[m[2m | [m[32mINFO [m[2m | [m[2mQbftBesuControllerBuilder[m[2m | [m[32mImported empty block #1,414 / 0 tx / 0 pending / 0 (0.0%) gas / (0x6ec042d428915a26e7d4a61014080e7da756c243ea1bb89ea364f667e322b332)
[m[2m2026-05-31 16:52:19.014-0400[m[2m | [m[2mBftProcessorExecutor-QBFT-0[m[2m | [m[32mINFO [m[2m | [m[2mQbftBesuControllerBuilder[m[2m | [m[32mImported empty block #1,415 / 0 tx / 0 pending / 0 (0.0%) gas / (0x82f168ed9000ea9e56c23b9db2950459d51232ca53659876b9d25d4d7f09fb8b)
[m[2m2026-05-31 16:52:19.014-0400[m[2m | [m[2mEthScheduler-Workers-165[m[2m | [m[32mINFO [m[2m | [m[2mPersistBlockTask[m[2m | [m[32mImported empty block #1,415 / 0 tx / 0 om / 0 (0.0%) gas / (0x82f168ed9000ea9e56c23b9db2950459d51232ca53659876b9d25d4d7f09fb8b) in 0.000s. Peers: 3
[m[2m2026-05-31 16:52:21.022-0400[m[2m | [m[2mBftProcessorExecutor-QBFT-0[m[2m | [m[32mINFO [m[2m | [m[2mQbftBesuControllerBuilder[m[2m | [m[32mImported empty block #1,416 / 0 tx / 0 pending / 0 (0.0%) gas / (0x79dcad277615df6cec1491f3733cf09df5e3dae83b152472bc30dc755d847735)
[m[2m2026-05-31 16:52:23.010-0400[m[2m | [m[2mBftProcessorExecutor-QBFT-0[m[2m | [m[32mINFO [m[2m | [m[2mQbftBesuControllerBuilder[m[2m | [m[32mProduced empty block #1,417 / 0 tx / 0 pending / 0 (0.0%) gas / (0x353b330073526ef1e1d9e3a0f86b94ece8df6924df62de24ce0984c88078302a)
[m[2m2026-05-31 16:52:25.012-0400[m[2m | [m[2mBftProcessorExecutor-QBFT-0[m[2m | [m[32mINFO [m[2m | [m[2mQbftBesuControllerBuilder[m[2m | [m[32mImported empty block #1,418 / 0 tx / 0 pending / 0 (0.0%) gas / (0x5af11a53103b0ab7d69d64f08777defc857741e45c671d8abee515cf9eb6c7ed)
[m[2m2026-05-31 16:52:27.013-0400[m[2m | [m[2mBftProcessorExecutor-QBFT-0[m[2m | [m[32mINFO [m[2m | [m[2mQbftBesuControllerBuilder[m[2m | [m[32mImported empty block #1,419 / 0 tx / 0 pending / 0 (0.0%) gas / (0xbdbe9cf564a960e192e11a618f2463db6d9da08898709b909ef6e351634c67ff)
[m[2m2026-05-31 16:52:29.022-0400[m[2m | [m[2mBftProcessorExecutor-QBFT-0[m[2m | [m[32mINFO [m[2m | [m[2mQbftBesuControllerBuilder[m[2m | [m[32mImported empty block #1,420 / 0 tx / 0 pending / 0 (0.0%) gas / (0x8d867d3465ad0031be5c4236f856279fc853d6204154adbabef5e07aeba64954)
[m[2m2026-05-31 16:52:31.025-0400[m[2m | [m[2mBftProcessorExecutor-QBFT-0[m[2m | [m[32mINFO [m[2m | [m[2mQbftBesuControllerBuilder[m[2m | [m[32mProduced empty block #1,421 / 0 tx / 0 pending / 0 (0.0%) gas / (0x58df6305e1e24d9cb95c4fff291ac73adedb8b617214bf198fdb7f6e387fc4e2)
[m[2m2026-05-31 16:52:33.011-0400[m[2m | [m[2mBftProcessorExecutor-QBFT-0[m[2m | [m[32mINFO [m[2m | [m[2mQbftBesuControllerBuilder[m[2m | [m[32mImported empty block #1,422 / 0 tx / 0 pending / 0 (0.0%) gas / (0x756f0440111ea316b8e89d14b660f1dba2131928d0ddafb2169643eccec42871)
[m[2m2026-05-31 16:52:35.020-0400[m[2m | [m[2mBftProcessorExecutor-QBFT-0[m[2m | [m[32mINFO [m[2m | [m[2mQbftBesuControllerBuilder[m[2m | [m[32mImported empty block #1,423 / 0 tx / 0 pending / 0 (0.0%) gas / (0x42449bb1108322638f945fc6b857d15b9b838f8661cbd944f99dacf27437bbc3)
[m[2m2026-05-31 16:52:37.027-0400[m[2m | [m[2mBftProcessorExecutor-QBFT-0[m[2m | [m[32mINFO [m[2m | [m[2mQbftBesuControllerBuilder[m[2m | [m[32mImported empty block #1,424 / 0 tx / 0 pending / 0 (0.0%) gas / (0xeb3716d316558e3ac344eda2c06bf3c77d2dfffe932d1b82d3c7bd130b56814b)
[m[2m2026-05-31 16:52:39.023-0400[m[2m | [m[2mBftProcessorExecutor-QBFT-0[m[2m | [m[32mINFO [m[2m | [m[2mQbftBesuControllerBuilder[m[2m | [m[32mProduced empty block #1,425 / 0 tx / 0 pending / 0 (0.0%) gas / (0x7f6389b3395323b2c6b1ee7d55bce5e1dedd95db49a41d7b19ee46d2ad5bb0a5)
[m[2m2026-05-31 16:52:41.025-0400[m[2m | [m[2mBftProcessorExecutor-QBFT-0[m[2m | [m[32mINFO [m[2m | [m[2mQbftBesuControllerBuilder[m[2m | [m[32mImported empty block #1,426 / 0 tx / 0 pending / 0 (0.0%) gas / (0x4e2bf261a4cc4e28736f18a1c7a555f9d173a57f57620ccf7d048274f2038a2e)
[m[2m2026-05-31 16:52:43.026-0400[m[2m | [m[2mBftProcessorExecutor-QBFT-0[m[2m | [m[32mINFO [m[2m | [m[2mQbftBesuControllerBuilder[m[2m | [m[32mImported empty block #1,427 / 0 tx / 0 pending / 0 (0.0%) gas / (0x5cf9d1de7e01a45e4f8b540a9217aa2d53d5ed0e4063afffc366a24dc4603e44)
[m[2m2026-05-31 16:52:45.027-0400[m[2m | [m[2mBftProcessorExecutor-QBFT-0[m[2m | [m[32mINFO [m[2m | [m[2mQbftBesuControllerBuilder[m[2m | [m[32mImported empty block #1,428 / 0 tx / 0 pending / 0 (0.0%) gas / (0x3cec3e5609001ff6ffe6ee44c2acd6313db05dd46350320cd0993332cb594bc0)
[m[2m2026-05-31 16:52:47.033-0400[m[2m | [m[2mBftProcessorExecutor-QBFT-0[m[2m | [m[32mINFO [m[2m | [m[2mQbftBesuControllerBuilder[m[2m | [m[32mProduced empty block #1,429 / 0 tx / 0 pending / 0 (0.0%) gas / (0x4f0100163d80b1c94d7ec363e5a2183e6f5435c074bbfd4d2b00cbf9859358c8)
[m[2m2026-05-31 16:52:49.029-0400[m[2m | [m[2mBftProcessorExecutor-QBFT-0[m[2m | [m[32mINFO [m[2m | [m[2mQbftBesuControllerBuilder[m[2m | [m[32mImported empty block #1,430 / 0 tx / 0 pending / 0 (0.0%) gas / (0x442c9c015fa3dfd0cf58b6631f244ae5308014c882327a831397470806e9ea5b)
[m[2m2026-05-31 16:52:51.026-0400[m[2m | [m[2mBftProcessorExecutor-QBFT-0[m[2m | [m[32mINFO [m[2m | [m[2mQbftBesuControllerBuilder[m[2m | [m[32mImported empty block #1,431 / 0 tx / 0 pending / 0 (0.0%) gas / (0xdef9306a2c494e981fe0f233cc48e7d2efdb79b68cced5219f00b38446bbc517)
[m[2m2026-05-31 16:52:53.016-0400[m[2m | [m[2mBftProcessorExecutor-QBFT-0[m[2m | [m[32mINFO [m[2m | [m[2mQbftBesuControllerBuilder[m[2m | [m[32mImported empty block #1,432 / 0 tx / 0 pending / 0 (0.0%) gas / (0xd090ccf1c186b826676ed2f5f2b656fb11fb6309804d05356b3faeb6dd32a2fb)
[m[2m2026-05-31 16:52:53.016-0400[m[2m | [m[2mEthScheduler-Workers-166[m[2m | [m[32mINFO [m[2m | [m[2mPersistBlockTask[m[2m | [m[32mBlock 1432 (0xd090ccf1c186b826676ed2f5f2b656fb11fb6309804d05356b3faeb6dd32a2fb) is already imported
[m[2m2026-05-31 16:52:55.014-0400[m[2m | [m[2mBftProcessorExecutor-QBFT-0[m[2m | [m[32mINFO [m[2m | [m[2mQbftBesuControllerBuilder[m[2m | [m[32mProduced empty block #1,433 / 0 tx / 0 pending / 0 (0.0%) gas / (0xc3e92197893df5c023909b28c785100141d483847c2f7e294c8126abcd48f4a0)
[m[2m2026-05-31 16:52:57.015-0400[m[2m | [m[2mBftProcessorExecutor-QBFT-0[m[2m | [m[32mINFO [m[2m | [m[2mQbftBesuControllerBuilder[m[2m | [m[32mImported empty block #1,434 / 0 tx / 0 pending / 0 (0.0%) gas / (0xa84878108e210fc868865345409c9f41b15afa5b721604d22ad7d29f8d70be35)
[m[2m2026-05-31 16:52:57.015-0400[m[2m | [m[2mEthScheduler-Workers-168[m[2m | [m[32mINFO [m[2m | [m[2mPersistBlockTask[m[2m | [m[32mBlock 1434 (0xa84878108e210fc868865345409c9f41b15afa5b721604d22ad7d29f8d70be35) is already imported
[m[2m2026-05-31 16:52:59.025-0400[m[2m | [m[2mBftProcessorExecutor-QBFT-0[m[2m | [m[32mINFO [m[2m | [m[2mQbftBesuControllerBuilder[m[2m | [m[32mImported empty block #1,435 / 0 tx / 0 pending / 0 (0.0%) gas / (0xb5d569a6a5efef2f9c71bca11ac6505d5691dee14c29e02779a3e8df0ab153e1)
[m[2m2026-05-31 16:53:01.041-0400[m[2m | [m[2mBftProcessorExecutor-QBFT-0[m[2m | [m[32mINFO [m[2m | [m[2mQbftBesuControllerBuilder[m[2m | [m[32mImported empty block #1,436 / 0 tx / 0 pending / 0 (0.0%) gas / (0x541b316aaaea04ac4b3284bd4272f70f046fe0da22c3f24b4a3fbd5a5eb69228)
[m[2m2026-05-31 16:53:03.051-0400[m[2m | [m[2mBftProcessorExecutor-QBFT-0[m[2m | [m[32mINFO [m[2m | [m[2mQbftBesuControllerBuilder[m[2m | [m[32mProduced empty block #1,437 / 0 tx / 0 pending / 0 (0.0%) gas / (0x0aea2c71260ecace2c02ac41f3faa2f93cf4a1258265e98587a6504c8d586d8d)
[m[2m2026-05-31 16:53:05.023-0400[m[2m | [m[2mBftProcessorExecutor-QBFT-0[m[2m | [m[32mINFO [m[2m | [m[2mQbftBesuControllerBuilder[m[2m | [m[32mImported empty block #1,438 / 0 tx / 0 pending / 0 (0.0%) gas / (0xf4adbee582129128744c8f84b37be7b84c47aec98d0a26b8d3e1676ee8205e28)
[m[2m2026-05-31 16:53:07.035-0400[m[2m | [m[2mBftProcessorExecutor-QBFT-0[m[2m | [m[32mINFO [m[2m | [m[2mQbftBesuControllerBuilder[m[2m | [m[32mImported empty block #1,439 / 0 tx / 0 pending / 0 (0.0%) gas / (0xa09da2547577ed4f95c37cfa39843350cac79fbdffc20d095e07e5038faf7205)
[m[2m2026-05-31 16:53:09.024-0400[m[2m | [m[2mBftProcessorExecutor-QBFT-0[m[2m | [m[32mINFO [m[2m | [m[2mQbftBesuControllerBuilder[m[2m | [m[32mImported empty block #1,440 / 0 tx / 0 pending / 0 (0.0%) gas / (0x02a8222543654b83ca52e43d6c6d5be4f10617910785f93f2912577859cc79d2)
[m[2m2026-05-31 16:53:11.029-0400[m[2m | [m[2mBftProcessorExecutor-QBFT-0[m[2m | [m[32mINFO [m[2m | [m[2mQbftBesuControllerBuilder[m[2m | [m[32mProduced empty block #1,441 / 0 tx / 0 pending / 0 (0.0%) gas / (0xc187adf0ffed9d9a0b5d029153b94853bda087a2b3658599b881fad24a27efeb)
[m[2m2026-05-31 16:53:13.031-0400[m[2m | [m[2mBftProcessorExecutor-QBFT-0[m[2m | [m[32mINFO [m[2m | [m[2mQbftBesuControllerBuilder[m[2m | [m[32mImported empty block #1,442 / 0 tx / 0 pending / 0 (0.0%) gas / (0x3cba2ec1b9c0a58e1610246a1e75979d075952ddae7d33274b27166b1d0fbc0e)
[m[2m2026-05-31 16:53:15.025-0400[m[2m | [m[2mBftProcessorExecutor-QBFT-0[m[2m | [m[32mINFO [m[2m | [m[2mQbftBesuControllerBuilder[m[2m | [m[32mImported empty block #1,443 / 0 tx / 0 pending / 0 (0.0%) gas / (0xd3b34945a93fb529f155fd3fe466dae74b88ae96f53283c63ab1bad8630a2bb2)
[m[2m2026-05-31 16:53:17.037-0400[m[2m | [m[2mBftProcessorExecutor-QBFT-0[m[2m | [m[32mINFO [m[2m | [m[2mQbftBesuControllerBuilder[m[2m | [m[32mImported empty block #1,444 / 0 tx / 0 pending / 0 (0.0%) gas / (0x8201438adf2686e709f4f995c9ae0fe31dd12843f17ee2cec9ff0c2942698746)
[m[2m2026-05-31 16:53:17.037-0400[m[2m | [m[2mEthScheduler-Workers-169[m[2m | [m[32mINFO [m[2m | [m[2mPersistBlockTask[m[2m | [m[32mBlock 1444 (0x8201438adf2686e709f4f995c9ae0fe31dd12843f17ee2cec9ff0c2942698746) is already imported
[m[2m2026-05-31 16:53:19.029-0400[m[2m | [m[2mBftProcessorExecutor-QBFT-0[m[2m | [m[32mINFO [m[2m | [m[2mQbftBesuControllerBuilder[m[2m | [m[32mProduced empty block #1,445 / 0 tx / 0 pending / 0 (0.0%) gas / (0xa2a6fed69d0af30526548ff871aee49d700a94cdee6053ac68f51c05e2b7828c)
[m[2m2026-05-31 16:53:21.028-0400[m[2m | [m[2mBftProcessorExecutor-QBFT-0[m[2m | [m[32mINFO [m[2m | [m[2mQbftBesuControllerBuilder[m[2m | [m[32mImported empty block #1,446 / 0 tx / 0 pending / 0 (0.0%) gas / (0x4bf16e817da78ddfbb99add9171006d68657d86193eac93850c0213875b8ca9b)
[m[2m2026-05-31 16:53:23.033-0400[m[2m | [m[2mBftProcessorExecutor-QBFT-0[m[2m | [m[32mINFO [m[2m | [m[2mQbftBesuControllerBuilder[m[2m | [m[32mImported empty block #1,447 / 0 tx / 0 pending / 0 (0.0%) gas / (0xbba3ea1d280df61109270594fa00197c46d8660357e11b09327d0bb3581ccdc4)
[m[2m2026-05-31 16:53:25.030-0400[m[2m | [m[2mBftProcessorExecutor-QBFT-0[m[2m | [m[32mINFO [m[2m | [m[2mQbftBesuControllerBuilder[m[2m | [m[32mImported empty block #1,448 / 0 tx / 0 pending / 0 (0.0%) gas / (0x360de622256c474a9986decb47c711c6046e2de61fb806293ff2dc99c4fa22b5)
[m[2m2026-05-31 16:53:25.030-0400[m[2m | [m[2mEthScheduler-Workers-171[m[2m | [m[32mINFO [m[2m | [m[2mPersistBlockTask[m[2m | [m[32mBlock 1448 (0x360de622256c474a9986decb47c711c6046e2de61fb806293ff2dc99c4fa22b5) is already imported
[m[2m2026-05-31 16:53:27.028-0400[m[2m | [m[2mEthScheduler-Workers-160[m[2m | [m[32mINFO [m[2m | [m[2mPersistBlockTask[m[2m | [m[32mBlock 1449 (0x5f5b7bbc179b7b1f779d56e22f78484c2bc520e903e5a67f190e1cae66f6adb2) is already imported
[m[2m2026-05-31 16:53:27.028-0400[m[2m | [m[2mBftProcessorExecutor-QBFT-0[m[2m | [m[32mINFO [m[2m | [m[2mQbftBesuControllerBuilder[m[2m | [m[32mProduced empty block #1,449 / 0 tx / 0 pending / 0 (0.0%) gas / (0x5f5b7bbc179b7b1f779d56e22f78484c2bc520e903e5a67f190e1cae66f6adb2)
[m[2m2026-05-31 16:53:29.032-0400[m[2m | [m[2mBftProcessorExecutor-QBFT-0[m[2m | [m[32mINFO [m[2m | [m[2mQbftBesuControllerBuilder[m[2m | [m[32mImported empty block #1,450 / 0 tx / 0 pending / 0 (0.0%) gas / (0xd283afe382626de87fdc19a04b01e30dc93926ae8a8e6c859d5a0d81854386a6)
[m[2m2026-05-31 16:53:31.024-0400[m[2m | [m[2mBftProcessorExecutor-QBFT-0[m[2m | [m[32mINFO [m[2m | [m[2mQbftBesuControllerBuilder[m[2m | [m[32mImported empty block #1,451 / 0 tx / 0 pending / 0 (0.0%) gas / (0xaa9f89c23edb6e81a5654d1a08e43009934b53a18b1b85dda1a04c58b6842dbc)
[m[2m2026-05-31 16:53:33.025-0400[m[2m | [m[2mBftProcessorExecutor-QBFT-0[m[2m | [m[32mINFO [m[2m | [m[2mQbftBesuControllerBuilder[m[2m | [m[32mImported empty block #1,452 / 0 tx / 0 pending / 0 (0.0%) gas / (0x00e8feea9614908592a4b22a0126f1adfe02d8d5bd5523de768443a25d4e5ee2)
[m[2m2026-05-31 16:53:35.026-0400[m[2m | [m[2mBftProcessorExecutor-QBFT-0[m[2m | [m[32mINFO [m[2m | [m[2mQbftBesuControllerBuilder[m[2m | [m[32mProduced empty block #1,453 / 0 tx / 0 pending / 0 (0.0%) gas / (0x40e477a2a49450d42519ed0db91803a4e6f51cb08e0c4afb0c691ca9dcab8c7f)
[m[2m2026-05-31 16:53:37.012-0400[m[2m | [m[2mBftProcessorExecutor-QBFT-0[m[2m | [m[32mINFO [m[2m | [m[2mQbftBesuControllerBuilder[m[2m | [m[32mImported empty block #1,454 / 0 tx / 0 pending / 0 (0.0%) gas / (0x4427be40714e93420dbfaa6f0422b344479eab98d1b659e54d1bb88d99dfef85)
[m[2m2026-05-31 16:53:39.019-0400[m[2m | [m[2mBftProcessorExecutor-QBFT-0[m[2m | [m[32mINFO [m[2m | [m[2mQbftBesuControllerBuilder[m[2m | [m[32mImported empty block #1,455 / 0 tx / 0 pending / 0 (0.0%) gas / (0x6ff70309ef951dd69f8e34d2811849397e035dce84b04cee7f77428f39932934)
[m[2m2026-05-31 16:53:41.033-0400[m[2m | [m[2mBftProcessorExecutor-QBFT-0[m[2m | [m[32mINFO [m[2m | [m[2mQbftBesuControllerBuilder[m[2m | [m[32mImported empty block #1,456 / 0 tx / 0 pending / 0 (0.0%) gas / (0xbc6a40779acd8d50335162362e3d566413cf6f1f514089fb459fb5f8a902374b)
[m[2m2026-05-31 16:53:41.033-0400[m[2m | [m[2mEthScheduler-Workers-167[m[2m | [m[32mINFO [m[2m | [m[2mPersistBlockTask[m[2m | [m[32mImported empty block #1,456 / 0 tx / 0 om / 0 (0.0%) gas / (0xbc6a40779acd8d50335162362e3d566413cf6f1f514089fb459fb5f8a902374b) in 0.000s. Peers: 3
[m[2m2026-05-31 16:53:43.010-0400[m[2m | [m[2mBftProcessorExecutor-QBFT-0[m[2m | [m[32mINFO [m[2m | [m[2mQbftBesuControllerBuilder[m[2m | [m[32mProduced empty block #1,457 / 0 tx / 0 pending / 0 (0.0%) gas / (0xabacd3479f6d552eabb16b548800d0ec1815517841796b04ceb152a7e4951c47)
[m[2m2026-05-31 16:53:45.028-0400[m[2m | [m[2mBftProcessorExecutor-QBFT-0[m[2m | [m[32mINFO [m[2m | [m[2mQbftBesuControllerBuilder[m[2m | [m[32mImported empty block #1,458 / 0 tx / 0 pending / 0 (0.0%) gas / (0xe0a5f5123b8091b70b317e1734533b3aeeac62d1378f44c3a649d9b0c126d6ad)
[m[2m2026-05-31 16:53:47.023-0400[m[2m | [m[2mBftProcessorExecutor-QBFT-0[m[2m | [m[32mINFO [m[2m | [m[2mQbftBesuControllerBuilder[m[2m | [m[32mImported empty block #1,459 / 0 tx / 0 pending / 0 (0.0%) gas / (0x128478c340f5cc075cbd12c6cec43d7744b10f755cf2dc6321459b3b0b495a8b)
[m[2m2026-05-31 16:53:49.032-0400[m[2m | [m[2mBftProcessorExecutor-QBFT-0[m[2m | [m[32mINFO [m[2m | [m[2mQbftBesuControllerBuilder[m[2m | [m[32mImported empty block #1,460 / 0 tx / 0 pending / 0 (0.0%) gas / (0xbaa20d985c0d64b95f46ea993ccd402355724f5931d311bc77affa313359a8f5)
[m[2m2026-05-31 16:53:51.031-0400[m[2m | [m[2mBftProcessorExecutor-QBFT-0[m[2m | [m[32mINFO [m[2m | [m[2mQbftBesuControllerBuilder[m[2m | [m[32mProduced empty block #1,461 / 0 tx / 0 pending / 0 (0.0%) gas / (0x096fae66d532bfa539eb65370862d8d8bf0131fddc5dc6defcebb803d4c2814a)
[m[2m2026-05-31 16:53:53.027-0400[m[2m | [m[2mBftProcessorExecutor-QBFT-0[m[2m | [m[32mINFO [m[2m | [m[2mQbftBesuControllerBuilder[m[2m | [m[32mImported empty block #1,462 / 0 tx / 0 pending / 0 (0.0%) gas / (0x1b436e9f6d89dd35c5a3109983780188ee833acfdae447ae1da03119eae536b2)
[m[2m2026-05-31 16:53:55.042-0400[m[2m | [m[2mBftProcessorExecutor-QBFT-0[m[2m | [m[32mINFO [m[2m | [m[2mQbftBesuControllerBuilder[m[2m | [m[32mImported empty block #1,463 / 0 tx / 0 pending / 0 (0.0%) gas / (0xc31709e02c92b810039910df4ff2da2ba6a15b5239f3c7a2b984f0d14cca062f)
[m[2m2026-05-31 16:53:57.029-0400[m[2m | [m[2mBftProcessorExecutor-QBFT-0[m[2m | [m[32mINFO [m[2m | [m[2mQbftBesuControllerBuilder[m[2m | [m[32mImported empty block #1,464 / 0 tx / 0 pending / 0 (0.0%) gas / (0xaae81cf9de27c9e82f218a69e06cbd22fae6ccb12c56bf9fa8ba1bec1cff50db)
[m[2m2026-05-31 16:53:59.011-0400[m[2m | [m[2mBftProcessorExecutor-QBFT-0[m[2m | [m[32mINFO [m[2m | [m[2mQbftBesuControllerBuilder[m[2m | [m[32mProduced empty block #1,465 / 0 tx / 0 pending / 0 (0.0%) gas / (0x52a7475e6018b4405705889f490f6ea4349b36a1fcba9218d185f27e9b5e0e47)
[m[2m2026-05-31 16:54:01.032-0400[m[2m | [m[2mEthScheduler-Workers-170[m[2m | [m[32mINFO [m[2m | [m[2mPersistBlockTask[m[2m | [m[32mBlock 1466 (0x9568f8d0b541b278ecb5bebd00f59b1bae79f87ab3bb98a80c39879c546784dc) is already imported
[m[2m2026-05-31 16:54:01.032-0400[m[2m | [m[2mBftProcessorExecutor-QBFT-0[m[2m | [m[32mINFO [m[2m | [m[2mQbftBesuControllerBuilder[m[2m | [m[32mImported empty block #1,466 / 0 tx / 0 pending / 0 (0.0%) gas / (0x9568f8d0b541b278ecb5bebd00f59b1bae79f87ab3bb98a80c39879c546784dc)
[m[2m2026-05-31 16:54:03.018-0400[m[2m | [m[2mBftProcessorExecutor-QBFT-0[m[2m | [m[32mINFO [m[2m | [m[2mQbftBesuControllerBuilder[m[2m | [m[32mImported empty block #1,467 / 0 tx / 0 pending / 0 (0.0%) gas / (0x8e423553bd486f24f89807bdc434421caecf05cf1ee1bffec20c19541d2ab6bd)
[m[2m2026-05-31 16:54:05.032-0400[m[2m | [m[2mBftProcessorExecutor-QBFT-0[m[2m | [m[32mINFO [m[2m | [m[2mQbftBesuControllerBuilder[m[2m | [m[32mImported empty block #1,468 / 0 tx / 0 pending / 0 (0.0%) gas / (0x19c0bced7b2e51dcfc8948f1fe3fb7e3f6a041d6fa13b06ee5a38c9cc37967bd)
[m[2m2026-05-31 16:54:07.027-0400[m[2m | [m[2mEthScheduler-Workers-172[m[2m | [m[32mINFO [m[2m | [m[2mPersistBlockTask[m[2m | [m[32mBlock 1469 (0xce618d3af34ab5c3e1f969017ba7588859d8c6ec8c29bb5b9953d2ad1e9cfaa9) is already imported
[m[2m2026-05-31 16:54:07.027-0400[m[2m | [m[2mBftProcessorExecutor-QBFT-0[m[2m | [m[32mINFO [m[2m | [m[2mQbftBesuControllerBuilder[m[2m | [m[32mProduced empty block #1,469 / 0 tx / 0 pending / 0 (0.0%) gas / (0xce618d3af34ab5c3e1f969017ba7588859d8c6ec8c29bb5b9953d2ad1e9cfaa9)
[m[2m2026-05-31 16:54:09.040-0400[m[2m | [m[2mBftProcessorExecutor-QBFT-0[m[2m | [m[32mINFO [m[2m | [m[2mQbftBesuControllerBuilder[m[2m | [m[32mImported empty block #1,470 / 0 tx / 0 pending / 0 (0.0%) gas / (0xf4906435b8f90b27479cf97999e098b154fed3ffac25ad738d3735d3f45aa8c0)
[m[2m2026-05-31 16:54:11.040-0400[m[2m | [m[2mBftProcessorExecutor-QBFT-0[m[2m | [m[32mINFO [m[2m | [m[2mQbftBesuControllerBuilder[m[2m | [m[32mImported empty block #1,471 / 0 tx / 0 pending / 0 (0.0%) gas / (0xd177e47e859153d1d310c54dee83c334eddb476f3867b5c6347fb49f142752d0)
[m[2m2026-05-31 16:54:11.040-0400[m[2m | [m[2mEthScheduler-Workers-166[m[2m | [m[32mINFO [m[2m | [m[2mPersistBlockTask[m[2m | [m[32mBlock 1471 (0xd177e47e859153d1d310c54dee83c334eddb476f3867b5c6347fb49f142752d0) is already imported
[m[2m2026-05-31 16:54:13.034-0400[m[2m | [m[2mBftProcessorExecutor-QBFT-0[m[2m | [m[32mINFO [m[2m | [m[2mQbftBesuControllerBuilder[m[2m | [m[32mImported empty block #1,472 / 0 tx / 0 pending / 0 (0.0%) gas / (0x7bbc5f63622ba59eb168bf2930f65638fa10ba62379f2fcb891fc196299300ef)
[m[2m2026-05-31 16:54:15.034-0400[m[2m | [m[2mBftProcessorExecutor-QBFT-0[m[2m | [m[32mINFO [m[2m | [m[2mQbftBesuControllerBuilder[m[2m | [m[32mProduced empty block #1,473 / 0 tx / 0 pending / 0 (0.0%) gas / (0x7184f30f42a5731979813b772dbd80817e92acd36dc05c2158960c2340d53223)
[m[2m2026-05-31 16:54:17.034-0400[m[2m | [m[2mBftProcessorExecutor-QBFT-0[m[2m | [m[32mINFO [m[2m | [m[2mQbftBesuControllerBuilder[m[2m | [m[32mImported empty block #1,474 / 0 tx / 0 pending / 0 (0.0%) gas / (0x83caed69e88aaf557049f4f93fdd4cb386910dc33aa3b5d7aeac00144d5d6cc6)
[m[2m2026-05-31 16:54:19.039-0400[m[2m | [m[2mBftProcessorExecutor-QBFT-0[m[2m | [m[32mINFO [m[2m | [m[2mQbftBesuControllerBuilder[m[2m | [m[32mImported empty block #1,475 / 0 tx / 0 pending / 0 (0.0%) gas / (0x393fb3ca51325b8041bfbede46eac2b43f1aa240f21d068879d6d390c1a52f11)
[m[2m2026-05-31 16:54:21.036-0400[m[2m | [m[2mBftProcessorExecutor-QBFT-0[m[2m | [m[32mINFO [m[2m | [m[2mQbftBesuControllerBuilder[m[2m | [m[32mImported empty block #1,476 / 0 tx / 0 pending / 0 (0.0%) gas / (0xa7c315d67a655ab3bb11f34d38fc16746d8acba465d8ff0447e588c1c237de75)
[m[2m2026-05-31 16:54:21.036-0400[m[2m | [m[2mEthScheduler-Workers-168[m[2m | [m[32mINFO [m[2m | [m[2mPersistBlockTask[m[2m | [m[32mBlock 1476 (0xa7c315d67a655ab3bb11f34d38fc16746d8acba465d8ff0447e588c1c237de75) is already imported
[m[2m2026-05-31 16:54:23.037-0400[m[2m | [m[2mBftProcessorExecutor-QBFT-0[m[2m | [m[32mINFO [m[2m | [m[2mQbftBesuControllerBuilder[m[2m | [m[32mProduced empty block #1,477 / 0 tx / 0 pending / 0 (0.0%) gas / (0x955abd59d8cc0cd4b21d631edffc4e209c9587862a639dd26baf8c9bfde621de)
[m[2m2026-05-31 16:54:25.028-0400[m[2m | [m[2mBftProcessorExecutor-QBFT-0[m[2m | [m[32mINFO [m[2m | [m[2mQbftBesuControllerBuilder[m[2m | [m[32mImported empty block #1,478 / 0 tx / 0 pending / 0 (0.0%) gas / (0x96c11cbaf874a8ff79f6d5d10b242c0c3798c99517d43e12068b6ab63556cd88)
[m[2m2026-05-31 16:54:27.034-0400[m[2m | [m[2mBftProcessorExecutor-QBFT-0[m[2m | [m[32mINFO [m[2m | [m[2mQbftBesuControllerBuilder[m[2m | [m[32mImported empty block #1,479 / 0 tx / 0 pending / 0 (0.0%) gas / (0xf1d58a425236289754dffb167d30aceb99e0a4311d54defb60a9afe8a810c773)
[m[2m2026-05-31 16:54:29.011-0400[m[2m | [m[2mBftProcessorExecutor-QBFT-0[m[2m | [m[32mINFO [m[2m | [m[2mQbftBesuControllerBuilder[m[2m | [m[32mImported empty block #1,480 / 0 tx / 0 pending / 0 (0.0%) gas / (0xd42f2ed351980634dfa9497f8a4bff518680a9d9f8edd72e2660e24ea7f4237f)
[m[2m2026-05-31 16:54:31.034-0400[m[2m | [m[2mBftProcessorExecutor-QBFT-0[m[2m | [m[32mINFO [m[2m | [m[2mQbftBesuControllerBuilder[m[2m | [m[32mProduced empty block #1,481 / 0 tx / 0 pending / 0 (0.0%) gas / (0x297891149a96724c53780f496f6fb2ad2bef5f46f6fb43a309833f9b1e9550fb)
[m[2m2026-05-31 16:54:33.040-0400[m[2m | [m[2mBftProcessorExecutor-QBFT-0[m[2m | [m[32mINFO [m[2m | [m[2mQbftBesuControllerBuilder[m[2m | [m[32mImported empty block #1,482 / 0 tx / 0 pending / 0 (0.0%) gas / (0xb0519f3a590e086dc0a320212e741d765789e1d02a9fd1136a1332bce026ad3d)
[m[2m2026-05-31 16:54:35.025-0400[m[2m | [m[2mBftProcessorExecutor-QBFT-0[m[2m | [m[32mINFO [m[2m | [m[2mQbftBesuControllerBuilder[m[2m | [m[32mImported empty block #1,483 / 0 tx / 0 pending / 0 (0.0%) gas / (0x893dfcb7088251a479783b73be1ebf15dcf45fc26e8dba816d3ff3655347ff6e)
[m[2m2026-05-31 16:54:37.028-0400[m[2m | [m[2mBftProcessorExecutor-QBFT-0[m[2m | [m[32mINFO [m[2m | [m[2mQbftBesuControllerBuilder[m[2m | [m[32mImported empty block #1,484 / 0 tx / 0 pending / 0 (0.0%) gas / (0xd1f3b7ff6698fe5a4599c3a6bd0747f9af490a49b36ea56ca51b769dcfc298f7)
[m[2m2026-05-31 16:54:39.037-0400[m[2m | [m[2mBftProcessorExecutor-QBFT-0[m[2m | [m[32mINFO [m[2m | [m[2mQbftBesuControllerBuilder[m[2m | [m[32mProduced empty block #1,485 / 0 tx / 0 pending / 0 (0.0%) gas / (0xad89c245b88266861f1157d64aa2aea64c295c50e6cda64c7fabd07350c3c6e3)
[m[2m2026-05-31 16:54:41.023-0400[m[2m | [m[2mEthScheduler-Workers-169[m[2m | [m[32mINFO [m[2m | [m[2mPersistBlockTask[m[2m | [m[32mBlock 1486 (0xd09917ec8bce0b924569b0674d9ff48899952d9f8c7a81775ef626fe14f71ce9) is already imported
[m[2m2026-05-31 16:54:41.023-0400[m[2m | [m[2mBftProcessorExecutor-QBFT-0[m[2m | [m[32mINFO [m[2m | [m[2mQbftBesuControllerBuilder[m[2m | [m[32mImported empty block #1,486 / 0 tx / 0 pending / 0 (0.0%) gas / (0xd09917ec8bce0b924569b0674d9ff48899952d9f8c7a81775ef626fe14f71ce9)
[m[2m2026-05-31 16:54:43.043-0400[m[2m | [m[2mBftProcessorExecutor-QBFT-0[m[2m | [m[32mINFO [m[2m | [m[2mQbftBesuControllerBuilder[m[2m | [m[32mImported empty block #1,487 / 0 tx / 0 pending / 0 (0.0%) gas / (0x63a122ca7e4bf7c86d5707f79c54c97fd7071551cff0fb97ed9a17d73b4fa53c)
[m[2m2026-05-31 16:54:45.028-0400[m[2m | [m[2mBftProcessorExecutor-QBFT-0[m[2m | [m[32mINFO [m[2m | [m[2mQbftBesuControllerBuilder[m[2m | [m[32mImported empty block #1,488 / 0 tx / 0 pending / 0 (0.0%) gas / (0xd8abe3a3f8a4f5d783cd9646102a5fd606572066353161327f68859472f9d074)
[m[2m2026-05-31 16:54:47.032-0400[m[2m | [m[2mBftProcessorExecutor-QBFT-0[m[2m | [m[32mINFO [m[2m | [m[2mQbftBesuControllerBuilder[m[2m | [m[32mProduced empty block #1,489 / 0 tx / 0 pending / 0 (0.0%) gas / (0x222bf17ce8b3ce92eef9b6de88be3979423a4e989d5eca73ebbeb429bfde30ad)
[m[2m2026-05-31 16:54:49.034-0400[m[2m | [m[2mBftProcessorExecutor-QBFT-0[m[2m | [m[32mINFO [m[2m | [m[2mQbftBesuControllerBuilder[m[2m | [m[32mImported empty block #1,490 / 0 tx / 0 pending / 0 (0.0%) gas / (0x602f29720acab209f7ce794037d6e7bbfb2b5b951289779ce8f1e0ce276ad8eb)
[m[2m2026-05-31 16:54:51.037-0400[m[2m | [m[2mBftProcessorExecutor-QBFT-0[m[2m | [m[32mINFO [m[2m | [m[2mQbftBesuControllerBuilder[m[2m | [m[32mImported empty block #1,491 / 0 tx / 0 pending / 0 (0.0%) gas / (0xd339722d94b7daf8cf17d6799a9a647a628a4892728187d8c3328b8137f8b377)
[m[2m2026-05-31 16:54:51.037-0400[m[2m | [m[2mEthScheduler-Workers-171[m[2m | [m[32mINFO [m[2m | [m[2mPersistBlockTask[m[2m | [m[32mImported empty block #1,491 / 0 tx / 0 om / 0 (0.0%) gas / (0xd339722d94b7daf8cf17d6799a9a647a628a4892728187d8c3328b8137f8b377) in 0.000s. Peers: 3
[m[2m2026-05-31 16:54:53.025-0400[m[2m | [m[2mBftProcessorExecutor-QBFT-0[m[2m | [m[32mINFO [m[2m | [m[2mQbftBesuControllerBuilder[m[2m | [m[32mImported empty block #1,492 / 0 tx / 0 pending / 0 (0.0%) gas / (0xe52dd1e6440955c0d0e6bbbc961facbaddb607cddb02d4df85ef16bf57cc128c)
[m[2m2026-05-31 16:54:55.027-0400[m[2m | [m[2mBftProcessorExecutor-QBFT-0[m[2m | [m[32mINFO [m[2m | [m[2mQbftBesuControllerBuilder[m[2m | [m[32mProduced empty block #1,493 / 0 tx / 0 pending / 0 (0.0%) gas / (0x4a6d4624a76ad313c8a2ed5da9387720047767f3878897987516d1edf8a5064f)
[m[2m2026-05-31 16:54:57.035-0400[m[2m | [m[2mBftProcessorExecutor-QBFT-0[m[2m | [m[32mINFO [m[2m | [m[2mQbftBesuControllerBuilder[m[2m | [m[32mImported empty block #1,494 / 0 tx / 0 pending / 0 (0.0%) gas / (0x0ff54aae5ac81bd38da785f7dbc2a937755e8dc3e31b79afdfd5c3fd2b6012df)
[m[2m2026-05-31 16:54:59.042-0400[m[2m | [m[2mBftProcessorExecutor-QBFT-0[m[2m | [m[32mINFO [m[2m | [m[2mQbftBesuControllerBuilder[m[2m | [m[32mImported empty block #1,495 / 0 tx / 0 pending / 0 (0.0%) gas / (0x47a711b6641b4dbb661db8e68a53ba7ac5e8725b9348fc1585a9c135dc272250)
[m[2m2026-05-31 16:55:01.033-0400[m[2m | [m[2mBftProcessorExecutor-QBFT-0[m[2m | [m[32mINFO [m[2m | [m[2mQbftBesuControllerBuilder[m[2m | [m[32mImported empty block #1,496 / 0 tx / 0 pending / 0 (0.0%) gas / (0xc19b379687a5fde79324e990c8bdafa25cf60584d04be3694bc239cc39f21973)
[m[2m2026-05-31 16:55:03.038-0400[m[2m | [m[2mBftProcessorExecutor-QBFT-0[m[2m | [m[32mINFO [m[2m | [m[2mQbftBesuControllerBuilder[m[2m | [m[32mProduced empty block #1,497 / 0 tx / 0 pending / 0 (0.0%) gas / (0x58d2308655c18ed2d555a1d104349505cad2a3c6f2cc8ee68a06a9a4dec8858e)
[m[2m2026-05-31 16:55:05.031-0400[m[2m | [m[2mBftProcessorExecutor-QBFT-0[m[2m | [m[32mINFO [m[2m | [m[2mQbftBesuControllerBuilder[m[2m | [m[32mImported empty block #1,498 / 0 tx / 0 pending / 0 (0.0%) gas / (0xf0c7597879355b316d17927f0206f299e426dc1db9fc7c592c74ccb9151cc034)
[m[2m2026-05-31 16:55:07.019-0400[m[2m | [m[2mBftProcessorExecutor-QBFT-0[m[2m | [m[32mINFO [m[2m | [m[2mQbftBesuControllerBuilder[m[2m | [m[32mImported empty block #1,499 / 0 tx / 0 pending / 0 (0.0%) gas / (0x4df92c32b54ed85ce6dacbddc729e7416e5d6e6c406f1b950c634b425e691808)
[m[2m2026-05-31 16:55:09.039-0400[m[2m | [m[2mBftProcessorExecutor-QBFT-0[m[2m | [m[32mINFO [m[2m | [m[2mQbftBesuControllerBuilder[m[2m | [m[32mImported empty block #1,500 / 0 tx / 0 pending / 0 (0.0%) gas / (0x03427f9d47136c202f8fd8ce152ed63b34b874644a3432adee92716b21a2d332)
[m[2m2026-05-31 16:55:11.036-0400[m[2m | [m[2mBftProcessorExecutor-QBFT-0[m[2m | [m[32mINFO [m[2m | [m[2mQbftBesuControllerBuilder[m[2m | [m[32mProduced empty block #1,501 / 0 tx / 0 pending / 0 (0.0%) gas / (0x6f42ffa94acee964dd2d9c326947bd0a433d325ad634974e819823ed24d4d9ed)
[m[2m2026-05-31 16:55:13.029-0400[m[2m | [m[2mBftProcessorExecutor-QBFT-0[m[2m | [m[32mINFO [m[2m | [m[2mQbftBesuControllerBuilder[m[2m | [m[32mImported empty block #1,502 / 0 tx / 0 pending / 0 (0.0%) gas / (0x6828daabc61d1f747b0f35b43864bffef7a16f7ef57f6ec8d9797ce3ba4f4c9e)
[m[2m2026-05-31 16:55:15.035-0400[m[2m | [m[2mBftProcessorExecutor-QBFT-0[m[2m | [m[32mINFO [m[2m | [m[2mQbftBesuControllerBuilder[m[2m | [m[32mImported empty block #1,503 / 0 tx / 0 pending / 0 (0.0%) gas / (0xdc9a02fe25d1e64415938d379c1424d64c4b3b2b591e89bd172077f84954c8f7)
[m[2m2026-05-31 16:55:15.035-0400[m[2m | [m[2mEthScheduler-Workers-173[m[2m | [m[32mINFO [m[2m | [m[2mPersistBlockTask[m[2m | [m[32mBlock 1503 (0xdc9a02fe25d1e64415938d379c1424d64c4b3b2b591e89bd172077f84954c8f7) is already imported
[m[2m2026-05-31 16:55:17.030-0400[m[2m | [m[2mBftProcessorExecutor-QBFT-0[m[2m | [m[32mINFO [m[2m | [m[2mQbftBesuControllerBuilder[m[2m | [m[32mImported empty block #1,504 / 0 tx / 0 pending / 0 (0.0%) gas / (0x6a5c5e14a210755bfd3876ece2ad591b1a44168518442602254e9c086c21170a)
[m[2m2026-05-31 16:55:19.027-0400[m[2m | [m[2mEthScheduler-Workers-167[m[2m | [m[32mINFO [m[2m | [m[2mPersistBlockTask[m[2m | [m[32mImported empty block #1,505 / 0 tx / 0 om / 0 (0.0%) gas / (0x8b52fdd5be0e850516f634e27a184f3c8e83287e8d108004fc8be3dac085aed4) in 0.000s. Peers: 3
[m[2m2026-05-31 16:55:19.027-0400[m[2m | [m[2mBftProcessorExecutor-QBFT-0[m[2m | [m[32mINFO [m[2m | [m[2mQbftBesuControllerBuilder[m[2m | [m[32mProduced empty block #1,505 / 0 tx / 0 pending / 0 (0.0%) gas / (0x8b52fdd5be0e850516f634e27a184f3c8e83287e8d108004fc8be3dac085aed4)
[m[2m2026-05-31 16:55:21.028-0400[m[2m | [m[2mBftProcessorExecutor-QBFT-0[m[2m | [m[32mINFO [m[2m | [m[2mQbftBesuControllerBuilder[m[2m | [m[32mImported empty block #1,506 / 0 tx / 0 pending / 0 (0.0%) gas / (0xeb8c1e358957806d50dbab1ab644ee102804e87087c707907e71cfaaf96b3534)
[m[2m2026-05-31 16:55:23.024-0400[m[2m | [m[2mBftProcessorExecutor-QBFT-0[m[2m | [m[32mINFO [m[2m | [m[2mQbftBesuControllerBuilder[m[2m | [m[32mImported empty block #1,507 / 0 tx / 0 pending / 0 (0.0%) gas / (0x7a7907ad98e7cc24c7af0595f322fbb9e4554f2634afdff334abcf017099d521)
[m[2m2026-05-31 16:55:25.031-0400[m[2m | [m[2mBftProcessorExecutor-QBFT-0[m[2m | [m[32mINFO [m[2m | [m[2mQbftBesuControllerBuilder[m[2m | [m[32mImported empty block #1,508 / 0 tx / 0 pending / 0 (0.0%) gas / (0xa31260b2fb4d610ededa3ad8706515c68d26ed4ed4cbe89570fdb17a07c2d0de)
[m[2m2026-05-31 16:55:27.032-0400[m[2m | [m[2mBftProcessorExecutor-QBFT-0[m[2m | [m[32mINFO [m[2m | [m[2mQbftBesuControllerBuilder[m[2m | [m[32mProduced empty block #1,509 / 0 tx / 0 pending / 0 (0.0%) gas / (0xe9bbc0d9da2857be98bb397f6fd172076ff520d0f7b14afc4e74274286f8315e)
[m[2m2026-05-31 16:55:29.011-0400[m[2m | [m[2mBftProcessorExecutor-QBFT-0[m[2m | [m[32mINFO [m[2m | [m[2mQbftBesuControllerBuilder[m[2m | [m[32mImported empty block #1,510 / 0 tx / 0 pending / 0 (0.0%) gas / (0x4dfffc80a1862192d484c999be905c28321b65f12ead9d00c099eda47be19356)
[m[2m2026-05-31 16:55:31.010-0400[m[2m | [m[2mBftProcessorExecutor-QBFT-0[m[2m | [m[32mINFO [m[2m | [m[2mQbftBesuControllerBuilder[m[2m | [m[32mImported empty block #1,511 / 0 tx / 0 pending / 0 (0.0%) gas / (0xdffe6b51f078421795f12e6b77afca376776e7d49ebec485241f0179e23fa891)
[m[2m2026-05-31 16:55:33.010-0400[m[2m | [m[2mBftProcessorExecutor-QBFT-0[m[2m | [m[32mINFO [m[2m | [m[2mQbftBesuControllerBuilder[m[2m | [m[32mImported empty block #1,512 / 0 tx / 0 pending / 0 (0.0%) gas / (0xdc5ed0d13cdd71cb8a9f956ae41cde886125093b3081585e3308c8edcdd4316a)
[m[2m2026-05-31 16:55:35.010-0400[m[2m | [m[2mBftProcessorExecutor-QBFT-0[m[2m | [m[32mINFO [m[2m | [m[2mQbftBesuControllerBuilder[m[2m | [m[32mProduced empty block #1,513 / 0 tx / 0 pending / 0 (0.0%) gas / (0xb3e4e5924cdf5bdd8e76b5fe85b5a1de819c9df23c79ef4f775a494e5722e3b4)
[m[2m2026-05-31 16:55:37.010-0400[m[2m | [m[2mBftProcessorExecutor-QBFT-0[m[2m | [m[32mINFO [m[2m | [m[2mQbftBesuControllerBuilder[m[2m | [m[32mImported empty block #1,514 / 0 tx / 0 pending / 0 (0.0%) gas / (0xc1325f16d5f9ecea5ae083a977f16980811571c0486595e762bbd2cd8315302d)
[m[2m2026-05-31 16:55:39.010-0400[m[2m | [m[2mBftProcessorExecutor-QBFT-0[m[2m | [m[32mINFO [m[2m | [m[2mQbftBesuControllerBuilder[m[2m | [m[32mImported empty block #1,515 / 0 tx / 0 pending / 0 (0.0%) gas / (0xb284b93070ec17c1a5757257fbb21dc864e0c2d2cd3ad3d896f4600419270127)
[m[2m2026-05-31 16:55:41.034-0400[m[2m | [m[2mBftProcessorExecutor-QBFT-0[m[2m | [m[32mINFO [m[2m | [m[2mQbftBesuControllerBuilder[m[2m | [m[32mImported empty block #1,516 / 0 tx / 0 pending / 0 (0.0%) gas / (0xb58e903d42e7a318e6f2c7784adff0ac473eaae5f2352c0a29a33bb5c7f475a6)
[m[2m2026-05-31 16:55:41.034-0400[m[2m | [m[2mEthScheduler-Workers-175[m[2m | [m[32mINFO [m[2m | [m[2mPersistBlockTask[m[2m | [m[32mBlock 1516 (0xb58e903d42e7a318e6f2c7784adff0ac473eaae5f2352c0a29a33bb5c7f475a6) is already imported
[m[2m2026-05-31 16:55:43.025-0400[m[2m | [m[2mBftProcessorExecutor-QBFT-0[m[2m | [m[32mINFO [m[2m | [m[2mQbftBesuControllerBuilder[m[2m | [m[32mProduced empty block #1,517 / 0 tx / 0 pending / 0 (0.0%) gas / (0x08fcf39e4c8739be081057da7c6e5f76a5644215e7eb7ad92495f075fc7dfa7a)
[m[2m2026-05-31 16:55:45.034-0400[m[2m | [m[2mEthScheduler-Workers-172[m[2m | [m[32mINFO [m[2m | [m[2mPersistBlockTask[m[2m | [m[32mImported empty block #1,518 / 0 tx / 0 om / 0 (0.0%) gas / (0x9ff2e8a8ff6a4099d9e2a70d0a59303cee4cf4f110bf1eb708f1a44dcdba3edf) in 0.000s. Peers: 3
[m[2m2026-05-31 16:55:47.026-0400[m[2m | [m[2mBftProcessorExecutor-QBFT-0[m[2m | [m[32mINFO [m[2m | [m[2mQbftBesuControllerBuilder[m[2m | [m[32mImported empty block #1,519 / 0 tx / 0 pending / 0 (0.0%) gas / (0x63dc294f2a7e4b8377094653f9fdb11459a154db0f03c634d6db8a6fd301ff50)
[m[2m2026-05-31 16:55:47.026-0400[m[2m | [m[2mEthScheduler-Workers-174[m[2m | [m[32mINFO [m[2m | [m[2mPersistBlockTask[m[2m | [m[32mBlock 1519 (0x63dc294f2a7e4b8377094653f9fdb11459a154db0f03c634d6db8a6fd301ff50) is already imported
[m[2m2026-05-31 16:55:49.024-0400[m[2m | [m[2mBftProcessorExecutor-QBFT-0[m[2m | [m[32mINFO [m[2m | [m[2mQbftBesuControllerBuilder[m[2m | [m[32mImported empty block #1,520 / 0 tx / 0 pending / 0 (0.0%) gas / (0x958eef92e8ce5e7daab883142f27db49f305538c8630e8e8401fc8aac7c4d4d4)
[m[2m2026-05-31 16:55:51.012-0400[m[2m | [m[2mBftProcessorExecutor-QBFT-0[m[2m | [m[32mINFO [m[2m | [m[2mQbftBesuControllerBuilder[m[2m | [m[32mProduced empty block #1,521 / 0 tx / 0 pending / 0 (0.0%) gas / (0x6fce0d1cffefd6eab7913617e614f8b2b03a702914e8b5812b88d2d74bd228f0)
[m[2m2026-05-31 16:55:53.026-0400[m[2m | [m[2mBftProcessorExecutor-QBFT-0[m[2m | [m[32mINFO [m[2m | [m[2mQbftBesuControllerBuilder[m[2m | [m[32mImported empty block #1,522 / 0 tx / 0 pending / 0 (0.0%) gas / (0xbd609a0d7d9f1bcf62940da83b4e4a61869d67037878cc896059c6a212360d08)
[m[2m2026-05-31 16:55:53.026-0400[m[2m | [m[2mEthScheduler-Workers-168[m[2m | [m[32mINFO [m[2m | [m[2mPersistBlockTask[m[2m | [m[32mBlock 1522 (0xbd609a0d7d9f1bcf62940da83b4e4a61869d67037878cc896059c6a212360d08) is already imported
[m[2m2026-05-31 16:55:55.028-0400[m[2m | [m[2mBftProcessorExecutor-QBFT-0[m[2m | [m[32mINFO [m[2m | [m[2mQbftBesuControllerBuilder[m[2m | [m[32mImported empty block #1,523 / 0 tx / 0 pending / 0 (0.0%) gas / (0x31b24d1926af32fc80161310c76b8c8a594cf1a82049092d38c00d0513e3b3a6)
[m[2m2026-05-31 16:55:57.032-0400[m[2m | [m[2mBftProcessorExecutor-QBFT-0[m[2m | [m[32mINFO [m[2m | [m[2mQbftBesuControllerBuilder[m[2m | [m[32mImported empty block #1,524 / 0 tx / 0 pending / 0 (0.0%) gas / (0x780865e0733151525a36e7343395481f906ad129e13ec35d9c9a2a33bbb06950)
[m[2m2026-05-31 16:55:59.031-0400[m[2m | [m[2mBftProcessorExecutor-QBFT-0[m[2m | [m[32mINFO [m[2m | [m[2mQbftBesuControllerBuilder[m[2m | [m[32mProduced empty block #1,525 / 0 tx / 0 pending / 0 (0.0%) gas / (0xff59dd7719e578b8aca12e1da81e18dc64b82c7897294b516c4a6d0239462e53)
[m[2m2026-05-31 16:56:01.014-0400[m[2m | [m[2mBftProcessorExecutor-QBFT-0[m[2m | [m[32mINFO [m[2m | [m[2mQbftBesuControllerBuilder[m[2m | [m[32mImported empty block #1,526 / 0 tx / 0 pending / 0 (0.0%) gas / (0xada5b88a6596e7e060c4ec2a0cb7d3f8ba86cd20d9d31858a031e1eaf0cd5f9c)
[m[2m2026-05-31 16:56:03.107-0400[m[2m | [m[2mEthScheduler-Workers-176[m[2m | [m[32mINFO [m[2m | [m[2mPersistBlockTask[m[2m | [m[32mImported empty block #1,527 / 0 tx / 0 om / 0 (0.0%) gas / (0xf4bbabd76c3889ab2f08c9b33d4b74c495e2c9047d4452733c3e7dd70c9cb500) in 0.000s. Peers: 3
[m[2m2026-05-31 16:56:05.026-0400[m[2m | [m[2mBftProcessorExecutor-QBFT-0[m[2m | [m[32mINFO [m[2m | [m[2mQbftBesuControllerBuilder[m[2m | [m[32mImported empty block #1,528 / 0 tx / 0 pending / 0 (0.0%) gas / (0x2619ebc967a2932a62e5fe7bf22f9b7d917f822d0b0f263f7cf71d33ca9366fd)
[m[2m2026-05-31 16:56:07.025-0400[m[2m | [m[2mBftProcessorExecutor-QBFT-0[m[2m | [m[32mINFO [m[2m | [m[2mQbftBesuControllerBuilder[m[2m | [m[32mProduced empty block #1,529 / 0 tx / 0 pending / 0 (0.0%) gas / (0x22c3a3252cf14ded62423dd5f3c63855b0dc0db4b2de7ad67aacdf2ff2227d0a)
[m[2m2026-05-31 16:56:09.034-0400[m[2m | [m[2mBftProcessorExecutor-QBFT-0[m[2m | [m[32mINFO [m[2m | [m[2mQbftBesuControllerBuilder[m[2m | [m[32mImported empty block #1,530 / 0 tx / 0 pending / 0 (0.0%) gas / (0xf1948540f508940185004018c05b74fe3343b3cd0804f48fe21f447cebb9f472)
[m[2m2026-05-31 16:56:11.029-0400[m[2m | [m[2mBftProcessorExecutor-QBFT-0[m[2m | [m[32mINFO [m[2m | [m[2mQbftBesuControllerBuilder[m[2m | [m[32mImported empty block #1,531 / 0 tx / 0 pending / 0 (0.0%) gas / (0x9fa7fde4bd800e0a20d9a0dea44e5bff67330c03af4141b16cee4babce056125)
[m[2m2026-05-31 16:56:11.029-0400[m[2m | [m[2mEthScheduler-Workers-171[m[2m | [m[32mINFO [m[2m | [m[2mPersistBlockTask[m[2m | [m[32mBlock 1531 (0x9fa7fde4bd800e0a20d9a0dea44e5bff67330c03af4141b16cee4babce056125) is already imported
[m[2m2026-05-31 16:56:13.032-0400[m[2m | [m[2mBftProcessorExecutor-QBFT-0[m[2m | [m[32mINFO [m[2m | [m[2mQbftBesuControllerBuilder[m[2m | [m[32mImported empty block #1,532 / 0 tx / 0 pending / 0 (0.0%) gas / (0x1c493be1defe3e6730f970eab0a54beb6920c599fd21aaa2ab60e0d2a2b9d8b5)
[m[2m2026-05-31 16:56:15.035-0400[m[2m | [m[2mBftProcessorExecutor-QBFT-0[m[2m | [m[32mINFO [m[2m | [m[2mQbftBesuControllerBuilder[m[2m | [m[32mProduced empty block #1,533 / 0 tx / 0 pending / 0 (0.0%) gas / (0x2ed6aba855da753ba284f7d26fc0af7eabd07b238ebaada32bd389b7a8884bf7)
[m[2m2026-05-31 16:56:17.021-0400[m[2m | [m[2mBftProcessorExecutor-QBFT-0[m[2m | [m[32mINFO [m[2m | [m[2mQbftBesuControllerBuilder[m[2m | [m[32mImported empty block #1,534 / 0 tx / 0 pending / 0 (0.0%) gas / (0xf523066b2b8f5f7dd1924aa9f8f77db5efed1118acddeb889900add52822c9bf)
[m[2m2026-05-31 16:56:19.028-0400[m[2m | [m[2mEthScheduler-Workers-173[m[2m | [m[32mINFO [m[2m | [m[2mPersistBlockTask[m[2m | [m[32mBlock 1535 (0x1db7cc39fc0dc29f1eb5fdc0fd199e52431c325e65dec1e59fdad2366279b709) is already imported
[m[2m2026-05-31 16:56:19.028-0400[m[2m | [m[2mBftProcessorExecutor-QBFT-0[m[2m | [m[32mINFO [m[2m | [m[2mQbftBesuControllerBuilder[m[2m | [m[32mImported empty block #1,535 / 0 tx / 0 pending / 0 (0.0%) gas / (0x1db7cc39fc0dc29f1eb5fdc0fd199e52431c325e65dec1e59fdad2366279b709)
[m[2m2026-05-31 16:56:21.020-0400[m[2m | [m[2mBftProcessorExecutor-QBFT-0[m[2m | [m[32mINFO [m[2m | [m[2mQbftBesuControllerBuilder[m[2m | [m[32mImported empty block #1,536 / 0 tx / 0 pending / 0 (0.0%) gas / (0xad46c84214068eee2003406cf1dc8d9533c5047f30c7359ec964ff0023d23f2c)
[m[2m2026-05-31 16:56:23.041-0400[m[2m | [m[2mBftProcessorExecutor-QBFT-0[m[2m | [m[32mINFO [m[2m | [m[2mQbftBesuControllerBuilder[m[2m | [m[32mProduced empty block #1,537 / 0 tx / 0 pending / 0 (0.0%) gas / (0xeb0620d78a8b338e76d8039bd43b43c701e642eef3f0f027879c372e0df966ca)
[m[2m2026-05-31 16:56:25.075-0400[m[2m | [m[2mEthScheduler-Workers-167[m[2m | [m[32mINFO [m[2m | [m[2mPersistBlockTask[m[2m | [m[32mImported empty block #1,538 / 0 tx / 0 om / 0 (0.0%) gas / (0xf334c4b8cb846f508aa6b90cb350e5d7ea0a700c6ad1f58ed2bcd0f311f6a87a) in 0.000s. Peers: 3
[m[2m2026-05-31 16:56:27.023-0400[m[2m | [m[2mBftProcessorExecutor-QBFT-0[m[2m | [m[32mINFO [m[2m | [m[2mQbftBesuControllerBuilder[m[2m | [m[32mImported empty block #1,539 / 0 tx / 0 pending / 0 (0.0%) gas / (0x985be062fdf5b5c344270584691307d6e29da38ed05b8903a5f8f95af4cdffa3)
[m[2m2026-05-31 16:56:29.035-0400[m[2m | [m[2mBftProcessorExecutor-QBFT-0[m[2m | [m[32mINFO [m[2m | [m[2mQbftBesuControllerBuilder[m[2m | [m[32mImported empty block #1,540 / 0 tx / 0 pending / 0 (0.0%) gas / (0x8821962c2c08241fb68f2a25f4d691af6c86b63e6a53b326f2a74090a5dcac95)
[m[2m2026-05-31 16:56:31.032-0400[m[2m | [m[2mBftProcessorExecutor-QBFT-0[m[2m | [m[32mINFO [m[2m | [m[2mQbftBesuControllerBuilder[m[2m | [m[32mProduced empty block #1,541 / 0 tx / 0 pending / 0 (0.0%) gas / (0x03022fb1d4cd0310c574f5db44cdcd2b65bdd70ad4f2fe5987c5cdbc1c53b74b)
[m[2m2026-05-31 16:56:33.036-0400[m[2m | [m[2mBftProcessorExecutor-QBFT-0[m[2m | [m[32mINFO [m[2m | [m[2mQbftBesuControllerBuilder[m[2m | [m[32mImported empty block #1,542 / 0 tx / 0 pending / 0 (0.0%) gas / (0xddb6d944a54cfc7e49755faaa20bc4815ffc840427bc25ded5d5e4d5583a2500)
[m[2m2026-05-31 16:56:35.038-0400[m[2m | [m[2mBftProcessorExecutor-QBFT-0[m[2m | [m[32mINFO [m[2m | [m[2mQbftBesuControllerBuilder[m[2m | [m[32mImported empty block #1,543 / 0 tx / 0 pending / 0 (0.0%) gas / (0xa4b080ad020450fe7062f3fb3a05c97ebe606a3b9665d4270f981d97a3cc943d)
[m[2m2026-05-31 16:56:37.026-0400[m[2m | [m[2mEthScheduler-Workers-175[m[2m | [m[32mINFO [m[2m | [m[2mPersistBlockTask[m[2m | [m[32mBlock 1544 (0x96cfe4f9c5640b3b3e50c6254fec2709d96ec8084e281a0b44835d5a60f10582) is already imported
[m[2m2026-05-31 16:56:37.026-0400[m[2m | [m[2mBftProcessorExecutor-QBFT-0[m[2m | [m[32mINFO [m[2m | [m[2mQbftBesuControllerBuilder[m[2m | [m[32mImported empty block #1,544 / 0 tx / 0 pending / 0 (0.0%) gas / (0x96cfe4f9c5640b3b3e50c6254fec2709d96ec8084e281a0b44835d5a60f10582)
[m[2m2026-05-31 16:56:39.029-0400[m[2m | [m[2mBftProcessorExecutor-QBFT-0[m[2m | [m[32mINFO [m[2m | [m[2mQbftBesuControllerBuilder[m[2m | [m[32mProduced empty block #1,545 / 0 tx / 0 pending / 0 (0.0%) gas / (0x1a249824fae4b54c55656923ecac485300167125e9cf24b5ef46528c97549e26)
[m[2m2026-05-31 16:56:41.058-0400[m[2m | [m[2mBftProcessorExecutor-QBFT-0[m[2m | [m[32mINFO [m[2m | [m[2mQbftBesuControllerBuilder[m[2m | [m[32mImported empty block #1,546 / 0 tx / 0 pending / 0 (0.0%) gas / (0xfa46cb40ac58f31ecfd1ba2c1dec71b11ba02eb8e25f55f29482ca5df861d824)
[m[2m2026-05-31 16:56:43.037-0400[m[2m | [m[2mBftProcessorExecutor-QBFT-0[m[2m | [m[32mINFO [m[2m | [m[2mQbftBesuControllerBuilder[m[2m | [m[32mImported empty block #1,547 / 0 tx / 0 pending / 0 (0.0%) gas / (0x57814c61821229bd66a917594a77fc6007d8629baa629dac4f1fb64867a8e8f7)
[m[2m2026-05-31 16:56:45.065-0400[m[2m | [m[2mBftProcessorExecutor-QBFT-0[m[2m | [m[32mINFO [m[2m | [m[2mQbftBesuControllerBuilder[m[2m | [m[32mImported empty block #1,548 / 0 tx / 0 pending / 0 (0.0%) gas / (0xf596a0ff5168a84be7982180d865efaede1cef31f12e369a08dc657e7d02a871)
[m[2m2026-05-31 16:56:47.031-0400[m[2m | [m[2mBftProcessorExecutor-QBFT-0[m[2m | [m[32mINFO [m[2m | [m[2mQbftBesuControllerBuilder[m[2m | [m[32mProduced empty block #1,549 / 0 tx / 0 pending / 0 (0.0%) gas / (0x6b8bb75f20524371f9da29801ec0dc830932e09f265adb9264f97b713b13ca82)
[m[2m2026-05-31 16:56:49.029-0400[m[2m | [m[2mBftProcessorExecutor-QBFT-0[m[2m | [m[32mINFO [m[2m | [m[2mQbftBesuControllerBuilder[m[2m | [m[32mImported empty block #1,550 / 0 tx / 0 pending / 0 (0.0%) gas / (0x46f12515c603bd3d6951585da8d29a9099ed81b8e538a6d1573da4c6675221bd)
[m[2m2026-05-31 16:56:51.065-0400[m[2m | [m[2mBftProcessorExecutor-QBFT-0[m[2m | [m[32mINFO [m[2m | [m[2mQbftBesuControllerBuilder[m[2m | [m[32mImported empty block #1,551 / 0 tx / 0 pending / 0 (0.0%) gas / (0xcf1fae0c21ecf52584891c96d69cc4b9ed1589ac2ee0a6b65a1d6590353b6bc0)
[m[2m2026-05-31 16:56:53.009-0400[m[2m | [m[2mBftProcessorExecutor-QBFT-0[m[2m | [m[32mINFO [m[2m | [m[2mQbftBesuControllerBuilder[m[2m | [m[32mImported empty block #1,552 / 0 tx / 0 pending / 0 (0.0%) gas / (0x433d29f40b6700270805afdbc6bdb344d02cd20681befcfbd75fb129618320c8)
[m[2m2026-05-31 16:56:55.037-0400[m[2m | [m[2mBftProcessorExecutor-QBFT-0[m[2m | [m[32mINFO [m[2m | [m[2mQbftBesuControllerBuilder[m[2m | [m[32mProduced empty block #1,553 / 0 tx / 0 pending / 0 (0.0%) gas / (0x0bd2627f99a7097d9bdfb04928c93a40156dda9a2cf76a819b61c7c0330b390f)
[m[2m2026-05-31 16:56:57.027-0400[m[2m | [m[2mBftProcessorExecutor-QBFT-0[m[2m | [m[32mINFO [m[2m | [m[2mQbftBesuControllerBuilder[m[2m | [m[32mImported empty block #1,554 / 0 tx / 0 pending / 0 (0.0%) gas / (0x18be64fb2fa228a61a7cd73010ed4adf6aea41ab99599a6116c3409dac483fd7)
[m[2m2026-05-31 16:56:59.038-0400[m[2m | [m[2mBftProcessorExecutor-QBFT-0[m[2m | [m[32mINFO [m[2m | [m[2mQbftBesuControllerBuilder[m[2m | [m[32mImported empty block #1,555 / 0 tx / 0 pending / 0 (0.0%) gas / (0x2977861b19f914d8235f3c7f8aaf7dcb9695fa13b4e1446f135030c5506cc37e)
[m[2m2026-05-31 16:57:01.031-0400[m[2m | [m[2mBftProcessorExecutor-QBFT-0[m[2m | [m[32mINFO [m[2m | [m[2mQbftBesuControllerBuilder[m[2m | [m[32mImported empty block #1,556 / 0 tx / 0 pending / 0 (0.0%) gas / (0xbe4d5d45d43526b2be441952e06d4315de4ff3d013c36df35b45e3c47bbbbd81)
[m[2m2026-05-31 16:57:03.038-0400[m[2m | [m[2mBftProcessorExecutor-QBFT-0[m[2m | [m[32mINFO [m[2m | [m[2mQbftBesuControllerBuilder[m[2m | [m[32mProduced empty block #1,557 / 0 tx / 0 pending / 0 (0.0%) gas / (0x0ead2b76fd7c16d50ff6c25bdbc43e9f17b51739ed5364476ac5bb878944e26d)
[m[2m2026-05-31 16:57:05.028-0400[m[2m | [m[2mBftProcessorExecutor-QBFT-0[m[2m | [m[32mINFO [m[2m | [m[2mQbftBesuControllerBuilder[m[2m | [m[32mImported empty block #1,558 / 0 tx / 0 pending / 0 (0.0%) gas / (0x3e461eaa5df8eaa3cd27d6203359b405cfe838d02adaf8862488733c10fc4adf)
[m[2m2026-05-31 16:57:07.035-0400[m[2m | [m[2mBftProcessorExecutor-QBFT-0[m[2m | [m[32mINFO [m[2m | [m[2mQbftBesuControllerBuilder[m[2m | [m[32mImported empty block #1,559 / 0 tx / 0 pending / 0 (0.0%) gas / (0xc7ed279b1e9f52f943dfc79dc194329a8f1d346c3af60b112dd99678527a6c14)
[m[2m2026-05-31 16:57:09.030-0400[m[2m | [m[2mBftProcessorExecutor-QBFT-0[m[2m | [m[32mINFO [m[2m | [m[2mQbftBesuControllerBuilder[m[2m | [m[32mImported empty block #1,560 / 0 tx / 0 pending / 0 (0.0%) gas / (0xfa1ea40e9fbd5f332abd2e352a676b2932ac5ac27bb1073a5f7f653ad4acc545)
[m[2m2026-05-31 16:57:09.030-0400[m[2m | [m[2mEthScheduler-Workers-172[m[2m | [m[32mINFO [m[2m | [m[2mPersistBlockTask[m[2m | [m[32mBlock 1560 (0xfa1ea40e9fbd5f332abd2e352a676b2932ac5ac27bb1073a5f7f653ad4acc545) is already imported
[m[2m2026-05-31 16:57:11.031-0400[m[2m | [m[2mBftProcessorExecutor-QBFT-0[m[2m | [m[32mINFO [m[2m | [m[2mQbftBesuControllerBuilder[m[2m | [m[32mProduced empty block #1,561 / 0 tx / 0 pending / 0 (0.0%) gas / (0x350b4652d37492ea1a0203d08208e2be50ac902b34e2c92535ec6d9fa3e67194)
[m[2m2026-05-31 16:57:13.032-0400[m[2m | [m[2mBftProcessorExecutor-QBFT-0[m[2m | [m[32mINFO [m[2m | [m[2mQbftBesuControllerBuilder[m[2m | [m[32mImported empty block #1,562 / 0 tx / 0 pending / 0 (0.0%) gas / (0xbc0f832ac4303ac60cb8e799ecce130f3fa0ab9f8bc4d9c5623f63fb2399df20)
[m[2m2026-05-31 16:57:15.013-0400[m[2m | [m[2mBftProcessorExecutor-QBFT-0[m[2m | [m[32mINFO [m[2m | [m[2mQbftBesuControllerBuilder[m[2m | [m[32mImported empty block #1,563 / 0 tx / 0 pending / 0 (0.0%) gas / (0x0f3f4411945d537297163d96f8c0d5e788f46ff7ce47244aca86fcd03c8b7396)
[m[2m2026-05-31 16:57:17.031-0400[m[2m | [m[2mBftProcessorExecutor-QBFT-0[m[2m | [m[32mINFO [m[2m | [m[2mQbftBesuControllerBuilder[m[2m | [m[32mImported empty block #1,564 / 0 tx / 0 pending / 0 (0.0%) gas / (0xc3fc10c5bd764a6e160f8c344802073382703dbb332d6dd26aa9237595bd7fc1)
[m[2m2026-05-31 16:57:19.030-0400[m[2m | [m[2mBftProcessorExecutor-QBFT-0[m[2m | [m[32mINFO [m[2m | [m[2mQbftBesuControllerBuilder[m[2m | [m[32mProduced empty block #1,565 / 0 tx / 0 pending / 0 (0.0%) gas / (0x0851c9a47476b8245eda9de2f326010e863bb2df3c2b374019a5cf347af7c288)
[m[2m2026-05-31 16:57:21.030-0400[m[2m | [m[2mBftProcessorExecutor-QBFT-0[m[2m | [m[32mINFO [m[2m | [m[2mQbftBesuControllerBuilder[m[2m | [m[32mImported empty block #1,566 / 0 tx / 0 pending / 0 (0.0%) gas / (0x389dd9c75a9d8929df39ca101120661ec070212ce6c321faf55ff7f8af0d4820)
[m[2m2026-05-31 16:57:23.024-0400[m[2m | [m[2mBftProcessorExecutor-QBFT-0[m[2m | [m[32mINFO [m[2m | [m[2mQbftBesuControllerBuilder[m[2m | [m[32mImported empty block #1,567 / 0 tx / 0 pending / 0 (0.0%) gas / (0x508d82d03abdcb3cd8bb56be32fedc42239b53bec025e856c785fc4c61a2ae3b)
[m[2m2026-05-31 16:57:25.024-0400[m[2m | [m[2mBftProcessorExecutor-QBFT-0[m[2m | [m[32mINFO [m[2m | [m[2mQbftBesuControllerBuilder[m[2m | [m[32mImported empty block #1,568 / 0 tx / 0 pending / 0 (0.0%) gas / (0xdba9406c3b41cdfac93c830beaccf6c6412bc20925f73ead272ff1b4d9e29ecd)
[m[2m2026-05-31 16:57:27.024-0400[m[2m | [m[2mBftProcessorExecutor-QBFT-0[m[2m | [m[32mINFO [m[2m | [m[2mQbftBesuControllerBuilder[m[2m | [m[32mProduced empty block #1,569 / 0 tx / 0 pending / 0 (0.0%) gas / (0xa8be55998f20a383c027ff0ab0ac2813ed1bc2ae425d1ae3a47ed17b68babcd6)
[m[2m2026-05-31 16:57:29.032-0400[m[2m | [m[2mBftProcessorExecutor-QBFT-0[m[2m | [m[32mINFO [m[2m | [m[2mQbftBesuControllerBuilder[m[2m | [m[32mImported empty block #1,570 / 0 tx / 0 pending / 0 (0.0%) gas / (0x8781d65731bfb73b0a7653acd48ba7f3040c2c2f67fbd103167b01546f6b5d00)
[m[2m2026-05-31 16:57:31.033-0400[m[2m | [m[2mBftProcessorExecutor-QBFT-0[m[2m | [m[32mINFO [m[2m | [m[2mQbftBesuControllerBuilder[m[2m | [m[32mImported empty block #1,571 / 0 tx / 0 pending / 0 (0.0%) gas / (0x6614404ccd93526c0fe7b47fb01bede1a58088236066011d01d59832cf7e65a9)
[m[2m2026-05-31 16:57:33.027-0400[m[2m | [m[2mBftProcessorExecutor-QBFT-0[m[2m | [m[32mINFO [m[2m | [m[2mQbftBesuControllerBuilder[m[2m | [m[32mImported empty block #1,572 / 0 tx / 0 pending / 0 (0.0%) gas / (0x145013de01a169dc3b85db33a43d341a2e5bfcdfd1c76f0045fb795d110a097f)
[m[2m2026-05-31 16:57:35.030-0400[m[2m | [m[2mBftProcessorExecutor-QBFT-0[m[2m | [m[32mINFO [m[2m | [m[2mQbftBesuControllerBuilder[m[2m | [m[32mProduced empty block #1,573 / 0 tx / 0 pending / 0 (0.0%) gas / (0xb9bf3eb22ea6e3629f4c7d862d7ba314513a0bbcef1dc17b253f35d5a0c88fd9)
[m[2m2026-05-31 16:57:37.027-0400[m[2m | [m[2mBftProcessorExecutor-QBFT-0[m[2m | [m[32mINFO [m[2m | [m[2mQbftBesuControllerBuilder[m[2m | [m[32mImported empty block #1,574 / 0 tx / 0 pending / 0 (0.0%) gas / (0xfd7ee3280b3d2e1aab06a013579d8d2d67da33161de08c0cb27dc44295d4072e)
[m[2m2026-05-31 16:57:39.027-0400[m[2m | [m[2mBftProcessorExecutor-QBFT-0[m[2m | [m[32mINFO [m[2m | [m[2mQbftBesuControllerBuilder[m[2m | [m[32mImported empty block #1,575 / 0 tx / 0 pending / 0 (0.0%) gas / (0x04fcd82e1e2128dac7a138eeb19fcdbe5a4cb246de9df8b812f52d07aae959ea)
[m[2m2026-05-31 16:57:41.033-0400[m[2m | [m[2mBftProcessorExecutor-QBFT-0[m[2m | [m[32mINFO [m[2m | [m[2mQbftBesuControllerBuilder[m[2m | [m[32mImported empty block #1,576 / 0 tx / 0 pending / 0 (0.0%) gas / (0xd48ab8b8fd7a2b7986136f2c53b41641bd13e7b539782e6353adabf39c1094ba)
[m[2m2026-05-31 16:57:43.029-0400[m[2m | [m[2mBftProcessorExecutor-QBFT-0[m[2m | [m[32mINFO [m[2m | [m[2mQbftBesuControllerBuilder[m[2m | [m[32mProduced empty block #1,577 / 0 tx / 0 pending / 0 (0.0%) gas / (0x7d08fd5848719bc3bf1d944865618ba4e7634b94093937fb2a4d6478b3d03764)
[m[2m2026-05-31 16:57:45.036-0400[m[2m | [m[2mBftProcessorExecutor-QBFT-0[m[2m | [m[32mINFO [m[2m | [m[2mQbftBesuControllerBuilder[m[2m | [m[32mImported empty block #1,578 / 0 tx / 0 pending / 0 (0.0%) gas / (0xa8cf858d32b041bb2444d03f64456a4881b63b1f3bf21e65b2488ec52d3d1a0e)
[m[2m2026-05-31 16:57:47.007-0400[m[2m | [m[2mBftProcessorExecutor-QBFT-0[m[2m | [m[32mINFO [m[2m | [m[2mQbftBesuControllerBuilder[m[2m | [m[32mImported empty block #1,579 / 0 tx / 0 pending / 0 (0.0%) gas / (0x4834c1bd8c6642d4b8ac5987ade188677fa093d050b21deab8ec1c0bf8106f23)
[m[2m2026-05-31 16:57:49.035-0400[m[2m | [m[2mBftProcessorExecutor-QBFT-0[m[2m | [m[32mINFO [m[2m | [m[2mQbftBesuControllerBuilder[m[2m | [m[32mImported empty block #1,580 / 0 tx / 0 pending / 0 (0.0%) gas / (0x6bc3882aefd8726b61296f7edb52bee43e2f80a055348dda6b3a100dcf01858a)
[m[2m2026-05-31 16:57:51.030-0400[m[2m | [m[2mBftProcessorExecutor-QBFT-0[m[2m | [m[32mINFO [m[2m | [m[2mQbftBesuControllerBuilder[m[2m | [m[32mProduced empty block #1,581 / 0 tx / 0 pending / 0 (0.0%) gas / (0x35673061d85dee1dcbd43fe38a296ff178941ab44686ef7c97650cf9931bd57e)
[m[2m2026-05-31 16:57:53.034-0400[m[2m | [m[2mBftProcessorExecutor-QBFT-0[m[2m | [m[32mINFO [m[2m | [m[2mQbftBesuControllerBuilder[m[2m | [m[32mImported empty block #1,582 / 0 tx / 0 pending / 0 (0.0%) gas / (0xd8ef5532d86b0a6ffaa3614b97ce942ea034855ad7e042ee1b0e9a1dda67d052)
[m[2m2026-05-31 16:57:55.028-0400[m[2m | [m[2mBftProcessorExecutor-QBFT-0[m[2m | [m[32mINFO [m[2m | [m[2mQbftBesuControllerBuilder[m[2m | [m[32mImported empty block #1,583 / 0 tx / 0 pending / 0 (0.0%) gas / (0xc6779f8f58c546794d9418d39b5c301a3db6e5c2e0a76d218093cbffe69aab57)
[m[2m2026-05-31 16:57:57.016-0400[m[2m | [m[2mBftProcessorExecutor-QBFT-0[m[2m | [m[32mINFO [m[2m | [m[2mQbftBesuControllerBuilder[m[2m | [m[32mImported empty block #1,584 / 0 tx / 0 pending / 0 (0.0%) gas / (0x81020c276a3390ac7ce7fe4cb423aa5acf61f450d74083974e098a634828990b)
[m[2m2026-05-31 16:57:59.031-0400[m[2m | [m[2mBftProcessorExecutor-QBFT-0[m[2m | [m[32mINFO [m[2m | [m[2mQbftBesuControllerBuilder[m[2m | [m[32mProduced empty block #1,585 / 0 tx / 0 pending / 0 (0.0%) gas / (0x0c2dd6cd310c88fc7e5f3df4e54005e6f979ea339e82986b9475bb41916c3aa7)
[m[2m2026-05-31 16:58:01.022-0400[m[2m | [m[2mBftProcessorExecutor-QBFT-0[m[2m | [m[32mINFO [m[2m | [m[2mQbftBesuControllerBuilder[m[2m | [m[32mImported empty block #1,586 / 0 tx / 0 pending / 0 (0.0%) gas / (0xef5fdad70ac439c7f0d2c7931c3114e083f9b28d92241df55ed0b9b50f31668b)
[m[2m2026-05-31 16:58:03.023-0400[m[2m | [m[2mBftProcessorExecutor-QBFT-0[m[2m | [m[32mINFO [m[2m | [m[2mQbftBesuControllerBuilder[m[2m | [m[32mImported empty block #1,587 / 0 tx / 0 pending / 0 (0.0%) gas / (0x1aa36313e40d7b5b9f19eef1933fcb350457697255c47c79b67e268696292631)
[m[2m2026-05-31 16:58:05.032-0400[m[2m | [m[2mBftProcessorExecutor-QBFT-0[m[2m | [m[32mINFO [m[2m | [m[2mQbftBesuControllerBuilder[m[2m | [m[32mImported empty block #1,588 / 0 tx / 0 pending / 0 (0.0%) gas / (0x702bfcd7072710bc3d27d1d44b8f7a7cf246d9b7701aa90214eda249eca93f79)
[m[2m2026-05-31 16:58:07.041-0400[m[2m | [m[2mBftProcessorExecutor-QBFT-0[m[2m | [m[32mINFO [m[2m | [m[2mQbftBesuControllerBuilder[m[2m | [m[32mProduced empty block #1,589 / 0 tx / 0 pending / 0 (0.0%) gas / (0x88f67479db5d4ef03ad463157a8f8b36cd61627ef3f5cc41a60fbe5965fa9f11)
[m[2m2026-05-31 16:58:09.035-0400[m[2m | [m[2mBftProcessorExecutor-QBFT-0[m[2m | [m[32mINFO [m[2m | [m[2mQbftBesuControllerBuilder[m[2m | [m[32mImported empty block #1,590 / 0 tx / 0 pending / 0 (0.0%) gas / (0xb61488e05bd6dc9c7eb8eedda1876e793db274f588133ab8e0756f61db5537aa)
[m[2m2026-05-31 16:58:11.015-0400[m[2m | [m[2mBftProcessorExecutor-QBFT-0[m[2m | [m[32mINFO [m[2m | [m[2mQbftBesuControllerBuilder[m[2m | [m[32mImported empty block #1,591 / 0 tx / 0 pending / 0 (0.0%) gas / (0x6b15fb6606e0fa028d0bec053e61ede2cb5b0f57ecf944f15235d4857c021658)
[m[2m2026-05-31 16:58:13.025-0400[m[2m | [m[2mBftProcessorExecutor-QBFT-0[m[2m | [m[32mINFO [m[2m | [m[2mQbftBesuControllerBuilder[m[2m | [m[32mImported empty block #1,592 / 0 tx / 0 pending / 0 (0.0%) gas / (0x6240e2b5f1c83092f97014cff350757e9b4946569be0692b4b1b93adb6ce1748)
[m[2m2026-05-31 16:58:15.018-0400[m[2m | [m[2mBftProcessorExecutor-QBFT-0[m[2m | [m[32mINFO [m[2m | [m[2mQbftBesuControllerBuilder[m[2m | [m[32mProduced empty block #1,593 / 0 tx / 0 pending / 0 (0.0%) gas / (0x0f5626e1013c17750466850e8b697d7c677e87bf6c9a70bf4d575a94249a90f3)
[m[2m2026-05-31 16:58:17.026-0400[m[2m | [m[2mBftProcessorExecutor-QBFT-0[m[2m | [m[32mINFO [m[2m | [m[2mQbftBesuControllerBuilder[m[2m | [m[32mImported empty block #1,594 / 0 tx / 0 pending / 0 (0.0%) gas / (0x3486f3618f0ee7ec0aa8d8ef1419ccf663095c110e2f2bcc340492654444282a)
[m[2m2026-05-31 16:58:19.042-0400[m[2m | [m[2mBftProcessorExecutor-QBFT-0[m[2m | [m[32mINFO [m[2m | [m[2mQbftBesuControllerBuilder[m[2m | [m[32mImported empty block #1,595 / 0 tx / 0 pending / 0 (0.0%) gas / (0x14855d85d6f86cb5e0c0e65252614850f4eca17bbe6f90041bee009ed72994d9)
[m[2m2026-05-31 16:58:21.033-0400[m[2m | [m[2mBftProcessorExecutor-QBFT-0[m[2m | [m[32mINFO [m[2m | [m[2mQbftBesuControllerBuilder[m[2m | [m[32mImported empty block #1,596 / 0 tx / 0 pending / 0 (0.0%) gas / (0x560e934018aa29fd9b51bc3c6790728f8ffe88f7a71171a268890b31420ab866)
[m[2m2026-05-31 16:58:23.034-0400[m[2m | [m[2mBftProcessorExecutor-QBFT-0[m[2m | [m[32mINFO [m[2m | [m[2mQbftBesuControllerBuilder[m[2m | [m[32mProduced empty block #1,597 / 0 tx / 0 pending / 0 (0.0%) gas / (0xdb4e84c0970b711c4435c11d701db6fcc12ca70b477d140ae4b1025238257366)
[m[2m2026-05-31 16:58:25.042-0400[m[2m | [m[2mBftProcessorExecutor-QBFT-0[m[2m | [m[32mINFO [m[2m | [m[2mQbftBesuControllerBuilder[m[2m | [m[32mImported empty block #1,598 / 0 tx / 0 pending / 0 (0.0%) gas / (0x36b8a447b7d62dabe9d87ac6457306de9fec05dafebe09b183e5128d1edcdc24)
[m[2m2026-05-31 16:58:25.042-0400[m[2m | [m[2mEthScheduler-Workers-177[m[2m | [m[32mINFO [m[2m | [m[2mPersistBlockTask[m[2m | [m[32mBlock 1598 (0x36b8a447b7d62dabe9d87ac6457306de9fec05dafebe09b183e5128d1edcdc24) is already imported
[m[2m2026-05-31 16:58:27.026-0400[m[2m | [m[2mBftProcessorExecutor-QBFT-0[m[2m | [m[32mINFO [m[2m | [m[2mQbftBesuControllerBuilder[m[2m | [m[32mImported empty block #1,599 / 0 tx / 0 pending / 0 (0.0%) gas / (0xc55b1aa470df8bdcb52541012d97d8927418ccc5931e98be50d65ebad8937a52)
[m[2m2026-05-31 16:58:29.030-0400[m[2m | [m[2mBftProcessorExecutor-QBFT-0[m[2m | [m[32mINFO [m[2m | [m[2mQbftBesuControllerBuilder[m[2m | [m[32mImported empty block #1,600 / 0 tx / 0 pending / 0 (0.0%) gas / (0x8ead8e0dc5f95cb8b80abe531d49fbe3c9f52cd4b67194016f8da8b11346bf88)
[m[2m2026-05-31 16:58:31.023-0400[m[2m | [m[2mBftProcessorExecutor-QBFT-0[m[2m | [m[32mINFO [m[2m | [m[2mQbftBesuControllerBuilder[m[2m | [m[32mProduced empty block #1,601 / 0 tx / 0 pending / 0 (0.0%) gas / (0xf559a27694c481ba8957ea819fa82c128d6af41f84b697bfe064724888f18cb0)
[m[2m2026-05-31 16:58:33.023-0400[m[2m | [m[2mBftProcessorExecutor-QBFT-0[m[2m | [m[32mINFO [m[2m | [m[2mQbftBesuControllerBuilder[m[2m | [m[32mImported empty block #1,602 / 0 tx / 0 pending / 0 (0.0%) gas / (0xdc94a1fcc6120a2bee67703ec0b287746f606b53ec5139eb91668741315f103f)
[m[2m2026-05-31 16:58:35.024-0400[m[2m | [m[2mBftProcessorExecutor-QBFT-0[m[2m | [m[32mINFO [m[2m | [m[2mQbftBesuControllerBuilder[m[2m | [m[32mImported empty block #1,603 / 0 tx / 0 pending / 0 (0.0%) gas / (0x30eb8b0211ee7bac65406d2ecf7ba9a2352e5ff498303604f2914d756fd69f25)
[m[2m2026-05-31 16:58:37.027-0400[m[2m | [m[2mBftProcessorExecutor-QBFT-0[m[2m | [m[32mINFO [m[2m | [m[2mQbftBesuControllerBuilder[m[2m | [m[32mImported empty block #1,604 / 0 tx / 0 pending / 0 (0.0%) gas / (0x8e58cd2b6e0831476b7d08630dd7f92bcf32b9cc72e62cf5e2af289ee37823f7)
[m[2m2026-05-31 16:58:39.025-0400[m[2m | [m[2mBftProcessorExecutor-QBFT-0[m[2m | [m[32mINFO [m[2m | [m[2mQbftBesuControllerBuilder[m[2m | [m[32mProduced empty block #1,605 / 0 tx / 0 pending / 0 (0.0%) gas / (0xb146bfdcf7368850aeafe7f59f6adce94ab1656a7597e3bfb94d1587d5b47b46)
[m[2m2026-05-31 16:58:41.028-0400[m[2m | [m[2mBftProcessorExecutor-QBFT-0[m[2m | [m[32mINFO [m[2m | [m[2mQbftBesuControllerBuilder[m[2m | [m[32mImported empty block #1,606 / 0 tx / 0 pending / 0 (0.0%) gas / (0x363d948226f4560b9b916729a0ad423087a371fcf6b580477447041a62da000b)
[m[2m2026-05-31 16:58:43.027-0400[m[2m | [m[2mBftProcessorExecutor-QBFT-0[m[2m | [m[32mINFO [m[2m | [m[2mQbftBesuControllerBuilder[m[2m | [m[32mImported empty block #1,607 / 0 tx / 0 pending / 0 (0.0%) gas / (0x29261e9f0a00599f242fecfb0ca6b6540296672fcc101bbca95ca34a8869e486)
[m[2m2026-05-31 16:58:45.028-0400[m[2m | [m[2mBftProcessorExecutor-QBFT-0[m[2m | [m[32mINFO [m[2m | [m[2mQbftBesuControllerBuilder[m[2m | [m[32mImported empty block #1,608 / 0 tx / 0 pending / 0 (0.0%) gas / (0x11ddecef0fbd940889d19498c0537be3f5a646bd1a7ddc4502fa557410d46480)
[m[2m2026-05-31 16:58:47.034-0400[m[2m | [m[2mBftProcessorExecutor-QBFT-0[m[2m | [m[32mINFO [m[2m | [m[2mQbftBesuControllerBuilder[m[2m | [m[32mProduced empty block #1,609 / 0 tx / 0 pending / 0 (0.0%) gas / (0x449b792a2624491ddfcee5b3f87c3973f6ba618a6179f8ea7c2609853a10ca93)
[m[2m2026-05-31 16:58:49.016-0400[m[2m | [m[2mBftProcessorExecutor-QBFT-0[m[2m | [m[32mINFO [m[2m | [m[2mQbftBesuControllerBuilder[m[2m | [m[32mImported empty block #1,610 / 0 tx / 0 pending / 0 (0.0%) gas / (0x7bd3e3a36b8878bb8e1dc9225c306336da1f1b612f45281a212960d102b2ca61)
[m[2m2026-05-31 16:58:51.043-0400[m[2m | [m[2mBftProcessorExecutor-QBFT-0[m[2m | [m[32mINFO [m[2m | [m[2mQbftBesuControllerBuilder[m[2m | [m[32mImported empty block #1,611 / 0 tx / 0 pending / 0 (0.0%) gas / (0x89017c7ccc67eff4482c1bdfe5de2e295b011a1cb218decb67ff54ebbd7e9315)
[m[2m2026-05-31 16:58:53.036-0400[m[2m | [m[2mBftProcessorExecutor-QBFT-0[m[2m | [m[32mINFO [m[2m | [m[2mQbftBesuControllerBuilder[m[2m | [m[32mImported empty block #1,612 / 0 tx / 0 pending / 0 (0.0%) gas / (0xabd6eb8c73cb3863fe3e929aeb7f3a750fe2e02785efcd2e99290554abb39531)
[m[2m2026-05-31 16:58:55.042-0400[m[2m | [m[2mBftProcessorExecutor-QBFT-0[m[2m | [m[32mINFO [m[2m | [m[2mQbftBesuControllerBuilder[m[2m | [m[32mProduced empty block #1,613 / 0 tx / 0 pending / 0 (0.0%) gas / (0x595b1029658049f3b0a16829ffb62ff423e1ccc83d77b560d0ae4a59ee533caa)
[m[2m2026-05-31 16:58:57.034-0400[m[2m | [m[2mBftProcessorExecutor-QBFT-0[m[2m | [m[32mINFO [m[2m | [m[2mQbftBesuControllerBuilder[m[2m | [m[32mImported empty block #1,614 / 0 tx / 0 pending / 0 (0.0%) gas / (0xd1b808c1b3a928c475bc83ecf9a22a2ed1f00098c3ea8f693551d92ae2685c20)
[m[2m2026-05-31 16:58:59.053-0400[m[2m | [m[2mBftProcessorExecutor-QBFT-0[m[2m | [m[32mINFO [m[2m | [m[2mQbftBesuControllerBuilder[m[2m | [m[32mImported empty block #1,615 / 0 tx / 0 pending / 0 (0.0%) gas / (0x26875cd329c9625530c927f55dc62b818fbbacac8cdbea1b7f7883f1846e42f9)
[m[2m2026-05-31 16:59:01.074-0400[m[2m | [m[2mBftProcessorExecutor-QBFT-0[m[2m | [m[32mINFO [m[2m | [m[2mQbftBesuControllerBuilder[m[2m | [m[32mImported empty block #1,616 / 0 tx / 0 pending / 0 (0.0%) gas / (0x87a093a74a12864baa9bf82264205247e8ff409c7af922287900e1efcd92661e)
[m[2m2026-05-31 16:59:03.025-0400[m[2m | [m[2mBftProcessorExecutor-QBFT-0[m[2m | [m[32mINFO [m[2m | [m[2mQbftBesuControllerBuilder[m[2m | [m[32mProduced empty block #1,617 / 0 tx / 0 pending / 0 (0.0%) gas / (0xc5993c060ec729e48d912aa931d69a80f5df937e7d76f209138ac30182d74872)
[m[2m2026-05-31 16:59:05.029-0400[m[2m | [m[2mBftProcessorExecutor-QBFT-0[m[2m | [m[32mINFO [m[2m | [m[2mQbftBesuControllerBuilder[m[2m | [m[32mImported empty block #1,618 / 0 tx / 0 pending / 0 (0.0%) gas / (0xea3dcb62da1756433f279338959350e224455fac5da2fe1f10ad8ad3b267c1d5)
[m[2m2026-05-31 16:59:07.033-0400[m[2m | [m[2mBftProcessorExecutor-QBFT-0[m[2m | [m[32mINFO [m[2m | [m[2mQbftBesuControllerBuilder[m[2m | [m[32mImported empty block #1,619 / 0 tx / 0 pending / 0 (0.0%) gas / (0x2bc19f7bab393b34706a3f7cd213cdbe4e5af9319af6b09d9d50bf6ebc55d4a0)
[m[2m2026-05-31 16:59:09.030-0400[m[2m | [m[2mBftProcessorExecutor-QBFT-0[m[2m | [m[32mINFO [m[2m | [m[2mQbftBesuControllerBuilder[m[2m | [m[32mImported empty block #1,620 / 0 tx / 0 pending / 0 (0.0%) gas / (0xbe2f953f5b4f749e631b0d2543712e0fffbebd24b93b4d97cccd7e00b518b4dc)
[m[2m2026-05-31 16:59:11.030-0400[m[2m | [m[2mBftProcessorExecutor-QBFT-0[m[2m | [m[32mINFO [m[2m | [m[2mQbftBesuControllerBuilder[m[2m | [m[32mProduced empty block #1,621 / 0 tx / 0 pending / 0 (0.0%) gas / (0x166aaa4893f50c84d5ed66c2d8c8785bd3bba445ff65c4465db72600fd5a2e24)
[m[2m2026-05-31 16:59:13.061-0400[m[2m | [m[2mBftProcessorExecutor-QBFT-0[m[2m | [m[32mINFO [m[2m | [m[2mQbftBesuControllerBuilder[m[2m | [m[32mImported empty block #1,622 / 0 tx / 0 pending / 0 (0.0%) gas / (0x7bc88aa227224ed0b20dc2f2db4369190a23241cfc55a90e3e915aa3c812d529)
[m[2m2026-05-31 16:59:15.035-0400[m[2m | [m[2mBftProcessorExecutor-QBFT-0[m[2m | [m[32mINFO [m[2m | [m[2mQbftBesuControllerBuilder[m[2m | [m[32mImported empty block #1,623 / 0 tx / 0 pending / 0 (0.0%) gas / (0xc5ddef2b189bc23b9abce69b86a3665bd3e5234b1eb6c2c2d2ae184882c9b14e)
[m[2m2026-05-31 16:59:17.030-0400[m[2m | [m[2mBftProcessorExecutor-QBFT-0[m[2m | [m[32mINFO [m[2m | [m[2mQbftBesuControllerBuilder[m[2m | [m[32mImported empty block #1,624 / 0 tx / 0 pending / 0 (0.0%) gas / (0x1bb45dde469dd1d881cca0c39f6d7e72608b141cf181eedd167be121968bfe32)
[m[2m2026-05-31 16:59:19.033-0400[m[2m | [m[2mBftProcessorExecutor-QBFT-0[m[2m | [m[32mINFO [m[2m | [m[2mQbftBesuControllerBuilder[m[2m | [m[32mProduced empty block #1,625 / 0 tx / 0 pending / 0 (0.0%) gas / (0xd3c26162baf736e33e6c00eea1bb9bf9d500ecdae67401308464a05c0a1019a1)
[m[2m2026-05-31 16:59:21.032-0400[m[2m | [m[2mBftProcessorExecutor-QBFT-0[m[2m | [m[32mINFO [m[2m | [m[2mQbftBesuControllerBuilder[m[2m | [m[32mImported empty block #1,626 / 0 tx / 0 pending / 0 (0.0%) gas / (0x965d298bae7a42ff33d4900e34409895fe41d80c41d8bb1e3bb3dd4b5b919fd9)
[m[2m2026-05-31 16:59:23.031-0400[m[2m | [m[2mBftProcessorExecutor-QBFT-0[m[2m | [m[32mINFO [m[2m | [m[2mQbftBesuControllerBuilder[m[2m | [m[32mImported empty block #1,627 / 0 tx / 0 pending / 0 (0.0%) gas / (0xe74309846139c6b196216c06861fe45d17f9042946df70b0bc55b849d585ee4c)
[m[2m2026-05-31 16:59:25.027-0400[m[2m | [m[2mBftProcessorExecutor-QBFT-0[m[2m | [m[32mINFO [m[2m | [m[2mQbftBesuControllerBuilder[m[2m | [m[32mImported empty block #1,628 / 0 tx / 0 pending / 0 (0.0%) gas / (0x1687d090fa45feefdd4204b620e659df033b9f33da5153361fb2a856425fa3b1)
[m[2m2026-05-31 16:59:27.053-0400[m[2m | [m[2mBftProcessorExecutor-QBFT-0[m[2m | [m[32mINFO [m[2m | [m[2mQbftBesuControllerBuilder[m[2m | [m[32mProduced empty block #1,629 / 0 tx / 0 pending / 0 (0.0%) gas / (0x217d65064f6154745bc8738a1c8e80b35a55d151370865a5fd9bcb21addf577c)
[m[2m2026-05-31 16:59:29.040-0400[m[2m | [m[2mBftProcessorExecutor-QBFT-0[m[2m | [m[32mINFO [m[2m | [m[2mQbftBesuControllerBuilder[m[2m | [m[32mImported empty block #1,630 / 0 tx / 0 pending / 0 (0.0%) gas / (0xc49488fb722f4cd054b23802325380f307c3916a37656995d5115a47ba39f247)
[m[2m2026-05-31 16:59:31.033-0400[m[2m | [m[2mBftProcessorExecutor-QBFT-0[m[2m | [m[32mINFO [m[2m | [m[2mQbftBesuControllerBuilder[m[2m | [m[32mImported empty block #1,631 / 0 tx / 0 pending / 0 (0.0%) gas / (0xe86c144c8ba058a3c7579a441d7ef4ed8669fc1ea6676f0af5349cbbc7b5de96)
[m[2m2026-05-31 16:59:33.029-0400[m[2m | [m[2mBftProcessorExecutor-QBFT-0[m[2m | [m[32mINFO [m[2m | [m[2mQbftBesuControllerBuilder[m[2m | [m[32mImported empty block #1,632 / 0 tx / 0 pending / 0 (0.0%) gas / (0xa1e1e82f59df5f0aa08bbeabd61099145040e9bd9c697db935c56042d6929c86)
[m[2m2026-05-31 16:59:35.033-0400[m[2m | [m[2mBftProcessorExecutor-QBFT-0[m[2m | [m[32mINFO [m[2m | [m[2mQbftBesuControllerBuilder[m[2m | [m[32mProduced empty block #1,633 / 0 tx / 0 pending / 0 (0.0%) gas / (0xc4543a4e535963fad91ee99f4edec7df112065d11b1eeede5f7f03d5e62e8b9e)
[m[2m2026-05-31 16:59:37.060-0400[m[2m | [m[2mBftProcessorExecutor-QBFT-0[m[2m | [m[32mINFO [m[2m | [m[2mQbftBesuControllerBuilder[m[2m | [m[32mImported empty block #1,634 / 0 tx / 0 pending / 0 (0.0%) gas / (0xaa32dc46319e4f38588cf48425a0d07d42b46d87fa65db11dc018437d070965b)
[m[2m2026-05-31 16:59:37.062-0400[m[2m | [m[2mEthScheduler-Workers-179[m[2m | [m[32mINFO [m[2m | [m[2mPersistBlockTask[m[2m | [m[32mBlock 1634 (0xaa32dc46319e4f38588cf48425a0d07d42b46d87fa65db11dc018437d070965b) is already imported
[m[2m2026-05-31 16:59:39.024-0400[m[2m | [m[2mBftProcessorExecutor-QBFT-0[m[2m | [m[32mINFO [m[2m | [m[2mQbftBesuControllerBuilder[m[2m | [m[32mImported empty block #1,635 / 0 tx / 0 pending / 0 (0.0%) gas / (0x48b8b8ed39b9726ba2378ec3d4fa0c79af95cb7111051fa44a46f296398c2e2c)
[m[2m2026-05-31 16:59:41.027-0400[m[2m | [m[2mBftProcessorExecutor-QBFT-0[m[2m | [m[32mINFO [m[2m | [m[2mQbftBesuControllerBuilder[m[2m | [m[32mImported empty block #1,636 / 0 tx / 0 pending / 0 (0.0%) gas / (0x9ef7ff16ec1504d5f1c61efbc386aaddbf3e18854d9fa17ae858c5e87165c895)
[m[2m2026-05-31 16:59:43.026-0400[m[2m | [m[2mBftProcessorExecutor-QBFT-0[m[2m | [m[32mINFO [m[2m | [m[2mQbftBesuControllerBuilder[m[2m | [m[32mProduced empty block #1,637 / 0 tx / 0 pending / 0 (0.0%) gas / (0xde543b4617f59aa3b97095d6aeac0c8b26d2d695e1423cfadf1243ffc82beb2f)
[m[2m2026-05-31 16:59:45.030-0400[m[2m | [m[2mBftProcessorExecutor-QBFT-0[m[2m | [m[32mINFO [m[2m | [m[2mQbftBesuControllerBuilder[m[2m | [m[32mImported empty block #1,638 / 0 tx / 0 pending / 0 (0.0%) gas / (0xd132c4d481fe23dbfd8a26af5eb9b1e97d9b0f1e6fce6f01fd39ac9498fa3cde)
[m[2m2026-05-31 16:59:45.031-0400[m[2m | [m[2mEthScheduler-Workers-181[m[2m | [m[32mINFO [m[2m | [m[2mPersistBlockTask[m[2m | [m[32mBlock 1638 (0xd132c4d481fe23dbfd8a26af5eb9b1e97d9b0f1e6fce6f01fd39ac9498fa3cde) is already imported
[m[2m2026-05-31 16:59:47.026-0400[m[2m | [m[2mBftProcessorExecutor-QBFT-0[m[2m | [m[32mINFO [m[2m | [m[2mQbftBesuControllerBuilder[m[2m | [m[32mImported empty block #1,639 / 0 tx / 0 pending / 0 (0.0%) gas / (0x6cea2358fc32c38e34a63362751755fd0ec73ea9556363ce63bf7d7d04b93cea)
[m[2m2026-05-31 16:59:49.025-0400[m[2m | [m[2mBftProcessorExecutor-QBFT-0[m[2m | [m[32mINFO [m[2m | [m[2mQbftBesuControllerBuilder[m[2m | [m[32mImported empty block #1,640 / 0 tx / 0 pending / 0 (0.0%) gas / (0xc03d08116b15511af1b888cc668ebdbdb6b73ef0deafe575ca955e22c3264be5)
[m[2m2026-05-31 16:59:51.025-0400[m[2m | [m[2mBftProcessorExecutor-QBFT-0[m[2m | [m[32mINFO [m[2m | [m[2mQbftBesuControllerBuilder[m[2m | [m[32mProduced empty block #1,641 / 0 tx / 0 pending / 0 (0.0%) gas / (0xe5d662ae050c645d8e75c8f972d658e8460176d50a0d2b64b3a7e06db6984ad7)
[m[2m2026-05-31 16:59:53.024-0400[m[2m | [m[2mBftProcessorExecutor-QBFT-0[m[2m | [m[32mINFO [m[2m | [m[2mQbftBesuControllerBuilder[m[2m | [m[32mImported empty block #1,642 / 0 tx / 0 pending / 0 (0.0%) gas / (0x07b530685cd11e94234934937a5bbc35015d806a72aae2e5f0de87dc8bd2aa29)
[m[2m2026-05-31 16:59:55.032-0400[m[2m | [m[2mBftProcessorExecutor-QBFT-0[m[2m | [m[32mINFO [m[2m | [m[2mQbftBesuControllerBuilder[m[2m | [m[32mImported empty block #1,643 / 0 tx / 0 pending / 0 (0.0%) gas / (0x169bd1f06fc9822fb11277cae3d43ab5ca2413b60bf459028f07a8b9b3513f8a)
[m[2m2026-05-31 16:59:57.030-0400[m[2m | [m[2mBftProcessorExecutor-QBFT-0[m[2m | [m[32mINFO [m[2m | [m[2mQbftBesuControllerBuilder[m[2m | [m[32mImported empty block #1,644 / 0 tx / 0 pending / 0 (0.0%) gas / (0x8ca7524ea92ac9c7e5410b52dd76262ee517f6040fe81d0df0aa417e82d7f183)
[m[2m2026-05-31 16:59:59.020-0400[m[2m | [m[2mBftProcessorExecutor-QBFT-0[m[2m | [m[32mINFO [m[2m | [m[2mQbftBesuControllerBuilder[m[2m | [m[32mProduced empty block #1,645 / 0 tx / 0 pending / 0 (0.0%) gas / (0xdc0a250fdbfac46ba37d3b6737294e47e8034522c1e53d0b18b07fa77f517a91)
[m[2m2026-05-31 17:00:01.024-0400[m[2m | [m[2mBftProcessorExecutor-QBFT-0[m[2m | [m[32mINFO [m[2m | [m[2mQbftBesuControllerBuilder[m[2m | [m[32mImported empty block #1,646 / 0 tx / 0 pending / 0 (0.0%) gas / (0xed421b8e5412292358d65fdbf65ca92eb99851286e12369d88922a09b63a8335)
[m[2m2026-05-31 17:00:03.024-0400[m[2m | [m[2mBftProcessorExecutor-QBFT-0[m[2m | [m[32mINFO [m[2m | [m[2mQbftBesuControllerBuilder[m[2m | [m[32mImported empty block #1,647 / 0 tx / 0 pending / 0 (0.0%) gas / (0xfcdc828234822e363f333a73abbdafa4a2c3484c4c436a39402d011edbf4e901)
[m[2m2026-05-31 17:00:05.030-0400[m[2m | [m[2mBftProcessorExecutor-QBFT-0[m[2m | [m[32mINFO [m[2m | [m[2mQbftBesuControllerBuilder[m[2m | [m[32mImported empty block #1,648 / 0 tx / 0 pending / 0 (0.0%) gas / (0x14a97ff656eede2c4e1f4eb377c79dcee6ad7a2cd321d953393591e66ca32320)
[m[2m2026-05-31 17:00:07.027-0400[m[2m | [m[2mBftProcessorExecutor-QBFT-0[m[2m | [m[32mINFO [m[2m | [m[2mQbftBesuControllerBuilder[m[2m | [m[32mProduced empty block #1,649 / 0 tx / 0 pending / 0 (0.0%) gas / (0x06b5958d0eaca17c9a134169e3b33243635ef6567e82979bbc22c2455841cc64)
[m[2m2026-05-31 17:00:09.027-0400[m[2m | [m[2mBftProcessorExecutor-QBFT-0[m[2m | [m[32mINFO [m[2m | [m[2mQbftBesuControllerBuilder[m[2m | [m[32mImported empty block #1,650 / 0 tx / 0 pending / 0 (0.0%) gas / (0x384debb0991fc26313c136ba4ef1e6b81087e70f7fbda752d7612767d9d49d5f)
[m[2m2026-05-31 17:00:11.031-0400[m[2m | [m[2mBftProcessorExecutor-QBFT-0[m[2m | [m[32mINFO [m[2m | [m[2mQbftBesuControllerBuilder[m[2m | [m[32mImported empty block #1,651 / 0 tx / 0 pending / 0 (0.0%) gas / (0xf5b0b1959ea63726b6f8327d4989b57e3ab2ceb66da937449bc4be00be04b312)
[m[2m2026-05-31 17:00:13.021-0400[m[2m | [m[2mBftProcessorExecutor-QBFT-0[m[2m | [m[32mINFO [m[2m | [m[2mQbftBesuControllerBuilder[m[2m | [m[32mImported empty block #1,652 / 0 tx / 0 pending / 0 (0.0%) gas / (0xf7abe8ede814f43d961ca6a5b34e326673358ef3f754548a267a4d85c01ae137)
[m[2m2026-05-31 17:00:15.008-0400[m[2m | [m[2mBftProcessorExecutor-QBFT-0[m[2m | [m[32mINFO [m[2m | [m[2mQbftBesuControllerBuilder[m[2m | [m[32mProduced empty block #1,653 / 0 tx / 0 pending / 0 (0.0%) gas / (0xda07919312b06a8aeca4a8ad3d85f23729ecdf2ec74ebdb3bee946a1486bc48d)
[m[2m2026-05-31 17:00:17.024-0400[m[2m | [m[2mBftProcessorExecutor-QBFT-0[m[2m | [m[32mINFO [m[2m | [m[2mQbftBesuControllerBuilder[m[2m | [m[32mImported empty block #1,654 / 0 tx / 0 pending / 0 (0.0%) gas / (0x705086f2c77e259fc4f4b2986733bfe450efb8959d2e34ce6472194e55eb6ec8)
[m[2m2026-05-31 17:00:19.025-0400[m[2m | [m[2mBftProcessorExecutor-QBFT-0[m[2m | [m[32mINFO [m[2m | [m[2mQbftBesuControllerBuilder[m[2m | [m[32mImported empty block #1,655 / 0 tx / 0 pending / 0 (0.0%) gas / (0xb942db0869cfbbe4e482d5e4729a1edde469c84f9f69fc63cf1b0970ef79f072)
[m[2m2026-05-31 17:00:19.025-0400[m[2m | [m[2mEthScheduler-Workers-183[m[2m | [m[32mINFO [m[2m | [m[2mPersistBlockTask[m[2m | [m[32mBlock 1655 (0xb942db0869cfbbe4e482d5e4729a1edde469c84f9f69fc63cf1b0970ef79f072) is already imported
[m[2m2026-05-31 17:00:21.026-0400[m[2m | [m[2mBftProcessorExecutor-QBFT-0[m[2m | [m[32mINFO [m[2m | [m[2mQbftBesuControllerBuilder[m[2m | [m[32mImported empty block #1,656 / 0 tx / 0 pending / 0 (0.0%) gas / (0x8834d9916361284d4ac9ff460188056d0f2e0bcc3353b77d10b6388af2402aa8)
[m[2m2026-05-31 17:00:23.026-0400[m[2m | [m[2mBftProcessorExecutor-QBFT-0[m[2m | [m[32mINFO [m[2m | [m[2mQbftBesuControllerBuilder[m[2m | [m[32mProduced empty block #1,657 / 0 tx / 0 pending / 0 (0.0%) gas / (0x187429db91356109b68d707adfdc19f07de7f1551b29d2c97d8d062fbcfed6ce)
[m[2m2026-05-31 17:00:23.027-0400[m[2m | [m[2mEthScheduler-Workers-185[m[2m | [m[32mINFO [m[2m | [m[2mPersistBlockTask[m[2m | [m[32mBlock 1657 (0x187429db91356109b68d707adfdc19f07de7f1551b29d2c97d8d062fbcfed6ce) is already imported
[m[2m2026-05-31 17:00:25.026-0400[m[2m | [m[2mBftProcessorExecutor-QBFT-0[m[2m | [m[32mINFO [m[2m | [m[2mQbftBesuControllerBuilder[m[2m | [m[32mImported empty block #1,658 / 0 tx / 0 pending / 0 (0.0%) gas / (0x9e3c25522381a5eb83d9ed85aa1ca6fd4345f48f148e4a660d19b3bb2a1907a6)
[m[2m2026-05-31 17:00:27.026-0400[m[2m | [m[2mBftProcessorExecutor-QBFT-0[m[2m | [m[32mINFO [m[2m | [m[2mQbftBesuControllerBuilder[m[2m | [m[32mImported empty block #1,659 / 0 tx / 0 pending / 0 (0.0%) gas / (0xb412188b0039ec2019cebcb5ae31fb57d30db79715be9422f1f1c5308ff39648)
[m[2m2026-05-31 17:00:29.020-0400[m[2m | [m[2mBftProcessorExecutor-QBFT-0[m[2m | [m[32mINFO [m[2m | [m[2mQbftBesuControllerBuilder[m[2m | [m[32mImported empty block #1,660 / 0 tx / 0 pending / 0 (0.0%) gas / (0x0e9c11270d852f6453ae01c378b75f6f9bd629ebff98a1d85ef9b8ab803e61bb)
[m[2m2026-05-31 17:00:31.026-0400[m[2m | [m[2mBftProcessorExecutor-QBFT-0[m[2m | [m[32mINFO [m[2m | [m[2mQbftBesuControllerBuilder[m[2m | [m[32mProduced empty block #1,661 / 0 tx / 0 pending / 0 (0.0%) gas / (0x3f1ad63adda23ee98d23822b0b29c8739086a75860f0e5bba0c9423f3623f69e)
[m[2m2026-05-31 17:00:33.026-0400[m[2m | [m[2mBftProcessorExecutor-QBFT-0[m[2m | [m[32mINFO [m[2m | [m[2mQbftBesuControllerBuilder[m[2m | [m[32mImported empty block #1,662 / 0 tx / 0 pending / 0 (0.0%) gas / (0xcea8ff18cd94ee330bd59fa026a55bd6d9f22d0257a3222398c2a45c5c7b49f9)
[m[2m2026-05-31 17:00:35.022-0400[m[2m | [m[2mBftProcessorExecutor-QBFT-0[m[2m | [m[32mINFO [m[2m | [m[2mQbftBesuControllerBuilder[m[2m | [m[32mImported empty block #1,663 / 0 tx / 0 pending / 0 (0.0%) gas / (0x2a2bb88c32fe6fc2e5b7a40cc074665495c56a448c27d23f59a424cb450503fb)
[m[2m2026-05-31 17:00:37.030-0400[m[2m | [m[2mBftProcessorExecutor-QBFT-0[m[2m | [m[32mINFO [m[2m | [m[2mQbftBesuControllerBuilder[m[2m | [m[32mImported empty block #1,664 / 0 tx / 0 pending / 0 (0.0%) gas / (0x31512d12e9a8a30663671da4d21e2cd7223868928746a2918668c6e14829c96c)
[m[2m2026-05-31 17:00:39.030-0400[m[2m | [m[2mBftProcessorExecutor-QBFT-0[m[2m | [m[32mINFO [m[2m | [m[2mQbftBesuControllerBuilder[m[2m | [m[32mProduced empty block #1,665 / 0 tx / 0 pending / 0 (0.0%) gas / (0xcb8b6ff47975d79d99a7d3df83baec423a04907d468f66957a1e0aa90c52fc6f)
[m[2m2026-05-31 17:00:39.030-0400[m[2m | [m[2mEthScheduler-Workers-187[m[2m | [m[32mINFO [m[2m | [m[2mPersistBlockTask[m[2m | [m[32mBlock 1665 (0xcb8b6ff47975d79d99a7d3df83baec423a04907d468f66957a1e0aa90c52fc6f) is already imported
[m[2m2026-05-31 17:00:41.026-0400[m[2m | [m[2mBftProcessorExecutor-QBFT-0[m[2m | [m[32mINFO [m[2m | [m[2mQbftBesuControllerBuilder[m[2m | [m[32mImported empty block #1,666 / 0 tx / 0 pending / 0 (0.0%) gas / (0x5e4b8581155b6c3310bfa4a69ea65e666ef195cdeaa01e04c2a0ba0ead1d7cc9)
[m[2m2026-05-31 17:00:43.030-0400[m[2m | [m[2mBftProcessorExecutor-QBFT-0[m[2m | [m[32mINFO [m[2m | [m[2mQbftBesuControllerBuilder[m[2m | [m[32mImported empty block #1,667 / 0 tx / 0 pending / 0 (0.0%) gas / (0x8f8c2dfdaadf13d4cc045e76a52676bb2a0374af84ff4e29719712383f116a93)
[m[2m2026-05-31 17:00:45.012-0400[m[2m | [m[2mBftProcessorExecutor-QBFT-0[m[2m | [m[32mINFO [m[2m | [m[2mQbftBesuControllerBuilder[m[2m | [m[32mImported empty block #1,668 / 0 tx / 0 pending / 0 (0.0%) gas / (0xaa22e4cd68f5430723dc37ddefe52a82a71dec44e46517a8768741de4bac1b2f)
[m[2m2026-05-31 17:00:47.028-0400[m[2m | [m[2mBftProcessorExecutor-QBFT-0[m[2m | [m[32mINFO [m[2m | [m[2mQbftBesuControllerBuilder[m[2m | [m[32mProduced empty block #1,669 / 0 tx / 0 pending / 0 (0.0%) gas / (0x6a30b26bb9d1c7c48d27ad4e1becf7faf8ad0fcc209c086fa8b168ec93d74e63)
[m[2m2026-05-31 17:00:47.029-0400[m[2m | [m[2mEthScheduler-Workers-189[m[2m | [m[32mINFO [m[2m | [m[2mPersistBlockTask[m[2m | [m[32mBlock 1669 (0x6a30b26bb9d1c7c48d27ad4e1becf7faf8ad0fcc209c086fa8b168ec93d74e63) is already imported
[m[2m2026-05-31 17:00:49.032-0400[m[2m | [m[2mBftProcessorExecutor-QBFT-0[m[2m | [m[32mINFO [m[2m | [m[2mQbftBesuControllerBuilder[m[2m | [m[32mImported empty block #1,670 / 0 tx / 0 pending / 0 (0.0%) gas / (0xca5964e7c72e697e0292fcbf78134e97d99fce11a0ef2f3b47c8dc4c68e49778)
[m[2m2026-05-31 17:00:51.020-0400[m[2m | [m[2mBftProcessorExecutor-QBFT-0[m[2m | [m[32mINFO [m[2m | [m[2mQbftBesuControllerBuilder[m[2m | [m[32mImported empty block #1,671 / 0 tx / 0 pending / 0 (0.0%) gas / (0x2e8d5d4013e030954a4fda070fc582f2b07bcca3b07b41b2d212509830516a90)
[m[2m2026-05-31 17:00:53.029-0400[m[2m | [m[2mBftProcessorExecutor-QBFT-0[m[2m | [m[32mINFO [m[2m | [m[2mQbftBesuControllerBuilder[m[2m | [m[32mImported empty block #1,672 / 0 tx / 0 pending / 0 (0.0%) gas / (0xb020833fbafee1dc586db473fe0b6c47a37ce350b34315a05f706ad09b955e44)
[m[2m2026-05-31 17:00:55.015-0400[m[2m | [m[2mBftProcessorExecutor-QBFT-0[m[2m | [m[32mINFO [m[2m | [m[2mQbftBesuControllerBuilder[m[2m | [m[32mProduced empty block #1,673 / 0 tx / 0 pending / 0 (0.0%) gas / (0xa6a91b347bc8acb52eb1a2e84f61fbd61abe93d3a0a169b85bf645ce076979fd)
[m[2m2026-05-31 17:00:57.023-0400[m[2m | [m[2mBftProcessorExecutor-QBFT-0[m[2m | [m[32mINFO [m[2m | [m[2mQbftBesuControllerBuilder[m[2m | [m[32mImported empty block #1,674 / 0 tx / 0 pending / 0 (0.0%) gas / (0x31d2d4a6294e74c06157243381bb318eb6eaf6612a64b95dc7660b8961a966bb)
[m[2m2026-05-31 17:00:59.019-0400[m[2m | [m[2mBftProcessorExecutor-QBFT-0[m[2m | [m[32mINFO [m[2m | [m[2mQbftBesuControllerBuilder[m[2m | [m[32mImported empty block #1,675 / 0 tx / 0 pending / 0 (0.0%) gas / (0x068b887f74cd0570532ca39e1be6c089cd5591501ddf442ce6ed0ec53ed86eca)
[m[2m2026-05-31 17:01:01.033-0400[m[2m | [m[2mBftProcessorExecutor-QBFT-0[m[2m | [m[32mINFO [m[2m | [m[2mQbftBesuControllerBuilder[m[2m | [m[32mImported empty block #1,676 / 0 tx / 0 pending / 0 (0.0%) gas / (0xffa2c3319c064f4904235861f95d1d7e0a53c3b2ff76d63d185810028f489891)
[m[2m2026-05-31 17:01:03.028-0400[m[2m | [m[2mBftProcessorExecutor-QBFT-0[m[2m | [m[32mINFO [m[2m | [m[2mQbftBesuControllerBuilder[m[2m | [m[32mProduced empty block #1,677 / 0 tx / 0 pending / 0 (0.0%) gas / (0x393ad0fbc3021a507648a1f6ec13d195593f0a88dd9a6775d5270e184b920e48)
[m[2m2026-05-31 17:01:05.023-0400[m[2m | [m[2mBftProcessorExecutor-QBFT-0[m[2m | [m[32mINFO [m[2m | [m[2mQbftBesuControllerBuilder[m[2m | [m[32mImported empty block #1,678 / 0 tx / 0 pending / 0 (0.0%) gas / (0x17d91b9ad3401df28679862d6b8eaeb43e0fe5466747f617d5ac40213b00cc30)
[m[2m2026-05-31 17:01:07.018-0400[m[2m | [m[2mBftProcessorExecutor-QBFT-0[m[2m | [m[32mINFO [m[2m | [m[2mQbftBesuControllerBuilder[m[2m | [m[32mImported empty block #1,679 / 0 tx / 0 pending / 0 (0.0%) gas / (0x691477933bb9f7220477a91beedde185d95b9e9acba47de4828ac1c4a77b78ec)
[m[2m2026-05-31 17:01:09.039-0400[m[2m | [m[2mBftProcessorExecutor-QBFT-0[m[2m | [m[32mINFO [m[2m | [m[2mQbftBesuControllerBuilder[m[2m | [m[32mImported empty block #1,680 / 0 tx / 0 pending / 0 (0.0%) gas / (0xfc4630eebcf4975de1f90abf5c49b5290cd199da71114acea399c824ba6e821c)
[m[2m2026-05-31 17:01:11.028-0400[m[2m | [m[2mBftProcessorExecutor-QBFT-0[m[2m | [m[32mINFO [m[2m | [m[2mQbftBesuControllerBuilder[m[2m | [m[32mProduced empty block #1,681 / 0 tx / 0 pending / 0 (0.0%) gas / (0xdff8a1c311e0d30d33248bd73b3d6822705932bad9d6783349dac75907099a0f)
[m[2m2026-05-31 17:01:13.032-0400[m[2m | [m[2mBftProcessorExecutor-QBFT-0[m[2m | [m[32mINFO [m[2m | [m[2mQbftBesuControllerBuilder[m[2m | [m[32mImported empty block #1,682 / 0 tx / 0 pending / 0 (0.0%) gas / (0xbc0e378b286aa2a61dbee6cd5a55e325a771d8107445249b69dbfddc40a285ba)
[m[2m2026-05-31 17:01:15.028-0400[m[2m | [m[2mBftProcessorExecutor-QBFT-0[m[2m | [m[32mINFO [m[2m | [m[2mQbftBesuControllerBuilder[m[2m | [m[32mImported empty block #1,683 / 0 tx / 0 pending / 0 (0.0%) gas / (0xa57f1796dc34ed7582c9fb99399edb8746725516e1ec5797bd0949b85f037a5d)
[m[2m2026-05-31 17:01:17.027-0400[m[2m | [m[2mBftProcessorExecutor-QBFT-0[m[2m | [m[32mINFO [m[2m | [m[2mQbftBesuControllerBuilder[m[2m | [m[32mImported empty block #1,684 / 0 tx / 0 pending / 0 (0.0%) gas / (0x292a989adae94c456ae214c633eee248668ae5fc33fa7992b2167b7ac4b3b56f)
[m[2m2026-05-31 17:01:19.032-0400[m[2m | [m[2mBftProcessorExecutor-QBFT-0[m[2m | [m[32mINFO [m[2m | [m[2mQbftBesuControllerBuilder[m[2m | [m[32mProduced empty block #1,685 / 0 tx / 0 pending / 0 (0.0%) gas / (0xcf3b85361c6942f2613dd5f8965e69a9861b5e9f913231e92c3bdb3201ff9507)
[m[2m2026-05-31 17:01:21.025-0400[m[2m | [m[2mBftProcessorExecutor-QBFT-0[m[2m | [m[32mINFO [m[2m | [m[2mQbftBesuControllerBuilder[m[2m | [m[32mImported empty block #1,686 / 0 tx / 0 pending / 0 (0.0%) gas / (0xb01c795ba8ab8fcb22e0f540f97853da57241cb8cdaee31437d031715d074607)
[m[2m2026-05-31 17:01:23.038-0400[m[2m | [m[2mBftProcessorExecutor-QBFT-0[m[2m | [m[32mINFO [m[2m | [m[2mQbftBesuControllerBuilder[m[2m | [m[32mImported empty block #1,687 / 0 tx / 0 pending / 0 (0.0%) gas / (0x291300d840e3044a30bf1f0e57d6926aebfcff1e24fc36367ecd364368598961)
[m[2m2026-05-31 17:01:25.033-0400[m[2m | [m[2mBftProcessorExecutor-QBFT-0[m[2m | [m[32mINFO [m[2m | [m[2mQbftBesuControllerBuilder[m[2m | [m[32mImported empty block #1,688 / 0 tx / 0 pending / 0 (0.0%) gas / (0x23c9e7ee2542b02e1e1f3a7a39144a1de3fb2a63915546185bd74578ce730514)
[m[2m2026-05-31 17:01:27.038-0400[m[2m | [m[2mBftProcessorExecutor-QBFT-0[m[2m | [m[32mINFO [m[2m | [m[2mQbftBesuControllerBuilder[m[2m | [m[32mProduced empty block #1,689 / 0 tx / 0 pending / 0 (0.0%) gas / (0x472191503370153e61674eecbbf2bfdc614cab5316094d1c04756c54d1a1dd62)
[m[2m2026-05-31 17:01:27.038-0400[m[2m | [m[2mEthScheduler-Workers-191[m[2m | [m[32mINFO [m[2m | [m[2mPersistBlockTask[m[2m | [m[32mBlock 1689 (0x472191503370153e61674eecbbf2bfdc614cab5316094d1c04756c54d1a1dd62) is already imported
[m[2m2026-05-31 17:01:29.024-0400[m[2m | [m[2mBftProcessorExecutor-QBFT-0[m[2m | [m[32mINFO [m[2m | [m[2mQbftBesuControllerBuilder[m[2m | [m[32mImported empty block #1,690 / 0 tx / 0 pending / 0 (0.0%) gas / (0x37e0e7136f17c4272b3297fae26eddce0566c0136c6d5eaaa427906fc6273ad9)
[m[2m2026-05-31 17:01:31.021-0400[m[2m | [m[2mBftProcessorExecutor-QBFT-0[m[2m | [m[32mINFO [m[2m | [m[2mQbftBesuControllerBuilder[m[2m | [m[32mImported empty block #1,691 / 0 tx / 0 pending / 0 (0.0%) gas / (0x8daaf5151de6602874d5908b26eec304b528ce33b81f8a3127d5ffe57da9e0e9)
[m[2m2026-05-31 17:01:33.028-0400[m[2m | [m[2mBftProcessorExecutor-QBFT-0[m[2m | [m[32mINFO [m[2m | [m[2mQbftBesuControllerBuilder[m[2m | [m[32mImported empty block #1,692 / 0 tx / 0 pending / 0 (0.0%) gas / (0x92ac75dcfb5dae5635369679a930e1ae95aa96e046c231be2e7397436715d83c)
[m[2m2026-05-31 17:01:35.029-0400[m[2m | [m[2mBftProcessorExecutor-QBFT-0[m[2m | [m[32mINFO [m[2m | [m[2mQbftBesuControllerBuilder[m[2m | [m[32mProduced empty block #1,693 / 0 tx / 0 pending / 0 (0.0%) gas / (0x849613544c1044c9673dafb22fcd7c4122fd7e89fdb0028affe883a3ecd4aa52)
[m[2m2026-05-31 17:01:37.031-0400[m[2m | [m[2mBftProcessorExecutor-QBFT-0[m[2m | [m[32mINFO [m[2m | [m[2mQbftBesuControllerBuilder[m[2m | [m[32mImported empty block #1,694 / 0 tx / 0 pending / 0 (0.0%) gas / (0xb0ec4dbb734202060c58969238c80165682b2dcd07512983cefc93a7274e0c9e)
[m[2m2026-05-31 17:01:39.037-0400[m[2m | [m[2mBftProcessorExecutor-QBFT-0[m[2m | [m[32mINFO [m[2m | [m[2mQbftBesuControllerBuilder[m[2m | [m[32mImported empty block #1,695 / 0 tx / 0 pending / 0 (0.0%) gas / (0xddab10a2c51e4d73b300ab9292e12e930d9e77963b59920dd4f518c31ddf6483)
[m[2m2026-05-31 17:01:41.024-0400[m[2m | [m[2mBftProcessorExecutor-QBFT-0[m[2m | [m[32mINFO [m[2m | [m[2mQbftBesuControllerBuilder[m[2m | [m[32mImported empty block #1,696 / 0 tx / 0 pending / 0 (0.0%) gas / (0x978c6255da507d10ff0b07b3ef1cefa567c5b9f2be03b3badb80570d7923aa33)
[m[2m2026-05-31 17:01:43.023-0400[m[2m | [m[2mBftProcessorExecutor-QBFT-0[m[2m | [m[32mINFO [m[2m | [m[2mQbftBesuControllerBuilder[m[2m | [m[32mProduced empty block #1,697 / 0 tx / 0 pending / 0 (0.0%) gas / (0xbbab6ff167d993a7d1fc9d0481d546aa3f06d4cb243dfe6d2f2ddeb05013a1ca)
[m[2m2026-05-31 17:01:45.032-0400[m[2m | [m[2mBftProcessorExecutor-QBFT-0[m[2m | [m[32mINFO [m[2m | [m[2mQbftBesuControllerBuilder[m[2m | [m[32mImported empty block #1,698 / 0 tx / 0 pending / 0 (0.0%) gas / (0xd257cdb09a46b54d43cad4102065dd82b614ea8f6a81560fff88dca91f48d7ee)
[m[2m2026-05-31 17:01:47.031-0400[m[2m | [m[2mBftProcessorExecutor-QBFT-0[m[2m | [m[32mINFO [m[2m | [m[2mQbftBesuControllerBuilder[m[2m | [m[32mImported empty block #1,699 / 0 tx / 0 pending / 0 (0.0%) gas / (0x6fafd0c71ddbd82e4c75c51b08f029dcd1dae5db1f2f57d6e35168dccfa6c6d9)
[m[2m2026-05-31 17:01:49.031-0400[m[2m | [m[2mBftProcessorExecutor-QBFT-0[m[2m | [m[32mINFO [m[2m | [m[2mQbftBesuControllerBuilder[m[2m | [m[32mImported empty block #1,700 / 0 tx / 0 pending / 0 (0.0%) gas / (0x690e01b690a2d7dd5e1b4acc561102c703d86266d51436970b373fa3eaa33b2e)
[m[2m2026-05-31 17:01:49.031-0400[m[2m | [m[2mEthScheduler-Workers-193[m[2m | [m[32mINFO [m[2m | [m[2mPersistBlockTask[m[2m | [m[32mBlock 1700 (0x690e01b690a2d7dd5e1b4acc561102c703d86266d51436970b373fa3eaa33b2e) is already imported
[m[2m2026-05-31 17:01:51.033-0400[m[2m | [m[2mBftProcessorExecutor-QBFT-0[m[2m | [m[32mINFO [m[2m | [m[2mQbftBesuControllerBuilder[m[2m | [m[32mProduced empty block #1,701 / 0 tx / 0 pending / 0 (0.0%) gas / (0x26776658d1e3fda0e41bef6284e5f75ac9a72b1fc1b1eaf24043f37c88ea2d7b)
[m[2m2026-05-31 17:01:53.027-0400[m[2m | [m[2mBftProcessorExecutor-QBFT-0[m[2m | [m[32mINFO [m[2m | [m[2mQbftBesuControllerBuilder[m[2m | [m[32mImported empty block #1,702 / 0 tx / 0 pending / 0 (0.0%) gas / (0x38c68d1c0cf64dd9e0d902859f903398a5e5e9d657ad1bbbef576671638e5089)
[m[2m2026-05-31 17:01:55.036-0400[m[2m | [m[2mBftProcessorExecutor-QBFT-0[m[2m | [m[32mINFO [m[2m | [m[2mQbftBesuControllerBuilder[m[2m | [m[32mImported empty block #1,703 / 0 tx / 0 pending / 0 (0.0%) gas / (0x7cf8c92ee1c6b9aceeceb5febcdf98d637ee30733aef406e41ad9ba101bf408b)
[m[2m2026-05-31 17:01:57.026-0400[m[2m | [m[2mBftProcessorExecutor-QBFT-0[m[2m | [m[32mINFO [m[2m | [m[2mQbftBesuControllerBuilder[m[2m | [m[32mImported empty block #1,704 / 0 tx / 0 pending / 0 (0.0%) gas / (0xe49ab35d0c74007bd9c34cd132b561f93e83ea0aadac7bf84dc77d0b1839604c)
[m[2m2026-05-31 17:01:59.033-0400[m[2m | [m[2mBftProcessorExecutor-QBFT-0[m[2m | [m[32mINFO [m[2m | [m[2mQbftBesuControllerBuilder[m[2m | [m[32mProduced empty block #1,705 / 0 tx / 0 pending / 0 (0.0%) gas / (0x489b6cc133e75d0d703e10875ce601b3357069f93dd7bb31f1d39a3add8dd875)
[m[2m2026-05-31 17:02:01.026-0400[m[2m | [m[2mBftProcessorExecutor-QBFT-0[m[2m | [m[32mINFO [m[2m | [m[2mQbftBesuControllerBuilder[m[2m | [m[32mImported empty block #1,706 / 0 tx / 0 pending / 0 (0.0%) gas / (0x8fb455ff0f4d45769e451d71d398d8203961925d27bd6ed59cc5b54b140ece7f)
[m[2m2026-05-31 17:02:03.026-0400[m[2m | [m[2mBftProcessorExecutor-QBFT-0[m[2m | [m[32mINFO [m[2m | [m[2mQbftBesuControllerBuilder[m[2m | [m[32mImported empty block #1,707 / 0 tx / 0 pending / 0 (0.0%) gas / (0xf5a87a104edbd85e74155f460af5a0049f3712819336756c0cdd628a07cbcd86)
[m[2m2026-05-31 17:02:05.026-0400[m[2m | [m[2mBftProcessorExecutor-QBFT-0[m[2m | [m[32mINFO [m[2m | [m[2mQbftBesuControllerBuilder[m[2m | [m[32mImported empty block #1,708 / 0 tx / 0 pending / 0 (0.0%) gas / (0x71518ff0661cc08f3a9b539e0ec7e24d3a6f04049d3f2c03ed7b40359e01a0e3)
[m[2m2026-05-31 17:02:07.029-0400[m[2m | [m[2mBftProcessorExecutor-QBFT-0[m[2m | [m[32mINFO [m[2m | [m[2mQbftBesuControllerBuilder[m[2m | [m[32mProduced empty block #1,709 / 0 tx / 0 pending / 0 (0.0%) gas / (0x8182fa81d189d4974cefe28b02ff9f8551f89e6bdc4560370594e4c08c6b050d)
[m[2m2026-05-31 17:02:09.043-0400[m[2m | [m[2mBftProcessorExecutor-QBFT-0[m[2m | [m[32mINFO [m[2m | [m[2mQbftBesuControllerBuilder[m[2m | [m[32mImported empty block #1,710 / 0 tx / 0 pending / 0 (0.0%) gas / (0x563e2c13e6ca19468563c04243c19bffe2c8fdbbf9087fae41bb81adade83e92)
[m[2m2026-05-31 17:02:11.029-0400[m[2m | [m[2mBftProcessorExecutor-QBFT-0[m[2m | [m[32mINFO [m[2m | [m[2mQbftBesuControllerBuilder[m[2m | [m[32mImported empty block #1,711 / 0 tx / 0 pending / 0 (0.0%) gas / (0xa8669cada8081d640f7907d3ceb353ce18697c44490fbe4d4de698a4646d69ab)
[m[2m2026-05-31 17:02:13.034-0400[m[2m | [m[2mBftProcessorExecutor-QBFT-0[m[2m | [m[32mINFO [m[2m | [m[2mQbftBesuControllerBuilder[m[2m | [m[32mImported empty block #1,712 / 0 tx / 0 pending / 0 (0.0%) gas / (0x3ef5832807ef048f664db5e90f74c5269a5f3419212a5762e5ef4d32810be271)
[m[2m2026-05-31 17:02:15.030-0400[m[2m | [m[2mBftProcessorExecutor-QBFT-0[m[2m | [m[32mINFO [m[2m | [m[2mQbftBesuControllerBuilder[m[2m | [m[32mProduced empty block #1,713 / 0 tx / 0 pending / 0 (0.0%) gas / (0xa3c10d7a2bd842a98b0725b9a068f9638800ca7707b8f72b55f3aa3de492a148)
[m[2m2026-05-31 17:02:17.063-0400[m[2m | [m[2mBftProcessorExecutor-QBFT-0[m[2m | [m[32mINFO [m[2m | [m[2mQbftBesuControllerBuilder[m[2m | [m[32mImported empty block #1,714 / 0 tx / 0 pending / 0 (0.0%) gas / (0x2c3286e775f91b7642a42cf3a4073fb9676b9aa89a072a450df7b11caf43cbde)
[m[2m2026-05-31 17:02:17.086-0400[m[2m | [m[2mEthScheduler-Workers-195[m[2m | [m[32mINFO [m[2m | [m[2mPersistBlockTask[m[2m | [m[32mBlock 1714 (0x2c3286e775f91b7642a42cf3a4073fb9676b9aa89a072a450df7b11caf43cbde) is already imported
[m[2m2026-05-31 17:02:19.039-0400[m[2m | [m[2mBftProcessorExecutor-QBFT-0[m[2m | [m[32mINFO [m[2m | [m[2mQbftBesuControllerBuilder[m[2m | [m[32mImported empty block #1,715 / 0 tx / 0 pending / 0 (0.0%) gas / (0x238a89248432f20918677483b68760f3914acd334f5da9adb0ee4051b610c934)
[m[2m2026-05-31 17:02:21.036-0400[m[2m | [m[2mBftProcessorExecutor-QBFT-0[m[2m | [m[32mINFO [m[2m | [m[2mQbftBesuControllerBuilder[m[2m | [m[32mImported empty block #1,716 / 0 tx / 0 pending / 0 (0.0%) gas / (0x646a31284e478f522024387245e7e5ac8ff9c4eebfae95dffd699e77f76ecc61)
[m[2m2026-05-31 17:02:23.023-0400[m[2m | [m[2mBftProcessorExecutor-QBFT-0[m[2m | [m[32mINFO [m[2m | [m[2mQbftBesuControllerBuilder[m[2m | [m[32mProduced empty block #1,717 / 0 tx / 0 pending / 0 (0.0%) gas / (0x204e912262c64c4c1fcb88e2189baee2f811ec743f8bbb626588c94c6f9ebbee)
[m[2m2026-05-31 17:02:25.029-0400[m[2m | [m[2mBftProcessorExecutor-QBFT-0[m[2m | [m[32mINFO [m[2m | [m[2mQbftBesuControllerBuilder[m[2m | [m[32mImported empty block #1,718 / 0 tx / 0 pending / 0 (0.0%) gas / (0x1b77e2756f6b57f5086872464c8578d6ca11a59bd777052d9692125a994149d6)
[m[2m2026-05-31 17:02:27.027-0400[m[2m | [m[2mBftProcessorExecutor-QBFT-0[m[2m | [m[32mINFO [m[2m | [m[2mQbftBesuControllerBuilder[m[2m | [m[32mImported empty block #1,719 / 0 tx / 0 pending / 0 (0.0%) gas / (0xf39ebb446914ee92090620102c309e35dd430ef11b86394f35c01d6201b81486)
[m[2m2026-05-31 17:02:27.028-0400[m[2m | [m[2mEthScheduler-Workers-197[m[2m | [m[32mINFO [m[2m | [m[2mPersistBlockTask[m[2m | [m[32mBlock 1719 (0xf39ebb446914ee92090620102c309e35dd430ef11b86394f35c01d6201b81486) is already imported
[m[2m2026-05-31 17:02:29.024-0400[m[2m | [m[2mBftProcessorExecutor-QBFT-0[m[2m | [m[32mINFO [m[2m | [m[2mQbftBesuControllerBuilder[m[2m | [m[32mImported empty block #1,720 / 0 tx / 0 pending / 0 (0.0%) gas / (0xb77951f8b689b18f973457f5082067d2749434eeacdcb0883a6afc0872e3193e)
[m[2m2026-05-31 17:02:31.023-0400[m[2m | [m[2mBftProcessorExecutor-QBFT-0[m[2m | [m[32mINFO [m[2m | [m[2mQbftBesuControllerBuilder[m[2m | [m[32mProduced empty block #1,721 / 0 tx / 0 pending / 0 (0.0%) gas / (0x0bd5f2c7692139c09c816e899855ce44f341063c43dfa9a0236e574d0a4a5d8c)
[m[2m2026-05-31 17:02:33.022-0400[m[2m | [m[2mBftProcessorExecutor-QBFT-0[m[2m | [m[32mINFO [m[2m | [m[2mQbftBesuControllerBuilder[m[2m | [m[32mImported empty block #1,722 / 0 tx / 0 pending / 0 (0.0%) gas / (0x7a1b37901c97a8bb73d4ea89d6ed941428966c0cfd5dd198d7e71da909cd3a86)
[m[2m2026-05-31 17:02:35.023-0400[m[2m | [m[2mBftProcessorExecutor-QBFT-0[m[2m | [m[32mINFO [m[2m | [m[2mQbftBesuControllerBuilder[m[2m | [m[32mImported empty block #1,723 / 0 tx / 0 pending / 0 (0.0%) gas / (0xeb10254cad4a2ec822d005eb498b05e32e87e610727ed47273229cc1e465de93)
[m[2m2026-05-31 17:02:37.025-0400[m[2m | [m[2mBftProcessorExecutor-QBFT-0[m[2m | [m[32mINFO [m[2m | [m[2mQbftBesuControllerBuilder[m[2m | [m[32mImported empty block #1,724 / 0 tx / 0 pending / 0 (0.0%) gas / (0x5792a24e39a70904a9edbb1b4430a44021921aca7f6be06e5f7dc47c3ec303e3)
[m[2m2026-05-31 17:02:39.026-0400[m[2m | [m[2mBftProcessorExecutor-QBFT-0[m[2m | [m[32mINFO [m[2m | [m[2mQbftBesuControllerBuilder[m[2m | [m[32mProduced empty block #1,725 / 0 tx / 0 pending / 0 (0.0%) gas / (0x92415ac96bc67cb3fdf7ce94f454b42188c63bc2a9e2a9ad240161e11e990d5e)
[m[2m2026-05-31 17:02:41.023-0400[m[2m | [m[2mBftProcessorExecutor-QBFT-0[m[2m | [m[32mINFO [m[2m | [m[2mQbftBesuControllerBuilder[m[2m | [m[32mImported empty block #1,726 / 0 tx / 0 pending / 0 (0.0%) gas / (0x279067cc7794a06c05a8ea15e0fb0c70219a044f3337057b3b7f21470f2ce8ba)
[m[2m2026-05-31 17:02:41.024-0400[m[2m | [m[2mEthScheduler-Workers-199[m[2m | [m[32mINFO [m[2m | [m[2mPersistBlockTask[m[2m | [m[32mBlock 1726 (0x279067cc7794a06c05a8ea15e0fb0c70219a044f3337057b3b7f21470f2ce8ba) is already imported
[m[2m2026-05-31 17:02:43.029-0400[m[2m | [m[2mEthScheduler-Workers-194[m[2m | [m[32mINFO [m[2m | [m[2mPersistBlockTask[m[2m | [m[32mImported empty block #1,727 / 0 tx / 0 om / 0 (0.0%) gas / (0xd4c37e4bb2209d16a2e41051524746fa65ae3104d544de3b9893de81fcd5663a) in 0.000s. Peers: 3
[m[2m2026-05-31 17:02:45.026-0400[m[2m | [m[2mBftProcessorExecutor-QBFT-0[m[2m | [m[32mINFO [m[2m | [m[2mQbftBesuControllerBuilder[m[2m | [m[32mImported empty block #1,728 / 0 tx / 0 pending / 0 (0.0%) gas / (0xddc6a70e67ccbe89481b1e92434340d1bd447826de4ceae27340aabad9a082c7)
[m[2m2026-05-31 17:02:45.026-0400[m[2m | [m[2mEthScheduler-Workers-196[m[2m | [m[32mINFO [m[2m | [m[2mPersistBlockTask[m[2m | [m[32mBlock 1728 (0xddc6a70e67ccbe89481b1e92434340d1bd447826de4ceae27340aabad9a082c7) is already imported
[m[2m2026-05-31 17:02:47.028-0400[m[2m | [m[2mBftProcessorExecutor-QBFT-0[m[2m | [m[32mINFO [m[2m | [m[2mQbftBesuControllerBuilder[m[2m | [m[32mProduced empty block #1,729 / 0 tx / 0 pending / 0 (0.0%) gas / (0x15f93083b101474a0ab03f17377560cc4f67c02e98cddcb6d38c971d508d2fd8)
[m[2m2026-05-31 17:02:49.031-0400[m[2m | [m[2mBftProcessorExecutor-QBFT-0[m[2m | [m[32mINFO [m[2m | [m[2mQbftBesuControllerBuilder[m[2m | [m[32mImported empty block #1,730 / 0 tx / 0 pending / 0 (0.0%) gas / (0x265de8c1a3c9753b61b382f9f29cf0fd7adfaeb04bfb9249b647ce556a09e264)
[m[2m2026-05-31 17:02:51.024-0400[m[2m | [m[2mBftProcessorExecutor-QBFT-0[m[2m | [m[32mINFO [m[2m | [m[2mQbftBesuControllerBuilder[m[2m | [m[32mImported empty block #1,731 / 0 tx / 0 pending / 0 (0.0%) gas / (0xb4942aa6e89081de1322e55c1fdadd364d051bfb34da228f0afcb6c794eaf5e7)
[m[2m2026-05-31 17:02:53.022-0400[m[2m | [m[2mBftProcessorExecutor-QBFT-0[m[2m | [m[32mINFO [m[2m | [m[2mQbftBesuControllerBuilder[m[2m | [m[32mImported empty block #1,732 / 0 tx / 0 pending / 0 (0.0%) gas / (0xc3d026e1c6e0f0469c070cde60e789a6e5a4156e64a887b58f69a0ee2c4d9134)
[m[2m2026-05-31 17:02:55.019-0400[m[2m | [m[2mBftProcessorExecutor-QBFT-0[m[2m | [m[32mINFO [m[2m | [m[2mQbftBesuControllerBuilder[m[2m | [m[32mProduced empty block #1,733 / 0 tx / 0 pending / 0 (0.0%) gas / (0xf96fe14a04875cbce2caa76a7f4413b44601b168fba4705b8a5718b0cd93b868)
[m[2m2026-05-31 17:02:57.028-0400[m[2m | [m[2mBftProcessorExecutor-QBFT-0[m[2m | [m[32mINFO [m[2m | [m[2mQbftBesuControllerBuilder[m[2m | [m[32mImported empty block #1,734 / 0 tx / 0 pending / 0 (0.0%) gas / (0x52290a5a0ce4f1a1ecff78f064926dcf82e87a8ca68dd1761f6ce78199067707)
[m[2m2026-05-31 17:02:59.028-0400[m[2m | [m[2mBftProcessorExecutor-QBFT-0[m[2m | [m[32mINFO [m[2m | [m[2mQbftBesuControllerBuilder[m[2m | [m[32mImported empty block #1,735 / 0 tx / 0 pending / 0 (0.0%) gas / (0xb39b82c628d97b297fb56ddc906af26845ad74e595c067848e2b369bcc6388ac)
[m[2m2026-05-31 17:03:01.025-0400[m[2m | [m[2mBftProcessorExecutor-QBFT-0[m[2m | [m[32mINFO [m[2m | [m[2mQbftBesuControllerBuilder[m[2m | [m[32mImported empty block #1,736 / 0 tx / 0 pending / 0 (0.0%) gas / (0xef8c0b23ce3183156150af5669c791c566ef1685ba78e7b8757cc67e407e6f27)
[m[2m2026-05-31 17:03:03.030-0400[m[2m | [m[2mBftProcessorExecutor-QBFT-0[m[2m | [m[32mINFO [m[2m | [m[2mQbftBesuControllerBuilder[m[2m | [m[32mProduced empty block #1,737 / 0 tx / 0 pending / 0 (0.0%) gas / (0x23274f1b003cf5bfedf19bb9bb718fab844a3482ab7776140a7cd2bd3874cd92)
[m[2m2026-05-31 17:03:05.035-0400[m[2m | [m[2mBftProcessorExecutor-QBFT-0[m[2m | [m[32mINFO [m[2m | [m[2mQbftBesuControllerBuilder[m[2m | [m[32mImported empty block #1,738 / 0 tx / 0 pending / 0 (0.0%) gas / (0xa2d08cc5987896acbcd7f44283f06c023ad19c7160479598e38ca7a9b45e4112)
[m[2m2026-05-31 17:03:07.025-0400[m[2m | [m[2mBftProcessorExecutor-QBFT-0[m[2m | [m[32mINFO [m[2m | [m[2mQbftBesuControllerBuilder[m[2m | [m[32mImported empty block #1,739 / 0 tx / 0 pending / 0 (0.0%) gas / (0x437a64ebc8f0cd6daedb942029be51e4d756ddbce88c6204934fc29454e5d508)
[m[2m2026-05-31 17:03:09.025-0400[m[2m | [m[2mBftProcessorExecutor-QBFT-0[m[2m | [m[32mINFO [m[2m | [m[2mQbftBesuControllerBuilder[m[2m | [m[32mImported empty block #1,740 / 0 tx / 0 pending / 0 (0.0%) gas / (0x9448971031e9ad609fcf9bcf31775cbce424ef4bc0b5943bcc22d8088e3adea5)
[m[2m2026-05-31 17:03:11.024-0400[m[2m | [m[2mBftProcessorExecutor-QBFT-0[m[2m | [m[32mINFO [m[2m | [m[2mQbftBesuControllerBuilder[m[2m | [m[32mProduced empty block #1,741 / 0 tx / 0 pending / 0 (0.0%) gas / (0x9e7410b8560b2cd81c8d8eed436c474e46ef1cd152576633f511cf58095c9135)
[m[2m2026-05-31 17:03:13.030-0400[m[2m | [m[2mBftProcessorExecutor-QBFT-0[m[2m | [m[32mINFO [m[2m | [m[2mQbftBesuControllerBuilder[m[2m | [m[32mImported empty block #1,742 / 0 tx / 0 pending / 0 (0.0%) gas / (0x70277ea8429274947291d99c0c496cc1aa4697c79d8d244b626bcbebcc73dc83)
[m[2m2026-05-31 17:03:15.023-0400[m[2m | [m[2mBftProcessorExecutor-QBFT-0[m[2m | [m[32mINFO [m[2m | [m[2mQbftBesuControllerBuilder[m[2m | [m[32mImported empty block #1,743 / 0 tx / 0 pending / 0 (0.0%) gas / (0x9c3cf75575c8f538292d86b7df620be5e6b4b819b2f21a313ad8001c03b62ac0)
[m[2m2026-05-31 17:03:17.029-0400[m[2m | [m[2mBftProcessorExecutor-QBFT-0[m[2m | [m[32mINFO [m[2m | [m[2mQbftBesuControllerBuilder[m[2m | [m[32mImported empty block #1,744 / 0 tx / 0 pending / 0 (0.0%) gas / (0xca8715d9343800af71440250eec326ac27875b5dddfdeb4cd45bf1e8e413001f)
[m[2m2026-05-31 17:03:19.032-0400[m[2m | [m[2mBftProcessorExecutor-QBFT-0[m[2m | [m[32mINFO [m[2m | [m[2mQbftBesuControllerBuilder[m[2m | [m[32mProduced empty block #1,745 / 0 tx / 0 pending / 0 (0.0%) gas / (0xf713744b9b373a549f91174a193f9aefb7c1b789b4395995d92c6c3f79e8c2ac)
[m[2m2026-05-31 17:03:21.030-0400[m[2m | [m[2mBftProcessorExecutor-QBFT-0[m[2m | [m[32mINFO [m[2m | [m[2mQbftBesuControllerBuilder[m[2m | [m[32mImported empty block #1,746 / 0 tx / 0 pending / 0 (0.0%) gas / (0x6501740ae12e848ea8e4c3f28526f1e55c81494711a031372112c3467e81bfa1)
[m[2m2026-05-31 17:03:23.028-0400[m[2m | [m[2mBftProcessorExecutor-QBFT-0[m[2m | [m[32mINFO [m[2m | [m[2mQbftBesuControllerBuilder[m[2m | [m[32mImported empty block #1,747 / 0 tx / 0 pending / 0 (0.0%) gas / (0xcc79befec1576fbfbd61d29e16e05be0a176a114198a48495915c8296354dace)
[m[2m2026-05-31 17:03:25.037-0400[m[2m | [m[2mBftProcessorExecutor-QBFT-0[m[2m | [m[32mINFO [m[2m | [m[2mQbftBesuControllerBuilder[m[2m | [m[32mImported empty block #1,748 / 0 tx / 0 pending / 0 (0.0%) gas / (0x3949759f463bf5d429c1718efcb93c0eb9f51c3ed6006dd02475684b8d4efe24)
[m[2m2026-05-31 17:03:25.038-0400[m[2m | [m[2mEthScheduler-Workers-198[m[2m | [m[32mINFO [m[2m | [m[2mPersistBlockTask[m[2m | [m[32mBlock 1748 (0x3949759f463bf5d429c1718efcb93c0eb9f51c3ed6006dd02475684b8d4efe24) is already imported
[m[2m2026-05-31 17:03:27.031-0400[m[2m | [m[2mBftProcessorExecutor-QBFT-0[m[2m | [m[32mINFO [m[2m | [m[2mQbftBesuControllerBuilder[m[2m | [m[32mProduced empty block #1,749 / 0 tx / 0 pending / 0 (0.0%) gas / (0x923fe156dfc3f1cc740f7ee98c6015dfbd6b0fadef2cf57d7f63b81fbdfa1d19)
[m[2m2026-05-31 17:03:29.024-0400[m[2m | [m[2mBftProcessorExecutor-QBFT-0[m[2m | [m[32mINFO [m[2m | [m[2mQbftBesuControllerBuilder[m[2m | [m[32mImported empty block #1,750 / 0 tx / 0 pending / 0 (0.0%) gas / (0x83009cc27a1d7c36f6efa502be7f72f5561b113a92ab764073c3ae5bcacf1ed5)
[m[2m2026-05-31 17:03:31.025-0400[m[2m | [m[2mBftProcessorExecutor-QBFT-0[m[2m | [m[32mINFO [m[2m | [m[2mQbftBesuControllerBuilder[m[2m | [m[32mImported empty block #1,751 / 0 tx / 0 pending / 0 (0.0%) gas / (0xda79bfad35eb70fdbf1b0abf89c6f03d578482734b87e86366a29594fb63599c)
[m[2m2026-05-31 17:03:33.034-0400[m[2m | [m[2mBftProcessorExecutor-QBFT-0[m[2m | [m[32mINFO [m[2m | [m[2mQbftBesuControllerBuilder[m[2m | [m[32mImported empty block #1,752 / 0 tx / 0 pending / 0 (0.0%) gas / (0x46bcbfe0e65ee5287ab12374224e3b2e2b80685397c3b504d5cdca0fac218276)
[m[2m2026-05-31 17:03:35.027-0400[m[2m | [m[2mBftProcessorExecutor-QBFT-0[m[2m | [m[32mINFO [m[2m | [m[2mQbftBesuControllerBuilder[m[2m | [m[32mProduced empty block #1,753 / 0 tx / 0 pending / 0 (0.0%) gas / (0x6723c5679178ba3fb5d45966e3495be36eddd271ee837446864c3634aa75c606)
[m[2m2026-05-31 17:03:37.014-0400[m[2m | [m[2mBftProcessorExecutor-QBFT-0[m[2m | [m[32mINFO [m[2m | [m[2mQbftBesuControllerBuilder[m[2m | [m[32mImported empty block #1,754 / 0 tx / 0 pending / 0 (0.0%) gas / (0x03456c65850d1cea5feec58ac3fc815defbfc34f2936e369c3c21643e524282e)
[m[2m2026-05-31 17:03:39.017-0400[m[2m | [m[2mBftProcessorExecutor-QBFT-0[m[2m | [m[32mINFO [m[2m | [m[2mQbftBesuControllerBuilder[m[2m | [m[32mImported empty block #1,755 / 0 tx / 0 pending / 0 (0.0%) gas / (0xb8c948f0fce52fb8c18df2b9fba765365d195fa5a58b68ab3cd0912ed91737ec)
[m[2m2026-05-31 17:03:41.023-0400[m[2m | [m[2mBftProcessorExecutor-QBFT-0[m[2m | [m[32mINFO [m[2m | [m[2mQbftBesuControllerBuilder[m[2m | [m[32mImported empty block #1,756 / 0 tx / 0 pending / 0 (0.0%) gas / (0xdf15e5493116bec2906051134d4f6c3894f31a2e63c379043fdb39e9be8268d7)
[m[2m2026-05-31 17:03:43.028-0400[m[2m | [m[2mBftProcessorExecutor-QBFT-0[m[2m | [m[32mINFO [m[2m | [m[2mQbftBesuControllerBuilder[m[2m | [m[32mProduced empty block #1,757 / 0 tx / 0 pending / 0 (0.0%) gas / (0xba6930e55f4ef8ef1dc842f29a5478f7d3e9964f7803a57af445fe3c853d8fcf)
[m[2m2026-05-31 17:03:45.031-0400[m[2m | [m[2mBftProcessorExecutor-QBFT-0[m[2m | [m[32mINFO [m[2m | [m[2mQbftBesuControllerBuilder[m[2m | [m[32mImported empty block #1,758 / 0 tx / 0 pending / 0 (0.0%) gas / (0x4fa9f8df5257fa059bea0e460cad9d950e88a686dfbcde65641120221ac2b6be)
[m[2m2026-05-31 17:03:47.031-0400[m[2m | [m[2mBftProcessorExecutor-QBFT-0[m[2m | [m[32mINFO [m[2m | [m[2mQbftBesuControllerBuilder[m[2m | [m[32mImported empty block #1,759 / 0 tx / 0 pending / 0 (0.0%) gas / (0xca7e88104b401873e4bf7564306565d40b6b5cbe878e924d782456a77e48deb3)
[m[2m2026-05-31 17:03:49.028-0400[m[2m | [m[2mBftProcessorExecutor-QBFT-0[m[2m | [m[32mINFO [m[2m | [m[2mQbftBesuControllerBuilder[m[2m | [m[32mImported empty block #1,760 / 0 tx / 0 pending / 0 (0.0%) gas / (0x2c5691afbee7a6d15b42d79c9f968357f2516d3d05152f2b1d4ec2c69c237f81)
[m[2m2026-05-31 17:03:51.027-0400[m[2m | [m[2mBftProcessorExecutor-QBFT-0[m[2m | [m[32mINFO [m[2m | [m[2mQbftBesuControllerBuilder[m[2m | [m[32mProduced empty block #1,761 / 0 tx / 0 pending / 0 (0.0%) gas / (0xadfa9c77522e9ad53a4355f6b7756a38ce1ba741bb3469948dd7a8ca27b0f9e1)
[m[2m2026-05-31 17:03:53.026-0400[m[2m | [m[2mBftProcessorExecutor-QBFT-0[m[2m | [m[32mINFO [m[2m | [m[2mQbftBesuControllerBuilder[m[2m | [m[32mImported empty block #1,762 / 0 tx / 0 pending / 0 (0.0%) gas / (0x9c79987942c6771809903605c69853ca1d61d43e7cb79bd7bf6ae3f12cb3f13d)
[m[2m2026-05-31 17:03:55.030-0400[m[2m | [m[2mBftProcessorExecutor-QBFT-0[m[2m | [m[32mINFO [m[2m | [m[2mQbftBesuControllerBuilder[m[2m | [m[32mImported empty block #1,763 / 0 tx / 0 pending / 0 (0.0%) gas / (0x3acff4ee17380593cbb04399c8e1e070d95d4e47799956ff0faef40be87e6807)
[m[2m2026-05-31 17:03:57.033-0400[m[2m | [m[2mBftProcessorExecutor-QBFT-0[m[2m | [m[32mINFO [m[2m | [m[2mQbftBesuControllerBuilder[m[2m | [m[32mImported empty block #1,764 / 0 tx / 0 pending / 0 (0.0%) gas / (0xedbd8c7ddbd679144057c0088fa650b5c7f336fec91c2c79866614329a7fcf6f)
[m[2m2026-05-31 17:03:59.036-0400[m[2m | [m[2mBftProcessorExecutor-QBFT-0[m[2m | [m[32mINFO [m[2m | [m[2mQbftBesuControllerBuilder[m[2m | [m[32mProduced empty block #1,765 / 0 tx / 0 pending / 0 (0.0%) gas / (0x3e92f595fc8adc7997b2613d67eef4890813ea4bc8cb48b5f9e1619e9f291827)
[m[2m2026-05-31 17:04:01.031-0400[m[2m | [m[2mBftProcessorExecutor-QBFT-0[m[2m | [m[32mINFO [m[2m | [m[2mQbftBesuControllerBuilder[m[2m | [m[32mImported empty block #1,766 / 0 tx / 0 pending / 0 (0.0%) gas / (0x4eff93639c44340cc23d76eb9bf3491f71fb689311686cf47f8c9f8a310caa29)
[m[2m2026-05-31 17:04:03.032-0400[m[2m | [m[2mBftProcessorExecutor-QBFT-0[m[2m | [m[32mINFO [m[2m | [m[2mQbftBesuControllerBuilder[m[2m | [m[32mImported empty block #1,767 / 0 tx / 0 pending / 0 (0.0%) gas / (0x4ac6997be7737b0cfc309c3d4d5e5977fb54a71d8e244c0d6ab60b4d966e8a8c)
[m[2m2026-05-31 17:04:05.026-0400[m[2m | [m[2mBftProcessorExecutor-QBFT-0[m[2m | [m[32mINFO [m[2m | [m[2mQbftBesuControllerBuilder[m[2m | [m[32mImported empty block #1,768 / 0 tx / 0 pending / 0 (0.0%) gas / (0x9cdaee294f534d05718e766b9154d33fea4f6216546d728f91d082401f544e34)
[m[2m2026-05-31 17:04:07.025-0400[m[2m | [m[2mBftProcessorExecutor-QBFT-0[m[2m | [m[32mINFO [m[2m | [m[2mQbftBesuControllerBuilder[m[2m | [m[32mProduced empty block #1,769 / 0 tx / 0 pending / 0 (0.0%) gas / (0xe1dc9892ff351358637ed8d53d1e456dbc42ef4598fc325386e10d85699fbc18)
[m[2m2026-05-31 17:04:09.022-0400[m[2m | [m[2mBftProcessorExecutor-QBFT-0[m[2m | [m[32mINFO [m[2m | [m[2mQbftBesuControllerBuilder[m[2m | [m[32mImported empty block #1,770 / 0 tx / 0 pending / 0 (0.0%) gas / (0x8775a382d3236162da8143196000472fbb7a3cc6bbbbaad0e69e66aebce01ae2)
[m[2m2026-05-31 17:04:11.020-0400[m[2m | [m[2mBftProcessorExecutor-QBFT-0[m[2m | [m[32mINFO [m[2m | [m[2mQbftBesuControllerBuilder[m[2m | [m[32mImported empty block #1,771 / 0 tx / 0 pending / 0 (0.0%) gas / (0x804e9679d71070924d4384d377c75a75d4210fde7cb2f5d621668359f97d12e1)
[m[2m2026-05-31 17:04:13.016-0400[m[2m | [m[2mBftProcessorExecutor-QBFT-0[m[2m | [m[32mINFO [m[2m | [m[2mQbftBesuControllerBuilder[m[2m | [m[32mImported empty block #1,772 / 0 tx / 0 pending / 0 (0.0%) gas / (0xc6899950d0c4289876aafb5824da6038f62f95fae1c8b67b235801efa636bc91)
[m[2m2026-05-31 17:04:15.029-0400[m[2m | [m[2mBftProcessorExecutor-QBFT-0[m[2m | [m[32mINFO [m[2m | [m[2mQbftBesuControllerBuilder[m[2m | [m[32mProduced empty block #1,773 / 0 tx / 0 pending / 0 (0.0%) gas / (0x217ee5840595669e8fd0c8170ccb6b86927cafc8af95b645c738fc2c5df862d3)
[m[2m2026-05-31 17:04:15.029-0400[m[2m | [m[2mEthScheduler-Workers-201[m[2m | [m[32mINFO [m[2m | [m[2mPersistBlockTask[m[2m | [m[32mBlock 1773 (0x217ee5840595669e8fd0c8170ccb6b86927cafc8af95b645c738fc2c5df862d3) is already imported
[m[2m2026-05-31 17:04:17.032-0400[m[2m | [m[2mBftProcessorExecutor-QBFT-0[m[2m | [m[32mINFO [m[2m | [m[2mQbftBesuControllerBuilder[m[2m | [m[32mImported empty block #1,774 / 0 tx / 0 pending / 0 (0.0%) gas / (0xc04ae3780400dfa7bbc59bda825713d361e19e168987c1ae2fc0a470a3bc1846)
[m[2m2026-05-31 17:04:17.032-0400[m[2m | [m[2mEthScheduler-Workers-203[m[2m | [m[32mINFO [m[2m | [m[2mPersistBlockTask[m[2m | [m[32mBlock 1774 (0xc04ae3780400dfa7bbc59bda825713d361e19e168987c1ae2fc0a470a3bc1846) is already imported
[m[2m2026-05-31 17:04:19.021-0400[m[2m | [m[2mBftProcessorExecutor-QBFT-0[m[2m | [m[32mINFO [m[2m | [m[2mQbftBesuControllerBuilder[m[2m | [m[32mImported empty block #1,775 / 0 tx / 0 pending / 0 (0.0%) gas / (0xd1f5193bc07c383b77ecbb4287053153026aef89396629e021e0eddf1b29d68e)
[m[2m2026-05-31 17:04:21.021-0400[m[2m | [m[2mBftProcessorExecutor-QBFT-0[m[2m | [m[32mINFO [m[2m | [m[2mQbftBesuControllerBuilder[m[2m | [m[32mImported empty block #1,776 / 0 tx / 0 pending / 0 (0.0%) gas / (0x1af9c891d351a6d8560ab5765e2beb934db0570538d9746dfa2850a8b020fe27)
[m[2m2026-05-31 17:04:23.028-0400[m[2m | [m[2mBftProcessorExecutor-QBFT-0[m[2m | [m[32mINFO [m[2m | [m[2mQbftBesuControllerBuilder[m[2m | [m[32mProduced empty block #1,777 / 0 tx / 0 pending / 0 (0.0%) gas / (0xa384ab3b1b9c4726974c0e1c0d05f9f1306294105e642c384d02e3340008749a)
[m[2m2026-05-31 17:04:25.035-0400[m[2m | [m[2mBftProcessorExecutor-QBFT-0[m[2m | [m[32mINFO [m[2m | [m[2mQbftBesuControllerBuilder[m[2m | [m[32mImported empty block #1,778 / 0 tx / 0 pending / 0 (0.0%) gas / (0xb9770784cb36954857ae086dabf7f07d707b8827bb803acb6b4f473f2731417f)
[m[2m2026-05-31 17:04:27.032-0400[m[2m | [m[2mBftProcessorExecutor-QBFT-0[m[2m | [m[32mINFO [m[2m | [m[2mQbftBesuControllerBuilder[m[2m | [m[32mImported empty block #1,779 / 0 tx / 0 pending / 0 (0.0%) gas / (0x0f70ae58fadf8754ff4f319518ae6c003dd0471f72f7c29765ad09dfaa3b208b)
[m[2m2026-05-31 17:04:29.027-0400[m[2m | [m[2mBftProcessorExecutor-QBFT-0[m[2m | [m[32mINFO [m[2m | [m[2mQbftBesuControllerBuilder[m[2m | [m[32mImported empty block #1,780 / 0 tx / 0 pending / 0 (0.0%) gas / (0x1c4ca30a15cf556c9d5071f15b4ea355dd2ad195bcfd74ec0e1d14964b77cc9b)
[m[2m2026-05-31 17:04:31.036-0400[m[2m | [m[2mBftProcessorExecutor-QBFT-0[m[2m | [m[32mINFO [m[2m | [m[2mQbftBesuControllerBuilder[m[2m | [m[32mProduced empty block #1,781 / 0 tx / 0 pending / 0 (0.0%) gas / (0xdcaaa60dbc8c66f57922f80f172eabe9ad2e5739816b26eac106b72bfcb08708)
[m[2m2026-05-31 17:04:33.010-0400[m[2m | [m[2mBftProcessorExecutor-QBFT-0[m[2m | [m[32mINFO [m[2m | [m[2mQbftBesuControllerBuilder[m[2m | [m[32mImported empty block #1,782 / 0 tx / 0 pending / 0 (0.0%) gas / (0x3cd2a94df783fdbdad0a5f32340853a1669b2a8865ae18b205166165e3fe7b7b)
[m[2m2026-05-31 17:04:35.015-0400[m[2m | [m[2mBftProcessorExecutor-QBFT-0[m[2m | [m[32mINFO [m[2m | [m[2mQbftBesuControllerBuilder[m[2m | [m[32mImported empty block #1,783 / 0 tx / 0 pending / 0 (0.0%) gas / (0x5ee2a9312f5321bdb53114af6b42aa16f9b6e5547de869a83fddc2cade552061)
[m[2m2026-05-31 17:04:37.036-0400[m[2m | [m[2mBftProcessorExecutor-QBFT-0[m[2m | [m[32mINFO [m[2m | [m[2mQbftBesuControllerBuilder[m[2m | [m[32mImported empty block #1,784 / 0 tx / 0 pending / 0 (0.0%) gas / (0x96a1f484e6077f1729c5001dd617d616e089deea3c2b4c4c2b9c6d1df3778b8e)
[m[2m2026-05-31 17:04:39.022-0400[m[2m | [m[2mBftProcessorExecutor-QBFT-0[m[2m | [m[32mINFO [m[2m | [m[2mQbftBesuControllerBuilder[m[2m | [m[32mProduced empty block #1,785 / 0 tx / 0 pending / 0 (0.0%) gas / (0xfba3f921bb5853fed729040127c935ca1be14d05d345a0dbbfed9a41e658828a)
[m[2m2026-05-31 17:04:41.014-0400[m[2m | [m[2mBftProcessorExecutor-QBFT-0[m[2m | [m[32mINFO [m[2m | [m[2mQbftBesuControllerBuilder[m[2m | [m[32mImported empty block #1,786 / 0 tx / 0 pending / 0 (0.0%) gas / (0xd58fbc61c89895fd4a403b3baa557130b2454bf0c9611cdd139156b2501afcd5)
[m[2m2026-05-31 17:04:43.026-0400[m[2m | [m[2mBftProcessorExecutor-QBFT-0[m[2m | [m[32mINFO [m[2m | [m[2mQbftBesuControllerBuilder[m[2m | [m[32mImported empty block #1,787 / 0 tx / 0 pending / 0 (0.0%) gas / (0xcbd3fd333d0d85e9a5661bfb5846f924157e06c8256892d0153eae26370f53c0)
[m[2m2026-05-31 17:04:45.035-0400[m[2m | [m[2mBftProcessorExecutor-QBFT-0[m[2m | [m[32mINFO [m[2m | [m[2mQbftBesuControllerBuilder[m[2m | [m[32mImported empty block #1,788 / 0 tx / 0 pending / 0 (0.0%) gas / (0xf8353a6a6e7815ead3bf15656f65050ca69afc06cd4c63575a2b647194617abc)
[m[2m2026-05-31 17:04:47.028-0400[m[2m | [m[2mBftProcessorExecutor-QBFT-0[m[2m | [m[32mINFO [m[2m | [m[2mQbftBesuControllerBuilder[m[2m | [m[32mProduced empty block #1,789 / 0 tx / 0 pending / 0 (0.0%) gas / (0x8784d1b3d13eed803d1a19203a3e146f14ed4e9fcec04c710c5930b9895cc03e)
[m[2m2026-05-31 17:04:49.034-0400[m[2m | [m[2mBftProcessorExecutor-QBFT-0[m[2m | [m[32mINFO [m[2m | [m[2mQbftBesuControllerBuilder[m[2m | [m[32mImported empty block #1,790 / 0 tx / 0 pending / 0 (0.0%) gas / (0x54aa1d25f7a201853f258b2cf4425124667ace9764658051b0217dba987d18c3)
[m[2m2026-05-31 17:04:51.033-0400[m[2m | [m[2mBftProcessorExecutor-QBFT-0[m[2m | [m[32mINFO [m[2m | [m[2mQbftBesuControllerBuilder[m[2m | [m[32mImported empty block #1,791 / 0 tx / 0 pending / 0 (0.0%) gas / (0x48a9722b1a72ef6fe474534eb99a20ddf3ce3a6c1075a23b4f50217f63d2e288)
[m[2m2026-05-31 17:04:53.035-0400[m[2m | [m[2mBftProcessorExecutor-QBFT-0[m[2m | [m[32mINFO [m[2m | [m[2mQbftBesuControllerBuilder[m[2m | [m[32mImported empty block #1,792 / 0 tx / 0 pending / 0 (0.0%) gas / (0x8506fc26137f64a8b87af6f392aaaac870300d9d866248b950524b4d72b95343)
[m[2m2026-05-31 17:04:55.037-0400[m[2m | [m[2mBftProcessorExecutor-QBFT-0[m[2m | [m[32mINFO [m[2m | [m[2mQbftBesuControllerBuilder[m[2m | [m[32mProduced empty block #1,793 / 0 tx / 0 pending / 0 (0.0%) gas / (0x1c1c7438fa16d999bf13c68be511998e77667093847bef1ca77c505a3ee2d04a)
[m[2m2026-05-31 17:04:57.033-0400[m[2m | [m[2mBftProcessorExecutor-QBFT-0[m[2m | [m[32mINFO [m[2m | [m[2mQbftBesuControllerBuilder[m[2m | [m[32mImported empty block #1,794 / 0 tx / 0 pending / 0 (0.0%) gas / (0x525b93de4efe316d73ff80dae04cebb703374fea66f4c433f77cfc0253d9532a)
[m[2m2026-05-31 17:04:59.028-0400[m[2m | [m[2mBftProcessorExecutor-QBFT-0[m[2m | [m[32mINFO [m[2m | [m[2mQbftBesuControllerBuilder[m[2m | [m[32mImported empty block #1,795 / 0 tx / 0 pending / 0 (0.0%) gas / (0xb532817547156c326ffedfb92196da70f3ae77e804db2c6d4dcdb622137d78bf)
[m[2m2026-05-31 17:05:01.033-0400[m[2m | [m[2mBftProcessorExecutor-QBFT-0[m[2m | [m[32mINFO [m[2m | [m[2mQbftBesuControllerBuilder[m[2m | [m[32mImported empty block #1,796 / 0 tx / 0 pending / 0 (0.0%) gas / (0x91b7327e8452cb944a887efc45f0330b5f1013620b91431b7198f8688294c0d8)
[m[2m2026-05-31 17:05:03.031-0400[m[2m | [m[2mBftProcessorExecutor-QBFT-0[m[2m | [m[32mINFO [m[2m | [m[2mQbftBesuControllerBuilder[m[2m | [m[32mProduced empty block #1,797 / 0 tx / 0 pending / 0 (0.0%) gas / (0x566cc2068be58788a5c18a59d6ef0033ef32104cbc1f815d426157af95609c48)
[m[2m2026-05-31 17:05:05.038-0400[m[2m | [m[2mBftProcessorExecutor-QBFT-0[m[2m | [m[32mINFO [m[2m | [m[2mQbftBesuControllerBuilder[m[2m | [m[32mImported empty block #1,798 / 0 tx / 0 pending / 0 (0.0%) gas / (0xa8400e34a5a2c39230e90d0c5952fdab8986cb384f89676d69179386eaf96fe3)
[m[2m2026-05-31 17:05:07.036-0400[m[2m | [m[2mBftProcessorExecutor-QBFT-0[m[2m | [m[32mINFO [m[2m | [m[2mQbftBesuControllerBuilder[m[2m | [m[32mImported empty block #1,799 / 0 tx / 0 pending / 0 (0.0%) gas / (0xaf0b8425639226a9f3aed3f038a49dbe770172c692e008cc272d1b1e9a8398cc)
[m[2m2026-05-31 17:05:09.031-0400[m[2m | [m[2mBftProcessorExecutor-QBFT-0[m[2m | [m[32mINFO [m[2m | [m[2mQbftBesuControllerBuilder[m[2m | [m[32mImported empty block #1,800 / 0 tx / 0 pending / 0 (0.0%) gas / (0x85d35216d0e5c2d9b43dacae7086ba001dbab933c8c40a8c3fdc775fcf114355)
[m[2m2026-05-31 17:05:11.029-0400[m[2m | [m[2mBftProcessorExecutor-QBFT-0[m[2m | [m[32mINFO [m[2m | [m[2mQbftBesuControllerBuilder[m[2m | [m[32mProduced empty block #1,801 / 0 tx / 0 pending / 0 (0.0%) gas / (0x324a5092043f11baa8a28daa870dc9cc48e654048ce6d365e197507131516683)
[m[2m2026-05-31 17:05:13.023-0400[m[2m | [m[2mBftProcessorExecutor-QBFT-0[m[2m | [m[32mINFO [m[2m | [m[2mQbftBesuControllerBuilder[m[2m | [m[32mImported empty block #1,802 / 0 tx / 0 pending / 0 (0.0%) gas / (0xacbf70ab9399d37b75c1e0c3cb8a5e6f6eb26899fd8c1d9df9846df5ccf9d568)
[m[2m2026-05-31 17:05:15.029-0400[m[2m | [m[2mBftProcessorExecutor-QBFT-0[m[2m | [m[32mINFO [m[2m | [m[2mQbftBesuControllerBuilder[m[2m | [m[32mImported empty block #1,803 / 0 tx / 0 pending / 0 (0.0%) gas / (0x2ac790d1cf7a4e86ebd76730e6cdd04ec82e16c66a359d076960a3d81cfed208)
[m[2m2026-05-31 17:05:17.031-0400[m[2m | [m[2mBftProcessorExecutor-QBFT-0[m[2m | [m[32mINFO [m[2m | [m[2mQbftBesuControllerBuilder[m[2m | [m[32mImported empty block #1,804 / 0 tx / 0 pending / 0 (0.0%) gas / (0x48839d5deb6c0b6522989492ad8157e056b3886dce12543c04ded4e2001dbb15)
[m[2m2026-05-31 17:05:19.027-0400[m[2m | [m[2mBftProcessorExecutor-QBFT-0[m[2m | [m[32mINFO [m[2m | [m[2mQbftBesuControllerBuilder[m[2m | [m[32mProduced empty block #1,805 / 0 tx / 0 pending / 0 (0.0%) gas / (0x415c0b06e576e5c5d68e84f58aafb182f9fd8573dfb0d84461844533c6fcd821)
[m[2m2026-05-31 17:05:21.028-0400[m[2m | [m[2mBftProcessorExecutor-QBFT-0[m[2m | [m[32mINFO [m[2m | [m[2mQbftBesuControllerBuilder[m[2m | [m[32mImported empty block #1,806 / 0 tx / 0 pending / 0 (0.0%) gas / (0xc5a1fe7ab30a73dd13e922c218e708624ffefd17e0fcc011693298be6166e0d1)
[m[2m2026-05-31 17:05:21.028-0400[m[2m | [m[2mEthScheduler-Workers-205[m[2m | [m[32mINFO [m[2m | [m[2mPersistBlockTask[m[2m | [m[32mBlock 1806 (0xc5a1fe7ab30a73dd13e922c218e708624ffefd17e0fcc011693298be6166e0d1) is already imported
[m[2m2026-05-31 17:05:23.030-0400[m[2m | [m[2mBftProcessorExecutor-QBFT-0[m[2m | [m[32mINFO [m[2m | [m[2mQbftBesuControllerBuilder[m[2m | [m[32mImported empty block #1,807 / 0 tx / 0 pending / 0 (0.0%) gas / (0xa633be3e412150a1573ca03e14a4d211047e73b9e15c79e5b625ba3e35e0f5d0)
[m[2m2026-05-31 17:05:25.031-0400[m[2m | [m[2mBftProcessorExecutor-QBFT-0[m[2m | [m[32mINFO [m[2m | [m[2mQbftBesuControllerBuilder[m[2m | [m[32mImported empty block #1,808 / 0 tx / 0 pending / 0 (0.0%) gas / (0xe15637e0c94a8050c38ccba7c853ab48eed8fd62f4a5400b6b5e3486751039a2)
[m[2m2026-05-31 17:05:27.033-0400[m[2m | [m[2mBftProcessorExecutor-QBFT-0[m[2m | [m[32mINFO [m[2m | [m[2mQbftBesuControllerBuilder[m[2m | [m[32mProduced empty block #1,809 / 0 tx / 0 pending / 0 (0.0%) gas / (0x2c729ae03208d5f3238ea8bd12a2a75338f976ea20fa5af8303cb836b5664c18)
[m[2m2026-05-31 17:05:29.031-0400[m[2m | [m[2mBftProcessorExecutor-QBFT-0[m[2m | [m[32mINFO [m[2m | [m[2mQbftBesuControllerBuilder[m[2m | [m[32mImported empty block #1,810 / 0 tx / 0 pending / 0 (0.0%) gas / (0x32df2e05ef2fa394bc3ed6e4416a8ce079399b175f299d06ed522f84fb6c88f0)
[m[2m2026-05-31 17:05:31.030-0400[m[2m | [m[2mBftProcessorExecutor-QBFT-0[m[2m | [m[32mINFO [m[2m | [m[2mQbftBesuControllerBuilder[m[2m | [m[32mImported empty block #1,811 / 0 tx / 0 pending / 0 (0.0%) gas / (0x9219ed572738ac28ab68bdbff522b7e95f87363bb50d9cc940204b483ab09035)
[m[2m2026-05-31 17:05:33.029-0400[m[2m | [m[2mBftProcessorExecutor-QBFT-0[m[2m | [m[32mINFO [m[2m | [m[2mQbftBesuControllerBuilder[m[2m | [m[32mImported empty block #1,812 / 0 tx / 0 pending / 0 (0.0%) gas / (0x96fde1140e4d48703aa926eac3272a202529fcffb0ee5413712002e2f1b40e1c)
[m[2m2026-05-31 17:05:35.031-0400[m[2m | [m[2mBftProcessorExecutor-QBFT-0[m[2m | [m[32mINFO [m[2m | [m[2mQbftBesuControllerBuilder[m[2m | [m[32mProduced empty block #1,813 / 0 tx / 0 pending / 0 (0.0%) gas / (0xd602e0924b294af6659db7cca957e88bb7618c513bb2e63920855e622baa314a)
[m[2m2026-05-31 17:05:37.026-0400[m[2m | [m[2mBftProcessorExecutor-QBFT-0[m[2m | [m[32mINFO [m[2m | [m[2mQbftBesuControllerBuilder[m[2m | [m[32mImported empty block #1,814 / 0 tx / 0 pending / 0 (0.0%) gas / (0x6aa11acc1aa8f37f0ac34185c7f54bd5408d28511c0a8d83911d82a5bd79dd91)
[m[2m2026-05-31 17:05:39.029-0400[m[2m | [m[2mBftProcessorExecutor-QBFT-0[m[2m | [m[32mINFO [m[2m | [m[2mQbftBesuControllerBuilder[m[2m | [m[32mImported empty block #1,815 / 0 tx / 0 pending / 0 (0.0%) gas / (0xbce73b50e05783d8fefe87db3a384c603a69b1a28e8a5c554ef72191c2b3c591)
[m[2m2026-05-31 17:05:41.027-0400[m[2m | [m[2mBftProcessorExecutor-QBFT-0[m[2m | [m[32mINFO [m[2m | [m[2mQbftBesuControllerBuilder[m[2m | [m[32mImported empty block #1,816 / 0 tx / 0 pending / 0 (0.0%) gas / (0x41fbf51764b1ac22cadbb5103714a491d8bd925fef51cff387e01a9291c32393)
[m[2m2026-05-31 17:05:43.029-0400[m[2m | [m[2mBftProcessorExecutor-QBFT-0[m[2m | [m[32mINFO [m[2m | [m[2mQbftBesuControllerBuilder[m[2m | [m[32mProduced empty block #1,817 / 0 tx / 0 pending / 0 (0.0%) gas / (0xf742c1d9b3fb0cbc26b3a9e5b1be046988e291d112ebead4edd7d9d376e7e4a3)
[m[2m2026-05-31 17:05:45.032-0400[m[2m | [m[2mBftProcessorExecutor-QBFT-0[m[2m | [m[32mINFO [m[2m | [m[2mQbftBesuControllerBuilder[m[2m | [m[32mImported empty block #1,818 / 0 tx / 0 pending / 0 (0.0%) gas / (0xcf5d953187964e4aa60d759cb60d4aa419f12fe1a3cc1c8f49fccd4c69093493)
[m[2m2026-05-31 17:05:47.029-0400[m[2m | [m[2mBftProcessorExecutor-QBFT-0[m[2m | [m[32mINFO [m[2m | [m[2mQbftBesuControllerBuilder[m[2m | [m[32mImported empty block #1,819 / 0 tx / 0 pending / 0 (0.0%) gas / (0x0173368945288ab3d2f0f1e27a8613d8ecd56c93d0406b71ffbaacb5e4f21eb8)
[m[2m2026-05-31 17:05:49.031-0400[m[2m | [m[2mBftProcessorExecutor-QBFT-0[m[2m | [m[32mINFO [m[2m | [m[2mQbftBesuControllerBuilder[m[2m | [m[32mImported empty block #1,820 / 0 tx / 0 pending / 0 (0.0%) gas / (0x6abf8265aa87400e964624efea113b79563aef41ca5bd0c8a026ebacfb2fb1f9)
[m[2m2026-05-31 17:05:51.037-0400[m[2m | [m[2mBftProcessorExecutor-QBFT-0[m[2m | [m[32mINFO [m[2m | [m[2mQbftBesuControllerBuilder[m[2m | [m[32mProduced empty block #1,821 / 0 tx / 0 pending / 0 (0.0%) gas / (0x860ee39fa889b24d58b96b4003495a28ca101cdeed157fc205330d07ca76d9e3)
[m[2m2026-05-31 17:05:51.037-0400[m[2m | [m[2mEthScheduler-Workers-207[m[2m | [m[32mINFO [m[2m | [m[2mPersistBlockTask[m[2m | [m[32mBlock 1821 (0x860ee39fa889b24d58b96b4003495a28ca101cdeed157fc205330d07ca76d9e3) is already imported
[m[2m2026-05-31 17:05:53.033-0400[m[2m | [m[2mBftProcessorExecutor-QBFT-0[m[2m | [m[32mINFO [m[2m | [m[2mQbftBesuControllerBuilder[m[2m | [m[32mImported empty block #1,822 / 0 tx / 0 pending / 0 (0.0%) gas / (0x863417147806170b90bcf07880b20eb8d587f55cc846578073dd559ca2f50e71)
[m[2m2026-05-31 17:05:55.031-0400[m[2m | [m[2mBftProcessorExecutor-QBFT-0[m[2m | [m[32mINFO [m[2m | [m[2mQbftBesuControllerBuilder[m[2m | [m[32mImported empty block #1,823 / 0 tx / 0 pending / 0 (0.0%) gas / (0xe246e86fc22c8f1dda22777943a58d7eed2ac7c6ad172487e3185bcb11c3857f)
[m[2m2026-05-31 17:05:57.034-0400[m[2m | [m[2mBftProcessorExecutor-QBFT-0[m[2m | [m[32mINFO [m[2m | [m[2mQbftBesuControllerBuilder[m[2m | [m[32mImported empty block #1,824 / 0 tx / 0 pending / 0 (0.0%) gas / (0x20f2f2a7900546b9bef18d086f1315c9ad84866b5b53795ab0180aa8fbc82136)
[m[2m2026-05-31 17:05:59.012-0400[m[2m | [m[2mBftProcessorExecutor-QBFT-0[m[2m | [m[32mINFO [m[2m | [m[2mQbftBesuControllerBuilder[m[2m | [m[32mProduced empty block #1,825 / 0 tx / 0 pending / 0 (0.0%) gas / (0xbe9f34e210cdff98c2865087697fe3c4e911f23967c1bfb1288a65885cbbb11a)
[m[2m2026-05-31 17:06:01.028-0400[m[2m | [m[2mBftProcessorExecutor-QBFT-0[m[2m | [m[32mINFO [m[2m | [m[2mQbftBesuControllerBuilder[m[2m | [m[32mImported empty block #1,826 / 0 tx / 0 pending / 0 (0.0%) gas / (0x03501cd80ad5406642ee29cd234af2a80bc9005e102f0c67d7a772c8e71701d0)
[m[2m2026-05-31 17:06:03.032-0400[m[2m | [m[2mBftProcessorExecutor-QBFT-0[m[2m | [m[32mINFO [m[2m | [m[2mQbftBesuControllerBuilder[m[2m | [m[32mImported empty block #1,827 / 0 tx / 0 pending / 0 (0.0%) gas / (0xa4f57238727b747f5d8f27b3c0ba4c46ff1469297753abdf22f22cf973070b7b)
[m[2m2026-05-31 17:06:05.033-0400[m[2m | [m[2mBftProcessorExecutor-QBFT-0[m[2m | [m[32mINFO [m[2m | [m[2mQbftBesuControllerBuilder[m[2m | [m[32mImported empty block #1,828 / 0 tx / 0 pending / 0 (0.0%) gas / (0x04d415fb44123d436984d0d138a87777851300dcd721bce3bb6025f0944a2efa)
[m[2m2026-05-31 17:06:07.024-0400[m[2m | [m[2mBftProcessorExecutor-QBFT-0[m[2m | [m[32mINFO [m[2m | [m[2mQbftBesuControllerBuilder[m[2m | [m[32mProduced empty block #1,829 / 0 tx / 0 pending / 0 (0.0%) gas / (0xc27398fabe4c0e4fc4435ae918fd003ffde7b2b0b9c73949938eb93938ed337c)
[m[2m2026-05-31 17:06:09.020-0400[m[2m | [m[2mBftProcessorExecutor-QBFT-0[m[2m | [m[32mINFO [m[2m | [m[2mQbftBesuControllerBuilder[m[2m | [m[32mImported empty block #1,830 / 0 tx / 0 pending / 0 (0.0%) gas / (0x4e4ea777b2e67f1311022fadd5a2332b0dac55c0a4e481b7e95a73a07a75222e)
[m[2m2026-05-31 17:06:11.018-0400[m[2m | [m[2mBftProcessorExecutor-QBFT-0[m[2m | [m[32mINFO [m[2m | [m[2mQbftBesuControllerBuilder[m[2m | [m[32mImported empty block #1,831 / 0 tx / 0 pending / 0 (0.0%) gas / (0x6d8b85c630c66d7ea21c2ac77062305901fb2ce297c94b3379435059bba8879f)
[m[2m2026-05-31 17:06:13.016-0400[m[2m | [m[2mBftProcessorExecutor-QBFT-0[m[2m | [m[32mINFO [m[2m | [m[2mQbftBesuControllerBuilder[m[2m | [m[32mImported empty block #1,832 / 0 tx / 0 pending / 0 (0.0%) gas / (0x17eec28adb7401140ce43c794abfc25414a6d75aeb62f47c424d88e0a3ba36b8)
[m[2m2026-05-31 17:06:15.022-0400[m[2m | [m[2mBftProcessorExecutor-QBFT-0[m[2m | [m[32mINFO [m[2m | [m[2mQbftBesuControllerBuilder[m[2m | [m[32mProduced empty block #1,833 / 0 tx / 0 pending / 0 (0.0%) gas / (0xe6ade8c44b7fea6c76dba9f4a75e0d86a95da932230f5cc5a9006b12652809f7)
[m[2m2026-05-31 17:06:17.035-0400[m[2m | [m[2mBftProcessorExecutor-QBFT-0[m[2m | [m[32mINFO [m[2m | [m[2mQbftBesuControllerBuilder[m[2m | [m[32mImported empty block #1,834 / 0 tx / 0 pending / 0 (0.0%) gas / (0x8ef3c3b23be233504f9f6ddc1d6fe7ed712693c1e28375cef439cf369733a0e1)
[m[2m2026-05-31 17:06:19.030-0400[m[2m | [m[2mBftProcessorExecutor-QBFT-0[m[2m | [m[32mINFO [m[2m | [m[2mQbftBesuControllerBuilder[m[2m | [m[32mImported empty block #1,835 / 0 tx / 0 pending / 0 (0.0%) gas / (0x29923ebce445185fd2e7fc597e4b5439c752db885673c10a7985ef091662d273)
[m[2m2026-05-31 17:06:21.028-0400[m[2m | [m[2mBftProcessorExecutor-QBFT-0[m[2m | [m[32mINFO [m[2m | [m[2mQbftBesuControllerBuilder[m[2m | [m[32mImported empty block #1,836 / 0 tx / 0 pending / 0 (0.0%) gas / (0xa67181dd557461eed0860f032dc15b1e23a9d0d6e3bef90a5bb7341295176bad)
[m[2m2026-05-31 17:06:23.026-0400[m[2m | [m[2mBftProcessorExecutor-QBFT-0[m[2m | [m[32mINFO [m[2m | [m[2mQbftBesuControllerBuilder[m[2m | [m[32mProduced empty block #1,837 / 0 tx / 0 pending / 0 (0.0%) gas / (0x146da899dce9440e2db0bcec8525be571568593a94d917f007ef646404de37f5)
[m[2m2026-05-31 17:06:25.031-0400[m[2m | [m[2mBftProcessorExecutor-QBFT-0[m[2m | [m[32mINFO [m[2m | [m[2mQbftBesuControllerBuilder[m[2m | [m[32mImported empty block #1,838 / 0 tx / 0 pending / 0 (0.0%) gas / (0x6d9fdcc525b22227e83034d127dafa1a0762743e1b3de3a270bdc8bdadee6fbf)
[m[2m2026-05-31 17:06:27.032-0400[m[2m | [m[2mBftProcessorExecutor-QBFT-0[m[2m | [m[32mINFO [m[2m | [m[2mQbftBesuControllerBuilder[m[2m | [m[32mImported empty block #1,839 / 0 tx / 0 pending / 0 (0.0%) gas / (0xe9cb3f272e9db764806e44e838db77805fae17cf024c7ca82d49407c8ad3f727)
[m[2m2026-05-31 17:06:29.029-0400[m[2m | [m[2mBftProcessorExecutor-QBFT-0[m[2m | [m[32mINFO [m[2m | [m[2mQbftBesuControllerBuilder[m[2m | [m[32mImported empty block #1,840 / 0 tx / 0 pending / 0 (0.0%) gas / (0x83f59944d329e9a6b3fb5f6f1ee4390091dd299829fee40e790d5763a68d34c2)
[m[2m2026-05-31 17:06:31.023-0400[m[2m | [m[2mBftProcessorExecutor-QBFT-0[m[2m | [m[32mINFO [m[2m | [m[2mQbftBesuControllerBuilder[m[2m | [m[32mProduced empty block #1,841 / 0 tx / 0 pending / 0 (0.0%) gas / (0x4cdbb5f85f47a4124a2cbeec6563535c5044a1b497d9e48bb4454576369487a7)
[m[2m2026-05-31 17:06:33.023-0400[m[2m | [m[2mBftProcessorExecutor-QBFT-0[m[2m | [m[32mINFO [m[2m | [m[2mQbftBesuControllerBuilder[m[2m | [m[32mImported empty block #1,842 / 0 tx / 0 pending / 0 (0.0%) gas / (0xbe35f70c49839955a4a0d99ed5fe34e8e73dddaafce8454e29b6664614558250)
[m[2m2026-05-31 17:06:35.032-0400[m[2m | [m[2mBftProcessorExecutor-QBFT-0[m[2m | [m[32mINFO [m[2m | [m[2mQbftBesuControllerBuilder[m[2m | [m[32mImported empty block #1,843 / 0 tx / 0 pending / 0 (0.0%) gas / (0xafecde63204bd28c27f08754a3b642645d0a428875b072452e9369b760f2275b)
[m[2m2026-05-31 17:06:37.034-0400[m[2m | [m[2mBftProcessorExecutor-QBFT-0[m[2m | [m[32mINFO [m[2m | [m[2mQbftBesuControllerBuilder[m[2m | [m[32mImported empty block #1,844 / 0 tx / 0 pending / 0 (0.0%) gas / (0xc94f484466e32e8d50f31f79a7b233f98585d6f719845377ae499effaabc78b2)
[m[2m2026-05-31 17:06:39.030-0400[m[2m | [m[2mBftProcessorExecutor-QBFT-0[m[2m | [m[32mINFO [m[2m | [m[2mQbftBesuControllerBuilder[m[2m | [m[32mProduced empty block #1,845 / 0 tx / 0 pending / 0 (0.0%) gas / (0xf539ed4eaebc43e169bf7bf5165dd45298f93850b608d6dfbb96f7f84921e1c5)
[m[2m2026-05-31 17:06:41.025-0400[m[2m | [m[2mBftProcessorExecutor-QBFT-0[m[2m | [m[32mINFO [m[2m | [m[2mQbftBesuControllerBuilder[m[2m | [m[32mImported empty block #1,846 / 0 tx / 0 pending / 0 (0.0%) gas / (0xbb96bbdce3f62a6fb1ca455858d73d7e3a7d8556cb83f9d7a203a86804d2e158)
[m[2m2026-05-31 17:06:43.022-0400[m[2m | [m[2mBftProcessorExecutor-QBFT-0[m[2m | [m[32mINFO [m[2m | [m[2mQbftBesuControllerBuilder[m[2m | [m[32mImported empty block #1,847 / 0 tx / 0 pending / 0 (0.0%) gas / (0xe5706499ce2bbec34d5808072191a3ac6240f43bebfd7811241abc256583627a)
[m[2m2026-05-31 17:06:45.029-0400[m[2m | [m[2mBftProcessorExecutor-QBFT-0[m[2m | [m[32mINFO [m[2m | [m[2mQbftBesuControllerBuilder[m[2m | [m[32mImported empty block #1,848 / 0 tx / 0 pending / 0 (0.0%) gas / (0x6902a9b48890d74306dcd0569ce8b42a0952d525da7d99e8e42e152accbc70c3)
[m[2m2026-05-31 17:06:45.029-0400[m[2m | [m[2mEthScheduler-Workers-209[m[2m | [m[32mINFO [m[2m | [m[2mPersistBlockTask[m[2m | [m[32mBlock 1848 (0x6902a9b48890d74306dcd0569ce8b42a0952d525da7d99e8e42e152accbc70c3) is already imported
[m[2m2026-05-31 17:06:47.034-0400[m[2m | [m[2mBftProcessorExecutor-QBFT-0[m[2m | [m[32mINFO [m[2m | [m[2mQbftBesuControllerBuilder[m[2m | [m[32mProduced empty block #1,849 / 0 tx / 0 pending / 0 (0.0%) gas / (0xf2c3fef975ef5b95994de5f4111e1bff385ec0d370991d9ad62cf24fd9b68b16)
[m[2m2026-05-31 17:06:49.027-0400[m[2m | [m[2mBftProcessorExecutor-QBFT-0[m[2m | [m[32mINFO [m[2m | [m[2mQbftBesuControllerBuilder[m[2m | [m[32mImported empty block #1,850 / 0 tx / 0 pending / 0 (0.0%) gas / (0xceec3df47ffd808354be90fc613cd3ceff8af4ce778a421e398c81628de9e62e)
[m[2m2026-05-31 17:06:51.035-0400[m[2m | [m[2mBftProcessorExecutor-QBFT-0[m[2m | [m[32mINFO [m[2m | [m[2mQbftBesuControllerBuilder[m[2m | [m[32mImported empty block #1,851 / 0 tx / 0 pending / 0 (0.0%) gas / (0x754dd601e93ea5080995338bf0a1114da74719f4fed50699c7c87b97a9a65924)
[m[2m2026-05-31 17:06:53.028-0400[m[2m | [m[2mBftProcessorExecutor-QBFT-0[m[2m | [m[32mINFO [m[2m | [m[2mQbftBesuControllerBuilder[m[2m | [m[32mImported empty block #1,852 / 0 tx / 0 pending / 0 (0.0%) gas / (0xdceb2637f738ea4b15881ac6e66a4ed3b54e178336b7ede95215c3496f51bd9d)
[m[2m2026-05-31 17:06:55.028-0400[m[2m | [m[2mBftProcessorExecutor-QBFT-0[m[2m | [m[32mINFO [m[2m | [m[2mQbftBesuControllerBuilder[m[2m | [m[32mProduced empty block #1,853 / 0 tx / 0 pending / 0 (0.0%) gas / (0xce768d4323b2d309f2ec54ac7aeacbf9c2176496ea5c2bd32be3f9e626612a4c)
[m[2m2026-05-31 17:06:57.025-0400[m[2m | [m[2mBftProcessorExecutor-QBFT-0[m[2m | [m[32mINFO [m[2m | [m[2mQbftBesuControllerBuilder[m[2m | [m[32mImported empty block #1,854 / 0 tx / 0 pending / 0 (0.0%) gas / (0x5628323b704e42e69a84732a2aa9077e52e4650212910653955c8b0f3a1d5ac8)
[m[2m2026-05-31 17:06:57.025-0400[m[2m | [m[2mEthScheduler-Workers-211[m[2m | [m[32mINFO [m[2m | [m[2mPersistBlockTask[m[2m | [m[32mBlock 1854 (0x5628323b704e42e69a84732a2aa9077e52e4650212910653955c8b0f3a1d5ac8) is already imported
[m[2m2026-05-31 17:06:59.025-0400[m[2m | [m[2mBftProcessorExecutor-QBFT-0[m[2m | [m[32mINFO [m[2m | [m[2mQbftBesuControllerBuilder[m[2m | [m[32mImported empty block #1,855 / 0 tx / 0 pending / 0 (0.0%) gas / (0x42e0e0f57b05d3c4981e0d541e1a76a6ef9e8f14156e809bf137e0225c3fc4fa)
[m[2m2026-05-31 17:07:01.029-0400[m[2m | [m[2mBftProcessorExecutor-QBFT-0[m[2m | [m[32mINFO [m[2m | [m[2mQbftBesuControllerBuilder[m[2m | [m[32mImported empty block #1,856 / 0 tx / 0 pending / 0 (0.0%) gas / (0xaa3e33aaa63a29ccdcad948db29fdd3bf53d9df531a271ba381cd20d807a3b0d)
[m[2m2026-05-31 17:07:03.038-0400[m[2m | [m[2mBftProcessorExecutor-QBFT-0[m[2m | [m[32mINFO [m[2m | [m[2mQbftBesuControllerBuilder[m[2m | [m[32mProduced empty block #1,857 / 0 tx / 0 pending / 0 (0.0%) gas / (0xbcd8293db85eb2a9799f5074917ed77ddb8b5b68a218afb96d01d0fc09a9eba3)
[m[2m2026-05-31 17:07:05.033-0400[m[2m | [m[2mBftProcessorExecutor-QBFT-0[m[2m | [m[32mINFO [m[2m | [m[2mQbftBesuControllerBuilder[m[2m | [m[32mImported empty block #1,858 / 0 tx / 0 pending / 0 (0.0%) gas / (0x02be743f6dfbcb814cd8edb853b1f365760638e3198de9c5c82bd5d14b9d64b8)
[m[2m2026-05-31 17:07:07.047-0400[m[2m | [m[2mBftProcessorExecutor-QBFT-0[m[2m | [m[32mINFO [m[2m | [m[2mQbftBesuControllerBuilder[m[2m | [m[32mImported empty block #1,859 / 0 tx / 0 pending / 0 (0.0%) gas / (0x7d88c7d2f50ac7490910b833a28e0f8faeebf4ca2b4d3fed93173a11a1c26917)
[m[2m2026-05-31 17:07:09.030-0400[m[2m | [m[2mBftProcessorExecutor-QBFT-0[m[2m | [m[32mINFO [m[2m | [m[2mQbftBesuControllerBuilder[m[2m | [m[32mImported empty block #1,860 / 0 tx / 0 pending / 0 (0.0%) gas / (0x147c7ef27b07efe5c9025c83bbc741a0bb2fafadceed4a027a8accb3b4f76649)
[m[2m2026-05-31 17:07:11.033-0400[m[2m | [m[2mBftProcessorExecutor-QBFT-0[m[2m | [m[32mINFO [m[2m | [m[2mQbftBesuControllerBuilder[m[2m | [m[32mProduced empty block #1,861 / 0 tx / 0 pending / 0 (0.0%) gas / (0x73d43931d4db6e93d7610e090472438ad2cc50c66b9f18cf7afa9cbccc314951)
[m[2m2026-05-31 17:07:13.027-0400[m[2m | [m[2mBftProcessorExecutor-QBFT-0[m[2m | [m[32mINFO [m[2m | [m[2mQbftBesuControllerBuilder[m[2m | [m[32mImported empty block #1,862 / 0 tx / 0 pending / 0 (0.0%) gas / (0x308b035dc662ac825919e61daa863d90b8fc04781271f997b39fbfd16b37f746)
[m[2m2026-05-31 17:07:15.027-0400[m[2m | [m[2mBftProcessorExecutor-QBFT-0[m[2m | [m[32mINFO [m[2m | [m[2mQbftBesuControllerBuilder[m[2m | [m[32mImported empty block #1,863 / 0 tx / 0 pending / 0 (0.0%) gas / (0xdefe304edb5c7bbba8968f0e552276823db6c4ca55311c34681a4ac23383c90f)
[m[2m2026-05-31 17:07:17.029-0400[m[2m | [m[2mBftProcessorExecutor-QBFT-0[m[2m | [m[32mINFO [m[2m | [m[2mQbftBesuControllerBuilder[m[2m | [m[32mImported empty block #1,864 / 0 tx / 0 pending / 0 (0.0%) gas / (0x79568bfed85344570cb5248f4eaaa3c0bf89e6cfdb764ab44165f08c7d8f6307)
[m[2m2026-05-31 17:07:19.030-0400[m[2m | [m[2mBftProcessorExecutor-QBFT-0[m[2m | [m[32mINFO [m[2m | [m[2mQbftBesuControllerBuilder[m[2m | [m[32mProduced empty block #1,865 / 0 tx / 0 pending / 0 (0.0%) gas / (0x0b1f867a4cae4ede2dec9db62332bd3fecdce9f3cc5a1fad6137deaff14a6c71)
[m[2m2026-05-31 17:07:21.034-0400[m[2m | [m[2mBftProcessorExecutor-QBFT-0[m[2m | [m[32mINFO [m[2m | [m[2mQbftBesuControllerBuilder[m[2m | [m[32mImported empty block #1,866 / 0 tx / 0 pending / 0 (0.0%) gas / (0xd19dfde8e8eef5d4e2941bdb473bd09a01cc706504982af4e20b149ae5c7404b)
[m[2m2026-05-31 17:07:23.028-0400[m[2m | [m[2mBftProcessorExecutor-QBFT-0[m[2m | [m[32mINFO [m[2m | [m[2mQbftBesuControllerBuilder[m[2m | [m[32mImported empty block #1,867 / 0 tx / 0 pending / 0 (0.0%) gas / (0xcf0aaf39636b6a4f2b3360d1b735a68ad726b2c7d60d040d16886ae3f952f7c0)
[m[2m2026-05-31 17:07:25.031-0400[m[2m | [m[2mBftProcessorExecutor-QBFT-0[m[2m | [m[32mINFO [m[2m | [m[2mQbftBesuControllerBuilder[m[2m | [m[32mImported empty block #1,868 / 0 tx / 0 pending / 0 (0.0%) gas / (0x87f88fdb8edbbbe9fe06bae6905d60d916df0a5889e741b7a7bea2a5d6137946)
[m[2m2026-05-31 17:07:27.015-0400[m[2m | [m[2mBftProcessorExecutor-QBFT-0[m[2m | [m[32mINFO [m[2m | [m[2mQbftBesuControllerBuilder[m[2m | [m[32mProduced empty block #1,869 / 0 tx / 0 pending / 0 (0.0%) gas / (0xc9d399391f0d2fc4c0773850819c5e67e03e4cb2469cf58da260de9727960e0c)
[m[2m2026-05-31 17:07:29.026-0400[m[2m | [m[2mBftProcessorExecutor-QBFT-0[m[2m | [m[32mINFO [m[2m | [m[2mQbftBesuControllerBuilder[m[2m | [m[32mImported empty block #1,870 / 0 tx / 0 pending / 0 (0.0%) gas / (0x07e913d25d08bad946490009a5f8cf41757d7bd907bfca78e7c102abd70353cc)
[m[2m2026-05-31 17:07:31.020-0400[m[2m | [m[2mBftProcessorExecutor-QBFT-0[m[2m | [m[32mINFO [m[2m | [m[2mQbftBesuControllerBuilder[m[2m | [m[32mImported empty block #1,871 / 0 tx / 0 pending / 0 (0.0%) gas / (0x2d58761e8cdeb23c76100d57b4f9996428cb9add8385a4f2b6e0270be2f544f1)
[m[2m2026-05-31 17:07:33.031-0400[m[2m | [m[2mBftProcessorExecutor-QBFT-0[m[2m | [m[32mINFO [m[2m | [m[2mQbftBesuControllerBuilder[m[2m | [m[32mImported empty block #1,872 / 0 tx / 0 pending / 0 (0.0%) gas / (0x948e0d30fdb6b958c4cdca95a4e0572f7e86c7a835145dfef978cfdd6b88ad53)
[m[2m2026-05-31 17:07:35.029-0400[m[2m | [m[2mBftProcessorExecutor-QBFT-0[m[2m | [m[32mINFO [m[2m | [m[2mQbftBesuControllerBuilder[m[2m | [m[32mProduced empty block #1,873 / 0 tx / 0 pending / 0 (0.0%) gas / (0x2a845d5a934ef77a2eb8f9777f19b26a9ab5ec18db3e0ecc2a63dad696e76ef9)
[m[2m2026-05-31 17:07:37.016-0400[m[2m | [m[2mBftProcessorExecutor-QBFT-0[m[2m | [m[32mINFO [m[2m | [m[2mQbftBesuControllerBuilder[m[2m | [m[32mImported empty block #1,874 / 0 tx / 0 pending / 0 (0.0%) gas / (0x7b4234aef3759b71ed007aabeaee13704e8e37375d83f49f6662c5853c4f78f8)
[m[2m2026-05-31 17:07:39.028-0400[m[2m | [m[2mBftProcessorExecutor-QBFT-0[m[2m | [m[32mINFO [m[2m | [m[2mQbftBesuControllerBuilder[m[2m | [m[32mImported empty block #1,875 / 0 tx / 0 pending / 0 (0.0%) gas / (0x4649d3b8837ba6082335b2c3eaa805cbac7858787f4ab76e086aa7a92c74e7f0)
[m[2m2026-05-31 17:07:41.028-0400[m[2m | [m[2mBftProcessorExecutor-QBFT-0[m[2m | [m[32mINFO [m[2m | [m[2mQbftBesuControllerBuilder[m[2m | [m[32mImported empty block #1,876 / 0 tx / 0 pending / 0 (0.0%) gas / (0x33db7c157848e1022edec3a13fd3b39f84b94e68ed58b15cfb7a2053e0a04bc9)
[m[2m2026-05-31 17:07:43.031-0400[m[2m | [m[2mBftProcessorExecutor-QBFT-0[m[2m | [m[32mINFO [m[2m | [m[2mQbftBesuControllerBuilder[m[2m | [m[32mProduced empty block #1,877 / 0 tx / 0 pending / 0 (0.0%) gas / (0x98e690de9f72082d69b008b80d26e9ea534623350a802a5cc9a4873b12e3db3a)
[m[2m2026-05-31 17:07:45.028-0400[m[2m | [m[2mBftProcessorExecutor-QBFT-0[m[2m | [m[32mINFO [m[2m | [m[2mQbftBesuControllerBuilder[m[2m | [m[32mImported empty block #1,878 / 0 tx / 0 pending / 0 (0.0%) gas / (0xd195280bb5d7d562009d9adfb6fecb65754b9462d64bcf45d818fc3583668ef5)
[m[2m2026-05-31 17:07:47.029-0400[m[2m | [m[2mBftProcessorExecutor-QBFT-0[m[2m | [m[32mINFO [m[2m | [m[2mQbftBesuControllerBuilder[m[2m | [m[32mImported empty block #1,879 / 0 tx / 0 pending / 0 (0.0%) gas / (0x8170583b4fce17d931cb93d94eeb33af400a84baebec4813af8f46f61bf07f36)
[m[2m2026-05-31 17:07:49.028-0400[m[2m | [m[2mBftProcessorExecutor-QBFT-0[m[2m | [m[32mINFO [m[2m | [m[2mQbftBesuControllerBuilder[m[2m | [m[32mImported empty block #1,880 / 0 tx / 0 pending / 0 (0.0%) gas / (0x061f58cf50a42ea3f3cb8250b4047f9ee794a4b4c7c730a118e40cbe69bb2eee)
[m[2m2026-05-31 17:07:51.025-0400[m[2m | [m[2mBftProcessorExecutor-QBFT-0[m[2m | [m[32mINFO [m[2m | [m[2mQbftBesuControllerBuilder[m[2m | [m[32mProduced empty block #1,881 / 0 tx / 0 pending / 0 (0.0%) gas / (0xeb7074e7ffa2c54e99cef090b1b0383c5b710731b218a51fb19ed242e4ef9de9)
[m[2m2026-05-31 17:07:53.032-0400[m[2m | [m[2mBftProcessorExecutor-QBFT-0[m[2m | [m[32mINFO [m[2m | [m[2mQbftBesuControllerBuilder[m[2m | [m[32mImported empty block #1,882 / 0 tx / 0 pending / 0 (0.0%) gas / (0x6341b3e66797b20a949ea23ff07da5ba20eee4b2cd7a0bb39e83049889fa2b99)
[m[2m2026-05-31 17:07:55.028-0400[m[2m | [m[2mBftProcessorExecutor-QBFT-0[m[2m | [m[32mINFO [m[2m | [m[2mQbftBesuControllerBuilder[m[2m | [m[32mImported empty block #1,883 / 0 tx / 0 pending / 0 (0.0%) gas / (0x915195ab45a963be5bdb6b52dd632c39c1a2131aed544b5adddb8e09a9bb46f9)
[m[2m2026-05-31 17:07:57.028-0400[m[2m | [m[2mBftProcessorExecutor-QBFT-0[m[2m | [m[32mINFO [m[2m | [m[2mQbftBesuControllerBuilder[m[2m | [m[32mImported empty block #1,884 / 0 tx / 0 pending / 0 (0.0%) gas / (0x6ff96e54223b6a05cddcf567227e18382f61811c34d5bec9603896742a3df085)
[m[2m2026-05-31 17:07:59.034-0400[m[2m | [m[2mBftProcessorExecutor-QBFT-0[m[2m | [m[32mINFO [m[2m | [m[2mQbftBesuControllerBuilder[m[2m | [m[32mProduced empty block #1,885 / 0 tx / 0 pending / 0 (0.0%) gas / (0xf4f15a0abf9d8b142a856a7fde55ca488b39de7e2496a6f0277de671541e5000)
[m[2m2026-05-31 17:08:01.028-0400[m[2m | [m[2mBftProcessorExecutor-QBFT-0[m[2m | [m[32mINFO [m[2m | [m[2mQbftBesuControllerBuilder[m[2m | [m[32mImported empty block #1,886 / 0 tx / 0 pending / 0 (0.0%) gas / (0x7101718d0c50479389571e94e88b81c5c0f39c02dc6ecb95b8a3e2ac07912218)
[m[2m2026-05-31 17:08:03.028-0400[m[2m | [m[2mBftProcessorExecutor-QBFT-0[m[2m | [m[32mINFO [m[2m | [m[2mQbftBesuControllerBuilder[m[2m | [m[32mImported empty block #1,887 / 0 tx / 0 pending / 0 (0.0%) gas / (0xf2ec2250e735022cde1e3cad2e7c806a5e6e7202802e8af955d56c4e5ffd1ca1)
[m[2m2026-05-31 17:08:05.024-0400[m[2m | [m[2mBftProcessorExecutor-QBFT-0[m[2m | [m[32mINFO [m[2m | [m[2mQbftBesuControllerBuilder[m[2m | [m[32mImported empty block #1,888 / 0 tx / 0 pending / 0 (0.0%) gas / (0xbc234bb4c3ee927d41e5ba44945ac308067ec7a13d17f14d5e47ffa2df53beed)
[m[2m2026-05-31 17:08:07.026-0400[m[2m | [m[2mBftProcessorExecutor-QBFT-0[m[2m | [m[32mINFO [m[2m | [m[2mQbftBesuControllerBuilder[m[2m | [m[32mProduced empty block #1,889 / 0 tx / 0 pending / 0 (0.0%) gas / (0x2087e481e149c1f186b5e47c41d2470fe24a207422c7825049e09fcd1f5da04e)
[m[2m2026-05-31 17:08:09.036-0400[m[2m | [m[2mBftProcessorExecutor-QBFT-0[m[2m | [m[32mINFO [m[2m | [m[2mQbftBesuControllerBuilder[m[2m | [m[32mImported empty block #1,890 / 0 tx / 0 pending / 0 (0.0%) gas / (0x15281c6aa7e84e0f48af1eaae409061ea1f807ec8810ef65bff16043efa2a637)
[m[2m2026-05-31 17:08:09.037-0400[m[2m | [m[2mEthScheduler-Workers-213[m[2m | [m[32mINFO [m[2m | [m[2mPersistBlockTask[m[2m | [m[32mBlock 1890 (0x15281c6aa7e84e0f48af1eaae409061ea1f807ec8810ef65bff16043efa2a637) is already imported
[m[2m2026-05-31 17:08:11.015-0400[m[2m | [m[2mBftProcessorExecutor-QBFT-0[m[2m | [m[32mINFO [m[2m | [m[2mQbftBesuControllerBuilder[m[2m | [m[32mImported empty block #1,891 / 0 tx / 0 pending / 0 (0.0%) gas / (0x5722849159a20ef7e38ccc60167add8c81aadf20236a4b1374d266998d6f937f)
[m[2m2026-05-31 17:08:13.024-0400[m[2m | [m[2mBftProcessorExecutor-QBFT-0[m[2m | [m[32mINFO [m[2m | [m[2mQbftBesuControllerBuilder[m[2m | [m[32mImported empty block #1,892 / 0 tx / 0 pending / 0 (0.0%) gas / (0x0252bd7e51d3521aff426d86432b6c7a265b4cd45d7994bc9c8e150ef1d19056)
[m[2m2026-05-31 17:08:15.031-0400[m[2m | [m[2mBftProcessorExecutor-QBFT-0[m[2m | [m[32mINFO [m[2m | [m[2mQbftBesuControllerBuilder[m[2m | [m[32mProduced empty block #1,893 / 0 tx / 0 pending / 0 (0.0%) gas / (0x76d6d4c8c9eb2d6fd90f8e7c3f61e83083223ff28cda6efcacef8a610005d25e)
[m[2m2026-05-31 17:08:17.016-0400[m[2m | [m[2mBftProcessorExecutor-QBFT-0[m[2m | [m[32mINFO [m[2m | [m[2mQbftBesuControllerBuilder[m[2m | [m[32mImported empty block #1,894 / 0 tx / 0 pending / 0 (0.0%) gas / (0x8872c3529c7389f905351f7b7dd8e13764e8b66caa73abe099e8cab8fbb152db)
[m[2m2026-05-31 17:08:19.018-0400[m[2m | [m[2mBftProcessorExecutor-QBFT-0[m[2m | [m[32mINFO [m[2m | [m[2mQbftBesuControllerBuilder[m[2m | [m[32mImported empty block #1,895 / 0 tx / 0 pending / 0 (0.0%) gas / (0x1bae67e5906694a607272c33147ccb0ed27c5f4309603046f4f64f2408bfe482)
[m[2m2026-05-31 17:08:21.022-0400[m[2m | [m[2mEthScheduler-Workers-215[m[2m | [m[32mINFO [m[2m | [m[2mPersistBlockTask[m[2m | [m[32mImported empty block #1,896 / 0 tx / 0 om / 0 (0.0%) gas / (0xa077e0fe829d93a842ed4605a846f1d209c25d388d7fa8eeb8aafbaeed97d7b2) in 0.000s. Peers: 3
[m[2m2026-05-31 17:08:23.013-0400[m[2m | [m[2mBftProcessorExecutor-QBFT-0[m[2m | [m[32mINFO [m[2m | [m[2mQbftBesuControllerBuilder[m[2m | [m[32mProduced empty block #1,897 / 0 tx / 0 pending / 0 (0.0%) gas / (0x23e50363aa0d0e469263205254240b5fd2e98f3065803f7db84cde5f1b5fdd94)
[m[2m2026-05-31 17:08:25.010-0400[m[2m | [m[2mBftProcessorExecutor-QBFT-0[m[2m | [m[32mINFO [m[2m | [m[2mQbftBesuControllerBuilder[m[2m | [m[32mImported empty block #1,898 / 0 tx / 0 pending / 0 (0.0%) gas / (0x7345010e6d9af71f790b2a80a96dc6e89127c7a2760ab0a7d08e5210f4713869)
[m[2m2026-05-31 17:08:27.006-0400[m[2m | [m[2mBftProcessorExecutor-QBFT-0[m[2m | [m[32mINFO [m[2m | [m[2mQbftBesuControllerBuilder[m[2m | [m[32mImported empty block #1,899 / 0 tx / 0 pending / 0 (0.0%) gas / (0x2f69f13ec15ee4ca716e215bec0e15ddfefc56bfee406f16ce32edc943efeb45)
[m[2m2026-05-31 17:08:29.009-0400[m[2m | [m[2mBftProcessorExecutor-QBFT-0[m[2m | [m[32mINFO [m[2m | [m[2mQbftBesuControllerBuilder[m[2m | [m[32mImported empty block #1,900 / 0 tx / 0 pending / 0 (0.0%) gas / (0x499a603d272ba0d48e07b17abbf29bbf950f9c617c4aa77fef8f1aae81f79a99)
[m[2m2026-05-31 17:08:31.007-0400[m[2m | [m[2mBftProcessorExecutor-QBFT-0[m[2m | [m[32mINFO [m[2m | [m[2mQbftBesuControllerBuilder[m[2m | [m[32mProduced empty block #1,901 / 0 tx / 0 pending / 0 (0.0%) gas / (0x19592d87f6b23cb0c9ca145af2302d198e6ea8d10d0326d0de87dddaf3952560)
[m[2m2026-05-31 17:08:33.010-0400[m[2m | [m[2mBftProcessorExecutor-QBFT-0[m[2m | [m[32mINFO [m[2m | [m[2mQbftBesuControllerBuilder[m[2m | [m[32mImported empty block #1,902 / 0 tx / 0 pending / 0 (0.0%) gas / (0xf5afb4fd225981047e4110748e8c472b7273444499d1a735f836b451d67199b8)
[m[2m2026-05-31 17:08:35.009-0400[m[2m | [m[2mBftProcessorExecutor-QBFT-0[m[2m | [m[32mINFO [m[2m | [m[2mQbftBesuControllerBuilder[m[2m | [m[32mImported empty block #1,903 / 0 tx / 0 pending / 0 (0.0%) gas / (0xeedab5f732faa0762f87a6d206c926e435ab8c759c80e36429d1c820e883f82a)
[m[2m2026-05-31 17:08:37.024-0400[m[2m | [m[2mBftProcessorExecutor-QBFT-0[m[2m | [m[32mINFO [m[2m | [m[2mQbftBesuControllerBuilder[m[2m | [m[32mImported empty block #1,904 / 0 tx / 0 pending / 0 (0.0%) gas / (0x36e5b16764cadffa6a984f4a17cb22abbf3e13830b2970e2dfdee70543bdf404)
[m[2m2026-05-31 17:08:39.015-0400[m[2m | [m[2mBftProcessorExecutor-QBFT-0[m[2m | [m[32mINFO [m[2m | [m[2mQbftBesuControllerBuilder[m[2m | [m[32mProduced empty block #1,905 / 0 tx / 0 pending / 0 (0.0%) gas / (0x4db9fcd05a8559b192b7984adab3219c9ea7b50f91bdc8f8534559a1bb9840df)
[m[2m2026-05-31 17:08:41.023-0400[m[2m | [m[2mBftProcessorExecutor-QBFT-0[m[2m | [m[32mINFO [m[2m | [m[2mQbftBesuControllerBuilder[m[2m | [m[32mImported empty block #1,906 / 0 tx / 0 pending / 0 (0.0%) gas / (0x9542a0747b3a4764dc7b6fc72db521c303c86fd682dc5f3270789a2c87059207)
[m[2m2026-05-31 17:08:43.021-0400[m[2m | [m[2mBftProcessorExecutor-QBFT-0[m[2m | [m[32mINFO [m[2m | [m[2mQbftBesuControllerBuilder[m[2m | [m[32mImported empty block #1,907 / 0 tx / 0 pending / 0 (0.0%) gas / (0xce5407a31acf000f58386861ac27d6f16268e5c9f18641875ed6e212a5483cac)
[m[2m2026-05-31 17:08:45.024-0400[m[2m | [m[2mBftProcessorExecutor-QBFT-0[m[2m | [m[32mINFO [m[2m | [m[2mQbftBesuControllerBuilder[m[2m | [m[32mImported empty block #1,908 / 0 tx / 0 pending / 0 (0.0%) gas / (0x83c661a7b5770a7aeac7c48a430bdf3a22db431f77a679188164bb40a971871f)
[m[2m2026-05-31 17:08:47.014-0400[m[2m | [m[2mBftProcessorExecutor-QBFT-0[m[2m | [m[32mINFO [m[2m | [m[2mQbftBesuControllerBuilder[m[2m | [m[32mProduced empty block #1,909 / 0 tx / 0 pending / 0 (0.0%) gas / (0x4a7ff5cf7e748ddfe8f80243517cdfb21f62f10bbba20696c6b5e4aff9fa299a)
[m[2m2026-05-31 17:08:49.014-0400[m[2m | [m[2mBftProcessorExecutor-QBFT-0[m[2m | [m[32mINFO [m[2m | [m[2mQbftBesuControllerBuilder[m[2m | [m[32mImported empty block #1,910 / 0 tx / 0 pending / 0 (0.0%) gas / (0xa74a72e4faf285b541a663f8815c4b53ae45e644dfdf2995824b933752020568)
[m[2m2026-05-31 17:08:51.013-0400[m[2m | [m[2mBftProcessorExecutor-QBFT-0[m[2m | [m[32mINFO [m[2m | [m[2mQbftBesuControllerBuilder[m[2m | [m[32mImported empty block #1,911 / 0 tx / 0 pending / 0 (0.0%) gas / (0xcc3c2475169bf779a08bc65eb107964be4db72afb40564598b3465737f2a01d1)
[m[2m2026-05-31 17:08:53.010-0400[m[2m | [m[2mBftProcessorExecutor-QBFT-0[m[2m | [m[32mINFO [m[2m | [m[2mQbftBesuControllerBuilder[m[2m | [m[32mImported empty block #1,912 / 0 tx / 0 pending / 0 (0.0%) gas / (0x14e77e5e4981feddbe690618acddaf35af4e2da70509969f518903a9da7845c2)
[m[2m2026-05-31 17:08:55.012-0400[m[2m | [m[2mBftProcessorExecutor-QBFT-0[m[2m | [m[32mINFO [m[2m | [m[2mQbftBesuControllerBuilder[m[2m | [m[32mProduced empty block #1,913 / 0 tx / 0 pending / 0 (0.0%) gas / (0xe2b2d45871905f0bfca74c8427e624ba96dc094f8e5cac35f9d8b12ccc021b7d)
[m[2m2026-05-31 17:08:57.013-0400[m[2m | [m[2mBftProcessorExecutor-QBFT-0[m[2m | [m[32mINFO [m[2m | [m[2mQbftBesuControllerBuilder[m[2m | [m[32mImported empty block #1,914 / 0 tx / 0 pending / 0 (0.0%) gas / (0xe13eedd60d84e87d7a6c0f6b617299bcab354cab87043a1b699e04c33760d8ae)
[m[2m2026-05-31 17:08:59.016-0400[m[2m | [m[2mBftProcessorExecutor-QBFT-0[m[2m | [m[32mINFO [m[2m | [m[2mQbftBesuControllerBuilder[m[2m | [m[32mImported empty block #1,915 / 0 tx / 0 pending / 0 (0.0%) gas / (0xec81b942aeac6a4074babbfc0fcda26c1d83c8f86b48d34139f14f7612ac705e)
[m[2m2026-05-31 17:09:01.018-0400[m[2m | [m[2mBftProcessorExecutor-QBFT-0[m[2m | [m[32mINFO [m[2m | [m[2mQbftBesuControllerBuilder[m[2m | [m[32mImported empty block #1,916 / 0 tx / 0 pending / 0 (0.0%) gas / (0x41a58e3d79237c4767df490f732367c5684cbcd9ed531cc198282418e9f44cb9)
[m[2m2026-05-31 17:09:03.015-0400[m[2m | [m[2mBftProcessorExecutor-QBFT-0[m[2m | [m[32mINFO [m[2m | [m[2mQbftBesuControllerBuilder[m[2m | [m[32mProduced empty block #1,917 / 0 tx / 0 pending / 0 (0.0%) gas / (0x01aa2234ac19204f6451b39901e3495a9fafbf652f5c502b7f9c966f1a9ab740)
[m[2m2026-05-31 17:09:05.012-0400[m[2m | [m[2mBftProcessorExecutor-QBFT-0[m[2m | [m[32mINFO [m[2m | [m[2mQbftBesuControllerBuilder[m[2m | [m[32mImported empty block #1,918 / 0 tx / 0 pending / 0 (0.0%) gas / (0x1576d16fb03fcbdcddde88aa2ed1c138903faf71ea05f074a98791a3a1d59091)
[m[2m2026-05-31 17:09:07.019-0400[m[2m | [m[2mBftProcessorExecutor-QBFT-0[m[2m | [m[32mINFO [m[2m | [m[2mQbftBesuControllerBuilder[m[2m | [m[32mImported empty block #1,919 / 0 tx / 0 pending / 0 (0.0%) gas / (0x41d0f22f4f9c01c533570a4055db61dae40e9217a7edb7e2a307279df3a85c06)
[m[2m2026-05-31 17:09:09.019-0400[m[2m | [m[2mBftProcessorExecutor-QBFT-0[m[2m | [m[32mINFO [m[2m | [m[2mQbftBesuControllerBuilder[m[2m | [m[32mImported empty block #1,920 / 0 tx / 0 pending / 0 (0.0%) gas / (0x96e560ce32d59a854668690b6f15f0c321e595f22230444652c1b506bc97eb61)
[m[2m2026-05-31 17:09:11.014-0400[m[2m | [m[2mBftProcessorExecutor-QBFT-0[m[2m | [m[32mINFO [m[2m | [m[2mQbftBesuControllerBuilder[m[2m | [m[32mProduced empty block #1,921 / 0 tx / 0 pending / 0 (0.0%) gas / (0xdbee0db81c5c743fae124a8afe9a7ce5819ff88b40992f6be989369fe5b5e1cc)
[m[2m2026-05-31 17:09:13.014-0400[m[2m | [m[2mBftProcessorExecutor-QBFT-0[m[2m | [m[32mINFO [m[2m | [m[2mQbftBesuControllerBuilder[m[2m | [m[32mImported empty block #1,922 / 0 tx / 0 pending / 0 (0.0%) gas / (0xaafc79bd8b7f31cb0650d9219b9b7240374c7b0bfec04a447d76f5183ffcc7b4)
[m[2m2026-05-31 17:09:15.017-0400[m[2m | [m[2mBftProcessorExecutor-QBFT-0[m[2m | [m[32mINFO [m[2m | [m[2mQbftBesuControllerBuilder[m[2m | [m[32mImported empty block #1,923 / 0 tx / 0 pending / 0 (0.0%) gas / (0x6caf7772c9846d56b480a4bf3baa61444802366438f6e84ac7da1f9d29ce80ea)
[m[2m2026-05-31 17:09:17.022-0400[m[2m | [m[2mBftProcessorExecutor-QBFT-0[m[2m | [m[32mINFO [m[2m | [m[2mQbftBesuControllerBuilder[m[2m | [m[32mImported empty block #1,924 / 0 tx / 0 pending / 0 (0.0%) gas / (0x1713c387e49b68750c170114bad312ef4d6ffc973ec816cd1f35973ff92b3ba0)
[m[2m2026-05-31 17:09:19.016-0400[m[2m | [m[2mBftProcessorExecutor-QBFT-0[m[2m | [m[32mINFO [m[2m | [m[2mQbftBesuControllerBuilder[m[2m | [m[32mProduced empty block #1,925 / 0 tx / 0 pending / 0 (0.0%) gas / (0x25e8287f78a533618271064ea9e62c390f56aea8d706ab1791239e612bb38a42)
[m[2m2026-05-31 17:09:21.019-0400[m[2m | [m[2mBftProcessorExecutor-QBFT-0[m[2m | [m[32mINFO [m[2m | [m[2mQbftBesuControllerBuilder[m[2m | [m[32mImported empty block #1,926 / 0 tx / 0 pending / 0 (0.0%) gas / (0xc04c8888a79aaf1e7a44477ed461d44c87d2ca871105cfcc51f5e2cbe6b522af)
[m[2m2026-05-31 17:09:23.025-0400[m[2m | [m[2mBftProcessorExecutor-QBFT-0[m[2m | [m[32mINFO [m[2m | [m[2mQbftBesuControllerBuilder[m[2m | [m[32mImported empty block #1,927 / 0 tx / 0 pending / 0 (0.0%) gas / (0x6c1f11746526d9dd092d9a79bb3bb4997495e4fd8893c8f670cd5f39513a9bb1)
[m[2m2026-05-31 17:09:25.018-0400[m[2m | [m[2mBftProcessorExecutor-QBFT-0[m[2m | [m[32mINFO [m[2m | [m[2mQbftBesuControllerBuilder[m[2m | [m[32mImported empty block #1,928 / 0 tx / 0 pending / 0 (0.0%) gas / (0x878ad7db9e36272f05b65a9ef7bb01be00f95ebe7cb2129231ad735058e02117)
[m[2m2026-05-31 17:09:27.012-0400[m[2m | [m[2mBftProcessorExecutor-QBFT-0[m[2m | [m[32mINFO [m[2m | [m[2mQbftBesuControllerBuilder[m[2m | [m[32mProduced empty block #1,929 / 0 tx / 0 pending / 0 (0.0%) gas / (0xd4f3855bfca2e80e5a82704b1576679300a27bdf304d8ee00d69014626dcd18a)
[m[2m2026-05-31 17:09:29.010-0400[m[2m | [m[2mBftProcessorExecutor-QBFT-0[m[2m | [m[32mINFO [m[2m | [m[2mQbftBesuControllerBuilder[m[2m | [m[32mImported empty block #1,930 / 0 tx / 0 pending / 0 (0.0%) gas / (0xeb2e113b169e24847f14d8af901d75efa945e07565d9b3e14533c5e2d8c8cd7a)
[m[2m2026-05-31 17:09:31.020-0400[m[2m | [m[2mBftProcessorExecutor-QBFT-0[m[2m | [m[32mINFO [m[2m | [m[2mQbftBesuControllerBuilder[m[2m | [m[32mImported empty block #1,931 / 0 tx / 0 pending / 0 (0.0%) gas / (0x1aa1b3c4d16e0d5af9b44c92f4fe945a5230bda43af72b8b954e0f39d4d3ce0e)
[m[2m2026-05-31 17:09:33.017-0400[m[2m | [m[2mBftProcessorExecutor-QBFT-0[m[2m | [m[32mINFO [m[2m | [m[2mQbftBesuControllerBuilder[m[2m | [m[32mImported empty block #1,932 / 0 tx / 0 pending / 0 (0.0%) gas / (0x578e43e9a1a1754d6b56cca8832cba5ad58750c9689af3f80c844405b381ca0c)
[m[2m2026-05-31 17:09:35.016-0400[m[2m | [m[2mBftProcessorExecutor-QBFT-0[m[2m | [m[32mINFO [m[2m | [m[2mQbftBesuControllerBuilder[m[2m | [m[32mProduced empty block #1,933 / 0 tx / 0 pending / 0 (0.0%) gas / (0x404a3056cd0bf2af4809c4bcf48e18fd1e923a345d3118dfaa23d873404c4d85)
[m[2m2026-05-31 17:09:37.015-0400[m[2m | [m[2mBftProcessorExecutor-QBFT-0[m[2m | [m[32mINFO [m[2m | [m[2mQbftBesuControllerBuilder[m[2m | [m[32mImported empty block #1,934 / 0 tx / 0 pending / 0 (0.0%) gas / (0x86129920802138ab29508dc6e07fa8b12317e3e0439cf7c78156982e8837ed75)
[m[2m2026-05-31 17:09:39.036-0400[m[2m | [m[2mBftProcessorExecutor-QBFT-0[m[2m | [m[32mINFO [m[2m | [m[2mQbftBesuControllerBuilder[m[2m | [m[32mImported empty block #1,935 / 0 tx / 0 pending / 0 (0.0%) gas / (0x2d02e6dfa0805f01f134da33bfdc840fc42a6b76ce25b1cbfa3bf9cb776144a5)
[m[2m2026-05-31 17:09:41.030-0400[m[2m | [m[2mBftProcessorExecutor-QBFT-0[m[2m | [m[32mINFO [m[2m | [m[2mQbftBesuControllerBuilder[m[2m | [m[32mImported empty block #1,936 / 0 tx / 0 pending / 0 (0.0%) gas / (0x2d60ccf32e02268ff757d645f4d764a7aa18e3a127736fa1cfb09950f48e1180)
[m[2m2026-05-31 17:09:41.030-0400[m[2m | [m[2mEthScheduler-Workers-217[m[2m | [m[32mINFO [m[2m | [m[2mPersistBlockTask[m[2m | [m[32mBlock 1936 (0x2d60ccf32e02268ff757d645f4d764a7aa18e3a127736fa1cfb09950f48e1180) is already imported
[m[2m2026-05-31 17:09:43.026-0400[m[2m | [m[2mBftProcessorExecutor-QBFT-0[m[2m | [m[32mINFO [m[2m | [m[2mQbftBesuControllerBuilder[m[2m | [m[32mProduced empty block #1,937 / 0 tx / 0 pending / 0 (0.0%) gas / (0xc496f660d5959ff28e76f14babeab1357b3db00a9f8da5168b08c6a35391467d)
[m[2m2026-05-31 17:09:45.033-0400[m[2m | [m[2mBftProcessorExecutor-QBFT-0[m[2m | [m[32mINFO [m[2m | [m[2mQbftBesuControllerBuilder[m[2m | [m[32mImported empty block #1,938 / 0 tx / 0 pending / 0 (0.0%) gas / (0x1e01bc0f43184ef84d7a8c2a79bcdd7db44e29fa8ef91ecbe8892a2d3ab043c4)
[m[2m2026-05-31 17:09:47.026-0400[m[2m | [m[2mBftProcessorExecutor-QBFT-0[m[2m | [m[32mINFO [m[2m | [m[2mQbftBesuControllerBuilder[m[2m | [m[32mImported empty block #1,939 / 0 tx / 0 pending / 0 (0.0%) gas / (0x9bd8b39f26f9bd9d00c15e52a2fd0b68394f2d70077b7eb2a61274d7ffca5b69)
[m[2m2026-05-31 17:09:49.038-0400[m[2m | [m[2mBftProcessorExecutor-QBFT-0[m[2m | [m[32mINFO [m[2m | [m[2mQbftBesuControllerBuilder[m[2m | [m[32mImported empty block #1,940 / 0 tx / 0 pending / 0 (0.0%) gas / (0x04c46a35a4a68cfc89383f51b71902b97bcd44e8fcc9e4d217aab6167189f251)
[m[2m2026-05-31 17:09:49.040-0400[m[2m | [m[2mEthScheduler-Workers-219[m[2m | [m[32mINFO [m[2m | [m[2mPersistBlockTask[m[2m | [m[32mBlock 1940 (0x04c46a35a4a68cfc89383f51b71902b97bcd44e8fcc9e4d217aab6167189f251) is already imported
[m[2m2026-05-31 17:09:51.032-0400[m[2m | [m[2mBftProcessorExecutor-QBFT-0[m[2m | [m[32mINFO [m[2m | [m[2mQbftBesuControllerBuilder[m[2m | [m[32mProduced empty block #1,941 / 0 tx / 0 pending / 0 (0.0%) gas / (0x8858cd2ee584b6c4425462d7210081774109233397089f36cff9a936d34f4450)
[m[2m2026-05-31 17:09:53.031-0400[m[2m | [m[2mBftProcessorExecutor-QBFT-0[m[2m | [m[32mINFO [m[2m | [m[2mQbftBesuControllerBuilder[m[2m | [m[32mImported empty block #1,942 / 0 tx / 0 pending / 0 (0.0%) gas / (0x3d31d5bddd2d4760c723168c9556e08817b917f65cd74d43cb77b3e88040d2ad)
[m[2m2026-05-31 17:09:55.034-0400[m[2m | [m[2mBftProcessorExecutor-QBFT-0[m[2m | [m[32mINFO [m[2m | [m[2mQbftBesuControllerBuilder[m[2m | [m[32mImported empty block #1,943 / 0 tx / 0 pending / 0 (0.0%) gas / (0xfba70c1d2e3b8487b184a9aecbaadb6138f5d001ca168dd969a908a309701cb7)
[m[2m2026-05-31 17:09:55.034-0400[m[2m | [m[2mEthScheduler-Workers-221[m[2m | [m[32mINFO [m[2m | [m[2mPersistBlockTask[m[2m | [m[32mImported empty block #1,943 / 0 tx / 0 om / 0 (0.0%) gas / (0xfba70c1d2e3b8487b184a9aecbaadb6138f5d001ca168dd969a908a309701cb7) in 0.000s. Peers: 3
[m[2m2026-05-31 17:09:57.041-0400[m[2m | [m[2mBftProcessorExecutor-QBFT-0[m[2m | [m[32mINFO [m[2m | [m[2mQbftBesuControllerBuilder[m[2m | [m[32mImported empty block #1,944 / 0 tx / 0 pending / 0 (0.0%) gas / (0xd32e885aa82596869b6852ef942e9c726b2709719db28bf8b22e30bb30943fb1)
[m[2m2026-05-31 17:09:59.031-0400[m[2m | [m[2mBftProcessorExecutor-QBFT-0[m[2m | [m[32mINFO [m[2m | [m[2mQbftBesuControllerBuilder[m[2m | [m[32mProduced empty block #1,945 / 0 tx / 0 pending / 0 (0.0%) gas / (0xddf34d1a17f804e3106a696be4287b1762ae43e44d40efbc837e5a8af8bb0f4e)
[m[2m2026-05-31 17:10:01.040-0400[m[2m | [m[2mBftProcessorExecutor-QBFT-0[m[2m | [m[32mINFO [m[2m | [m[2mQbftBesuControllerBuilder[m[2m | [m[32mImported empty block #1,946 / 0 tx / 0 pending / 0 (0.0%) gas / (0x9d4fa21a76d54adc90379c42ec879340720230d23e5621a1316cdaddb9df3b71)
[m[2m2026-05-31 17:10:03.031-0400[m[2m | [m[2mBftProcessorExecutor-QBFT-0[m[2m | [m[32mINFO [m[2m | [m[2mQbftBesuControllerBuilder[m[2m | [m[32mImported empty block #1,947 / 0 tx / 0 pending / 0 (0.0%) gas / (0x2d1dca8ca20f966f39993a6c6fe0becc3a93436d6fbaeff237a5c79c1037ce90)
[m[2m2026-05-31 17:10:05.033-0400[m[2m | [m[2mBftProcessorExecutor-QBFT-0[m[2m | [m[32mINFO [m[2m | [m[2mQbftBesuControllerBuilder[m[2m | [m[32mImported empty block #1,948 / 0 tx / 0 pending / 0 (0.0%) gas / (0xe166168b0813e00cad46e0e5a9dd3a006157c1966d14f75868f80bc9c60f03a2)
[m[2m2026-05-31 17:10:07.011-0400[m[2m | [m[2mBftProcessorExecutor-QBFT-0[m[2m | [m[32mINFO [m[2m | [m[2mQbftBesuControllerBuilder[m[2m | [m[32mProduced empty block #1,949 / 0 tx / 0 pending / 0 (0.0%) gas / (0x5d3e5aecdd1f68e5c10dfb1c6cdf404f2d28e4780b120750f74403fe9c321017)
[m[2m2026-05-31 17:10:09.039-0400[m[2m | [m[2mBftProcessorExecutor-QBFT-0[m[2m | [m[32mINFO [m[2m | [m[2mQbftBesuControllerBuilder[m[2m | [m[32mImported empty block #1,950 / 0 tx / 0 pending / 0 (0.0%) gas / (0x4e146508ce8ee5836718611862c2f2441467851a2d7c513a921d2393e4ecadad)
[m[2m2026-05-31 17:10:11.030-0400[m[2m | [m[2mBftProcessorExecutor-QBFT-0[m[2m | [m[32mINFO [m[2m | [m[2mQbftBesuControllerBuilder[m[2m | [m[32mImported empty block #1,951 / 0 tx / 0 pending / 0 (0.0%) gas / (0xe379535f26ce2ca09de0b7d0977e0c6c92669cd5fc3a5bee7084b397807c44a4)
[m[2m2026-05-31 17:10:11.030-0400[m[2m | [m[2mEthScheduler-Workers-223[m[2m | [m[32mINFO [m[2m | [m[2mPersistBlockTask[m[2m | [m[32mBlock 1951 (0xe379535f26ce2ca09de0b7d0977e0c6c92669cd5fc3a5bee7084b397807c44a4) is already imported
[m[2m2026-05-31 17:10:13.038-0400[m[2m | [m[2mBftProcessorExecutor-QBFT-0[m[2m | [m[32mINFO [m[2m | [m[2mQbftBesuControllerBuilder[m[2m | [m[32mImported empty block #1,952 / 0 tx / 0 pending / 0 (0.0%) gas / (0x6c00ec0b80d0bf7e8698ffd103fa4288eec16e01aa94fa2480d8ace89dec0ffe)
[m[2m2026-05-31 17:10:15.028-0400[m[2m | [m[2mBftProcessorExecutor-QBFT-0[m[2m | [m[32mINFO [m[2m | [m[2mQbftBesuControllerBuilder[m[2m | [m[32mProduced empty block #1,953 / 0 tx / 0 pending / 0 (0.0%) gas / (0xb62a339d379c538c0c6155f6e2d6d04e2ef9487a0241b35c87c2f478c6230732)
[m[2m2026-05-31 17:10:17.012-0400[m[2m | [m[2mBftProcessorExecutor-QBFT-0[m[2m | [m[32mINFO [m[2m | [m[2mQbftBesuControllerBuilder[m[2m | [m[32mImported empty block #1,954 / 0 tx / 0 pending / 0 (0.0%) gas / (0x9602a9d3a0ef40fff9d66809318d3c7c88ff872d8e9204b90a414715bc256805)
[m[2m2026-05-31 17:10:19.029-0400[m[2m | [m[2mBftProcessorExecutor-QBFT-0[m[2m | [m[32mINFO [m[2m | [m[2mQbftBesuControllerBuilder[m[2m | [m[32mImported empty block #1,955 / 0 tx / 0 pending / 0 (0.0%) gas / (0x5fc32bf8181c2d4ec38fa4c26d4d6c69c50370098dea55c5db2606807fa2d717)
[m[2m2026-05-31 17:10:21.032-0400[m[2m | [m[2mBftProcessorExecutor-QBFT-0[m[2m | [m[32mINFO [m[2m | [m[2mQbftBesuControllerBuilder[m[2m | [m[32mImported empty block #1,956 / 0 tx / 0 pending / 0 (0.0%) gas / (0xa69dbfde88cdb56e59610cdba62fc2c2add87a67627aed6a51de2ec0b3daff79)
[m[2m2026-05-31 17:10:23.035-0400[m[2m | [m[2mBftProcessorExecutor-QBFT-0[m[2m | [m[32mINFO [m[2m | [m[2mQbftBesuControllerBuilder[m[2m | [m[32mProduced empty block #1,957 / 0 tx / 0 pending / 0 (0.0%) gas / (0xbfd80f705dcb3b38889205d7618f46592727017909beb39a7c3ab19b6a43d298)
[m[2m2026-05-31 17:10:25.031-0400[m[2m | [m[2mBftProcessorExecutor-QBFT-0[m[2m | [m[32mINFO [m[2m | [m[2mQbftBesuControllerBuilder[m[2m | [m[32mImported empty block #1,958 / 0 tx / 0 pending / 0 (0.0%) gas / (0x32b75c9cd4281777d81a05cf5ddea58601c8a71f4e2c5f4402c2c4801ed81b05)
[m[2m2026-05-31 17:10:27.024-0400[m[2m | [m[2mBftProcessorExecutor-QBFT-0[m[2m | [m[32mINFO [m[2m | [m[2mQbftBesuControllerBuilder[m[2m | [m[32mImported empty block #1,959 / 0 tx / 0 pending / 0 (0.0%) gas / (0x61bba3fe695b67e321b9bfdce0d50ef4eb6641ddb584f872926b8256cda90ffb)
[m[2m2026-05-31 17:10:29.031-0400[m[2m | [m[2mBftProcessorExecutor-QBFT-0[m[2m | [m[32mINFO [m[2m | [m[2mQbftBesuControllerBuilder[m[2m | [m[32mImported empty block #1,960 / 0 tx / 0 pending / 0 (0.0%) gas / (0x3a2d712dadea36b3b2612441e608fb6285fc06eeef357b77051fee8dabee0efc)
[m[2m2026-05-31 17:10:31.020-0400[m[2m | [m[2mBftProcessorExecutor-QBFT-0[m[2m | [m[32mINFO [m[2m | [m[2mQbftBesuControllerBuilder[m[2m | [m[32mProduced empty block #1,961 / 0 tx / 0 pending / 0 (0.0%) gas / (0x41a24945d73dfc8bc0b885680a5191edec45ebcc4747dabff35c0b0ea35ce33b)
[m[2m2026-05-31 17:10:33.033-0400[m[2m | [m[2mBftProcessorExecutor-QBFT-0[m[2m | [m[32mINFO [m[2m | [m[2mQbftBesuControllerBuilder[m[2m | [m[32mImported empty block #1,962 / 0 tx / 0 pending / 0 (0.0%) gas / (0x02201af876225a41e916494fc17cbb43d65554ad6e70613d4f13a212a1b9aafb)
[m[2m2026-05-31 17:10:35.026-0400[m[2m | [m[2mBftProcessorExecutor-QBFT-0[m[2m | [m[32mINFO [m[2m | [m[2mQbftBesuControllerBuilder[m[2m | [m[32mImported empty block #1,963 / 0 tx / 0 pending / 0 (0.0%) gas / (0xbcc04ec9ce43d2525caf3dedfffffe34f720e053b8108c292e9b4343a50b4604)
[m[2m2026-05-31 17:10:37.032-0400[m[2m | [m[2mBftProcessorExecutor-QBFT-0[m[2m | [m[32mINFO [m[2m | [m[2mQbftBesuControllerBuilder[m[2m | [m[32mImported empty block #1,964 / 0 tx / 0 pending / 0 (0.0%) gas / (0xcbdb5aefe60301a2613abe7e22ebd41b8eab2a70584f847dd8d55eb46af11d20)
[m[2m2026-05-31 17:10:39.030-0400[m[2m | [m[2mBftProcessorExecutor-QBFT-0[m[2m | [m[32mINFO [m[2m | [m[2mQbftBesuControllerBuilder[m[2m | [m[32mProduced empty block #1,965 / 0 tx / 0 pending / 0 (0.0%) gas / (0x944296360e0986d70e2e4970b311862c5a87f81a6a16f6692b2b454486fc4a99)
[m[2m2026-05-31 17:10:41.024-0400[m[2m | [m[2mBftProcessorExecutor-QBFT-0[m[2m | [m[32mINFO [m[2m | [m[2mQbftBesuControllerBuilder[m[2m | [m[32mImported empty block #1,966 / 0 tx / 0 pending / 0 (0.0%) gas / (0x31d2fd1577ca59930ce8737ec57797db6f89d5547cd877d35d9a1b35edc1e94e)
[m[2m2026-05-31 17:10:43.028-0400[m[2m | [m[2mBftProcessorExecutor-QBFT-0[m[2m | [m[32mINFO [m[2m | [m[2mQbftBesuControllerBuilder[m[2m | [m[32mImported empty block #1,967 / 0 tx / 0 pending / 0 (0.0%) gas / (0x202ccdc76d5e6421e80d680d4cd696b70d5ea25dd1ba2122338fae6cc01c35c9)
[m[2m2026-05-31 17:10:43.028-0400[m[2m | [m[2mEthScheduler-Workers-225[m[2m | [m[32mINFO [m[2m | [m[2mPersistBlockTask[m[2m | [m[32mBlock 1967 (0x202ccdc76d5e6421e80d680d4cd696b70d5ea25dd1ba2122338fae6cc01c35c9) is already imported
[m[2m2026-05-31 17:10:45.025-0400[m[2m | [m[2mBftProcessorExecutor-QBFT-0[m[2m | [m[32mINFO [m[2m | [m[2mQbftBesuControllerBuilder[m[2m | [m[32mImported empty block #1,968 / 0 tx / 0 pending / 0 (0.0%) gas / (0xbc0f232d70d7f4b489f093bcc488de879cb3f26425bcedd76b611d4a871520ff)
[m[2m2026-05-31 17:10:47.014-0400[m[2m | [m[2mBftProcessorExecutor-QBFT-0[m[2m | [m[32mINFO [m[2m | [m[2mQbftBesuControllerBuilder[m[2m | [m[32mProduced empty block #1,969 / 0 tx / 0 pending / 0 (0.0%) gas / (0xf4576fb2ebb1dfbe2f2c6dd06497b802cb7a5f9430c3fc1fd2317f97efef60da)
[m[2m2026-05-31 17:10:49.025-0400[m[2m | [m[2mBftProcessorExecutor-QBFT-0[m[2m | [m[32mINFO [m[2m | [m[2mQbftBesuControllerBuilder[m[2m | [m[32mImported empty block #1,970 / 0 tx / 0 pending / 0 (0.0%) gas / (0x6de7a6096f6444ebf1c8ce056b5b91f2e2ad5e2d07251471d375342994a3b7f0)
[m[2m2026-05-31 17:10:51.035-0400[m[2m | [m[2mBftProcessorExecutor-QBFT-0[m[2m | [m[32mINFO [m[2m | [m[2mQbftBesuControllerBuilder[m[2m | [m[32mImported empty block #1,971 / 0 tx / 0 pending / 0 (0.0%) gas / (0xd29f4e9c1b9dfa7fe77cb848405d7c26b106cb6bda32800b047e3e20393ea11d)
[m[2m2026-05-31 17:10:53.036-0400[m[2m | [m[2mBftProcessorExecutor-QBFT-0[m[2m | [m[32mINFO [m[2m | [m[2mQbftBesuControllerBuilder[m[2m | [m[32mImported empty block #1,972 / 0 tx / 0 pending / 0 (0.0%) gas / (0x08d41a5a60b4e3158d81c1425c74157bbde078c7dfa321f8cf2382ddf4b86ec0)
[m[2m2026-05-31 17:10:55.013-0400[m[2m | [m[2mBftProcessorExecutor-QBFT-0[m[2m | [m[32mINFO [m[2m | [m[2mQbftBesuControllerBuilder[m[2m | [m[32mProduced empty block #1,973 / 0 tx / 0 pending / 0 (0.0%) gas / (0x0f5eb005f28a04a10a4daa244aa0918615226dca988656d95e246b17b4175b8a)
[m[2m2026-05-31 17:10:57.034-0400[m[2m | [m[2mBftProcessorExecutor-QBFT-0[m[2m | [m[32mINFO [m[2m | [m[2mQbftBesuControllerBuilder[m[2m | [m[32mImported empty block #1,974 / 0 tx / 0 pending / 0 (0.0%) gas / (0x133ad4b6c3e7bbdc0df4dc4c51bdd5bf5d43f80d6980c3f31b83e22fd912d36e)
[m[2m2026-05-31 17:10:59.039-0400[m[2m | [m[2mBftProcessorExecutor-QBFT-0[m[2m | [m[32mINFO [m[2m | [m[2mQbftBesuControllerBuilder[m[2m | [m[32mImported empty block #1,975 / 0 tx / 0 pending / 0 (0.0%) gas / (0x54cfdc49f4d7b4f512fc841f2b31c361f594d496b6c9158936e311a7b5e928a9)
[m[2m2026-05-31 17:11:01.026-0400[m[2m | [m[2mBftProcessorExecutor-QBFT-0[m[2m | [m[32mINFO [m[2m | [m[2mQbftBesuControllerBuilder[m[2m | [m[32mImported empty block #1,976 / 0 tx / 0 pending / 0 (0.0%) gas / (0x721f1b009e9ab36b2887c0a4726bd5da305a0263015ed77265e1cdb2afb8d561)
[m[2m2026-05-31 17:11:03.039-0400[m[2m | [m[2mBftProcessorExecutor-QBFT-0[m[2m | [m[32mINFO [m[2m | [m[2mQbftBesuControllerBuilder[m[2m | [m[32mProduced empty block #1,977 / 0 tx / 0 pending / 0 (0.0%) gas / (0x56abc0b721c7a46c262c813ac8594e1b0fcde8a4115b2908c58e181ec72ef755)
[m[2m2026-05-31 17:11:05.032-0400[m[2m | [m[2mBftProcessorExecutor-QBFT-0[m[2m | [m[32mINFO [m[2m | [m[2mQbftBesuControllerBuilder[m[2m | [m[32mImported empty block #1,978 / 0 tx / 0 pending / 0 (0.0%) gas / (0x9514f4ec2feb939cde8067d6638df40349de2faf0611cac419a5dd359a905740)
[m[2m2026-05-31 17:11:07.034-0400[m[2m | [m[2mBftProcessorExecutor-QBFT-0[m[2m | [m[32mINFO [m[2m | [m[2mQbftBesuControllerBuilder[m[2m | [m[32mImported empty block #1,979 / 0 tx / 0 pending / 0 (0.0%) gas / (0x51183de86501a120e8430dff2fd5f03a0b08e1bba1501714da728a555a0b9269)
[m[2m2026-05-31 17:11:07.035-0400[m[2m | [m[2mEthScheduler-Workers-227[m[2m | [m[32mINFO [m[2m | [m[2mPersistBlockTask[m[2m | [m[32mBlock 1979 (0x51183de86501a120e8430dff2fd5f03a0b08e1bba1501714da728a555a0b9269) is already imported
[m[2m2026-05-31 17:11:09.032-0400[m[2m | [m[2mBftProcessorExecutor-QBFT-0[m[2m | [m[32mINFO [m[2m | [m[2mQbftBesuControllerBuilder[m[2m | [m[32mImported empty block #1,980 / 0 tx / 0 pending / 0 (0.0%) gas / (0x0a0d3f6979eaa427391fb89ec3b442062710a47b5e36beb322a3d15a04be006a)
[m[2m2026-05-31 17:11:11.034-0400[m[2m | [m[2mBftProcessorExecutor-QBFT-0[m[2m | [m[32mINFO [m[2m | [m[2mQbftBesuControllerBuilder[m[2m | [m[32mProduced empty block #1,981 / 0 tx / 0 pending / 0 (0.0%) gas / (0x982215c4082d16afde63b8d3b28091a1aca91acd276c2ded7cf54f0dcde60aae)
[m[2m2026-05-31 17:11:13.026-0400[m[2m | [m[2mBftProcessorExecutor-QBFT-0[m[2m | [m[32mINFO [m[2m | [m[2mQbftBesuControllerBuilder[m[2m | [m[32mImported empty block #1,982 / 0 tx / 0 pending / 0 (0.0%) gas / (0x28dbce9fe49e5aedc0cb9b2bfc9ddb1850f3b6a07f471a6b077b33ef4cb59389)
[m[2m2026-05-31 17:11:15.026-0400[m[2m | [m[2mBftProcessorExecutor-QBFT-0[m[2m | [m[32mINFO [m[2m | [m[2mQbftBesuControllerBuilder[m[2m | [m[32mImported empty block #1,983 / 0 tx / 0 pending / 0 (0.0%) gas / (0x82795d39d4a0098533c0e96ce27c51022c5a61cf65157eb9eda46edfa4529520)
[m[2m2026-05-31 17:11:17.029-0400[m[2m | [m[2mBftProcessorExecutor-QBFT-0[m[2m | [m[32mINFO [m[2m | [m[2mQbftBesuControllerBuilder[m[2m | [m[32mImported empty block #1,984 / 0 tx / 0 pending / 0 (0.0%) gas / (0x3f8055492a4be533dc7a96946adfc08ce4d25544b629ef57b1429b4487b01b54)
[m[2m2026-05-31 17:11:19.027-0400[m[2m | [m[2mBftProcessorExecutor-QBFT-0[m[2m | [m[32mINFO [m[2m | [m[2mQbftBesuControllerBuilder[m[2m | [m[32mProduced empty block #1,985 / 0 tx / 0 pending / 0 (0.0%) gas / (0xa69c90f8cb9ddbad2e9b9350a7ac240f8e174e1e1bf4c1eedb3dd6cc2309592f)
[m[2m2026-05-31 17:11:21.026-0400[m[2m | [m[2mBftProcessorExecutor-QBFT-0[m[2m | [m[32mINFO [m[2m | [m[2mQbftBesuControllerBuilder[m[2m | [m[32mImported empty block #1,986 / 0 tx / 0 pending / 0 (0.0%) gas / (0xdc57e213ee9562c869bc5c119ac168b52013cd7ccde45ea323b2328c6996203d)
[m[2m2026-05-31 17:11:21.026-0400[m[2m | [m[2mEthScheduler-Workers-229[m[2m | [m[32mINFO [m[2m | [m[2mPersistBlockTask[m[2m | [m[32mBlock 1986 (0xdc57e213ee9562c869bc5c119ac168b52013cd7ccde45ea323b2328c6996203d) is already imported
[m[2m2026-05-31 17:11:23.010-0400[m[2m | [m[2mBftProcessorExecutor-QBFT-0[m[2m | [m[32mINFO [m[2m | [m[2mQbftBesuControllerBuilder[m[2m | [m[32mImported empty block #1,987 / 0 tx / 0 pending / 0 (0.0%) gas / (0x84cb2a9366ea08791d461a89495c328c001c832a134330f7dae82db515b17554)
[m[2m2026-05-31 17:11:25.034-0400[m[2m | [m[2mBftProcessorExecutor-QBFT-0[m[2m | [m[32mINFO [m[2m | [m[2mQbftBesuControllerBuilder[m[2m | [m[32mImported empty block #1,988 / 0 tx / 0 pending / 0 (0.0%) gas / (0x8467629bf301e26aae7b2a41c1d65f4b8f518aef1eb29eff5a77adf00e6d6a61)
[m[2m2026-05-31 17:11:25.034-0400[m[2m | [m[2mEthScheduler-Workers-231[m[2m | [m[32mINFO [m[2m | [m[2mPersistBlockTask[m[2m | [m[32mBlock 1988 (0x8467629bf301e26aae7b2a41c1d65f4b8f518aef1eb29eff5a77adf00e6d6a61) is already imported
[m[2m2026-05-31 17:11:27.030-0400[m[2m | [m[2mBftProcessorExecutor-QBFT-0[m[2m | [m[32mINFO [m[2m | [m[2mQbftBesuControllerBuilder[m[2m | [m[32mProduced empty block #1,989 / 0 tx / 0 pending / 0 (0.0%) gas / (0x03f03c2d1546c42145ea940f13923222d2da96f874fd65c5afe592dafab71865)
[m[2m2026-05-31 17:11:29.032-0400[m[2m | [m[2mBftProcessorExecutor-QBFT-0[m[2m | [m[32mINFO [m[2m | [m[2mQbftBesuControllerBuilder[m[2m | [m[32mImported empty block #1,990 / 0 tx / 0 pending / 0 (0.0%) gas / (0x8585c4b7023b937373454675dbe32f6df1d7c7a8744cb5af95fa00e3488a7ef0)
[m[2m2026-05-31 17:11:31.023-0400[m[2m | [m[2mBftProcessorExecutor-QBFT-0[m[2m | [m[32mINFO [m[2m | [m[2mQbftBesuControllerBuilder[m[2m | [m[32mImported empty block #1,991 / 0 tx / 0 pending / 0 (0.0%) gas / (0xc076c5227829a6b8acc766ff67e2325287f446482440d17aa7a3d9f859370fba)
[m[2m2026-05-31 17:11:31.024-0400[m[2m | [m[2mEthScheduler-Workers-226[m[2m | [m[32mINFO [m[2m | [m[2mPersistBlockTask[m[2m | [m[32mBlock 1991 (0xc076c5227829a6b8acc766ff67e2325287f446482440d17aa7a3d9f859370fba) is already imported
[m[2m2026-05-31 17:11:33.030-0400[m[2m | [m[2mBftProcessorExecutor-QBFT-0[m[2m | [m[32mINFO [m[2m | [m[2mQbftBesuControllerBuilder[m[2m | [m[32mImported empty block #1,992 / 0 tx / 0 pending / 0 (0.0%) gas / (0xfe869feb433ac8b2edaf5573f3da8f4a97dba13cb232cf1fcb7bd33fbb450756)
[m[2m2026-05-31 17:11:35.031-0400[m[2m | [m[2mBftProcessorExecutor-QBFT-0[m[2m | [m[32mINFO [m[2m | [m[2mQbftBesuControllerBuilder[m[2m | [m[32mProduced empty block #1,993 / 0 tx / 0 pending / 0 (0.0%) gas / (0xaf2241c6f6c03f372920fde80052dfd362b9bae9c3eebf10c75ba1dfa6827add)
[m[2m2026-05-31 17:11:37.037-0400[m[2m | [m[2mBftProcessorExecutor-QBFT-0[m[2m | [m[32mINFO [m[2m | [m[2mQbftBesuControllerBuilder[m[2m | [m[32mImported empty block #1,994 / 0 tx / 0 pending / 0 (0.0%) gas / (0x32101f145bfc0c0ebcfcf780539079436dd9258291a8a126641687bb9cc044cd)
[m[2m2026-05-31 17:11:39.037-0400[m[2m | [m[2mBftProcessorExecutor-QBFT-0[m[2m | [m[32mINFO [m[2m | [m[2mQbftBesuControllerBuilder[m[2m | [m[32mImported empty block #1,995 / 0 tx / 0 pending / 0 (0.0%) gas / (0xeba07485f09f196f8b754f5a3925d2383389740c80432521f6a50ea694deb21e)
[m[2m2026-05-31 17:11:39.037-0400[m[2m | [m[2mEthScheduler-Workers-227[m[2m | [m[32mINFO [m[2m | [m[2mPersistBlockTask[m[2m | [m[32mBlock 1995 (0xeba07485f09f196f8b754f5a3925d2383389740c80432521f6a50ea694deb21e) is already imported
[m[2m2026-05-31 17:11:41.026-0400[m[2m | [m[2mBftProcessorExecutor-QBFT-0[m[2m | [m[32mINFO [m[2m | [m[2mQbftBesuControllerBuilder[m[2m | [m[32mImported empty block #1,996 / 0 tx / 0 pending / 0 (0.0%) gas / (0x33b9dba7fc93de68dadb770fd327726399dafe8d10b5fa9bbcca30e497f7fc75)
[m[2m2026-05-31 17:11:43.032-0400[m[2m | [m[2mBftProcessorExecutor-QBFT-0[m[2m | [m[32mINFO [m[2m | [m[2mQbftBesuControllerBuilder[m[2m | [m[32mProduced empty block #1,997 / 0 tx / 0 pending / 0 (0.0%) gas / (0xb69f7106e8a7b4a4825aa425bf80081156ec19c59b318a3c98a92ba453ce472e)
[m[2m2026-05-31 17:11:45.032-0400[m[2m | [m[2mBftProcessorExecutor-QBFT-0[m[2m | [m[32mINFO [m[2m | [m[2mQbftBesuControllerBuilder[m[2m | [m[32mImported empty block #1,998 / 0 tx / 0 pending / 0 (0.0%) gas / (0x1224d7411b0aea1874de90e8ea0b0c45c4982a38d173e34671ba6f75ad319e6c)
[m[2m2026-05-31 17:11:47.027-0400[m[2m | [m[2mBftProcessorExecutor-QBFT-0[m[2m | [m[32mINFO [m[2m | [m[2mQbftBesuControllerBuilder[m[2m | [m[32mImported empty block #1,999 / 0 tx / 0 pending / 0 (0.0%) gas / (0x915b8bfdfe0155cb7886a7ec3dbd9a3416904b3ddd5ea47959f16689baa58009)
[m[2m2026-05-31 17:11:49.027-0400[m[2m | [m[2mBftProcessorExecutor-QBFT-0[m[2m | [m[32mINFO [m[2m | [m[2mQbftBesuControllerBuilder[m[2m | [m[32mImported empty block #2,000 / 0 tx / 0 pending / 0 (0.0%) gas / (0xb53b556b086b5c435ec7458c0fa192b0e8290ceddadbb0df42a9159c691a30a2)
[m[2m2026-05-31 17:11:49.027-0400[m[2m | [m[2mEthScheduler-Workers-230[m[2m | [m[32mINFO [m[2m | [m[2mPersistBlockTask[m[2m | [m[32mBlock 2000 (0xb53b556b086b5c435ec7458c0fa192b0e8290ceddadbb0df42a9159c691a30a2) is already imported
[m[2m2026-05-31 17:11:51.037-0400[m[2m | [m[2mBftProcessorExecutor-QBFT-0[m[2m | [m[32mINFO [m[2m | [m[2mQbftBesuControllerBuilder[m[2m | [m[32mProduced empty block #2,001 / 0 tx / 0 pending / 0 (0.0%) gas / (0xf286c90d118319e786108772c652581b49889bedff5ec65b5f36792eb2669800)
[m[2m2026-05-31 17:11:53.029-0400[m[2m | [m[2mBftProcessorExecutor-QBFT-0[m[2m | [m[32mINFO [m[2m | [m[2mQbftBesuControllerBuilder[m[2m | [m[32mImported empty block #2,002 / 0 tx / 0 pending / 0 (0.0%) gas / (0x1fdab5910ff505a7c67259eaf450db931e4ea0673193ddef2cffff5f752aa615)
[m[2m2026-05-31 17:11:55.030-0400[m[2m | [m[2mBftProcessorExecutor-QBFT-0[m[2m | [m[32mINFO [m[2m | [m[2mQbftBesuControllerBuilder[m[2m | [m[32mImported empty block #2,003 / 0 tx / 0 pending / 0 (0.0%) gas / (0xf7d1c82f303c4eda04768bf83a8912d2590748b580ae1bfd956a5f84e1fed127)
[m[2m2026-05-31 17:11:57.033-0400[m[2m | [m[2mBftProcessorExecutor-QBFT-0[m[2m | [m[32mINFO [m[2m | [m[2mQbftBesuControllerBuilder[m[2m | [m[32mImported empty block #2,004 / 0 tx / 0 pending / 0 (0.0%) gas / (0x23c7eaf82007cdcb21aee6f9797268ef597512b79a8fc4a5f0b1cc7e3a848d16)
[m[2m2026-05-31 17:11:59.030-0400[m[2m | [m[2mBftProcessorExecutor-QBFT-0[m[2m | [m[32mINFO [m[2m | [m[2mQbftBesuControllerBuilder[m[2m | [m[32mProduced empty block #2,005 / 0 tx / 0 pending / 0 (0.0%) gas / (0xf6882b75a490a054093e1c05d26cecc29f5152b9c76687d6947f573265121a0a)
[m[2m2026-05-31 17:12:01.035-0400[m[2m | [m[2mBftProcessorExecutor-QBFT-0[m[2m | [m[32mINFO [m[2m | [m[2mQbftBesuControllerBuilder[m[2m | [m[32mImported empty block #2,006 / 0 tx / 0 pending / 0 (0.0%) gas / (0xf6b43a2d2ae5679fd6bc3eed2fde647b2764d4d2a4a161c236a9d64be3a1e7e2)
[m[2m2026-05-31 17:12:03.025-0400[m[2m | [m[2mBftProcessorExecutor-QBFT-0[m[2m | [m[32mINFO [m[2m | [m[2mQbftBesuControllerBuilder[m[2m | [m[32mImported empty block #2,007 / 0 tx / 0 pending / 0 (0.0%) gas / (0xd0ac070ba0bd3c3b391de7b33bba049367d2c7e949b933d0078529dec0c11e73)
[m[2m2026-05-31 17:12:05.024-0400[m[2m | [m[2mBftProcessorExecutor-QBFT-0[m[2m | [m[32mINFO [m[2m | [m[2mQbftBesuControllerBuilder[m[2m | [m[32mImported empty block #2,008 / 0 tx / 0 pending / 0 (0.0%) gas / (0x28ef42497d15c1f6852222f3894ba4cb4259d6a1f6390287fb1833e8f008960d)
[m[2m2026-05-31 17:12:07.026-0400[m[2m | [m[2mBftProcessorExecutor-QBFT-0[m[2m | [m[32mINFO [m[2m | [m[2mQbftBesuControllerBuilder[m[2m | [m[32mProduced empty block #2,009 / 0 tx / 0 pending / 0 (0.0%) gas / (0xfe24708ff6b976dfa75c1189e2bd726a3dc83412045c0e43c365cafb33895034)
[m[2m2026-05-31 17:12:09.017-0400[m[2m | [m[2mBftProcessorExecutor-QBFT-0[m[2m | [m[32mINFO [m[2m | [m[2mQbftBesuControllerBuilder[m[2m | [m[32mImported empty block #2,010 / 0 tx / 0 pending / 0 (0.0%) gas / (0x25a1fc7982b0c8c367d4bc8c368b8fcbcef7af82aabee93feb953d440cfde786)
[m[2m2026-05-31 17:12:11.031-0400[m[2m | [m[2mBftProcessorExecutor-QBFT-0[m[2m | [m[32mINFO [m[2m | [m[2mQbftBesuControllerBuilder[m[2m | [m[32mImported empty block #2,011 / 0 tx / 0 pending / 0 (0.0%) gas / (0xbb44f8b3a847c48478ad8e2adfdee826f9935a8216ec11e9c20dc62177c0499b)
[m[2m2026-05-31 17:12:13.030-0400[m[2m | [m[2mBftProcessorExecutor-QBFT-0[m[2m | [m[32mINFO [m[2m | [m[2mQbftBesuControllerBuilder[m[2m | [m[32mImported empty block #2,012 / 0 tx / 0 pending / 0 (0.0%) gas / (0x564f924f23849999049a47a511e08b89d570f789000da486fcb23e8cdf4bb582)
[m[2m2026-05-31 17:12:15.029-0400[m[2m | [m[2mBftProcessorExecutor-QBFT-0[m[2m | [m[32mINFO [m[2m | [m[2mQbftBesuControllerBuilder[m[2m | [m[32mProduced empty block #2,013 / 0 tx / 0 pending / 0 (0.0%) gas / (0x7c947d2d2581ab084763a6bca27933f66dcabeaa92ba86b9834c8b8ce7eec58e)
[m[2m2026-05-31 17:12:17.034-0400[m[2m | [m[2mBftProcessorExecutor-QBFT-0[m[2m | [m[32mINFO [m[2m | [m[2mQbftBesuControllerBuilder[m[2m | [m[32mImported empty block #2,014 / 0 tx / 0 pending / 0 (0.0%) gas / (0x53cc01a8af138c7a9e3afb8d524d24d7ce48c3d7b2eade50a3533b70ad518841)
[m[2m2026-05-31 17:12:19.031-0400[m[2m | [m[2mEthScheduler-Workers-232[m[2m | [m[32mINFO [m[2m | [m[2mPersistBlockTask[m[2m | [m[32mImported empty block #2,015 / 0 tx / 0 om / 0 (0.0%) gas / (0x7f361947fbba506d8c984e23bdda779dc78f5aa0d19795f4cde7ad0a8fffa3ee) in 0.000s. Peers: 3
[m[2m2026-05-31 17:12:21.035-0400[m[2m | [m[2mEthScheduler-Workers-225[m[2m | [m[32mINFO [m[2m | [m[2mPersistBlockTask[m[2m | [m[32mBlock 2016 (0x30383ef21943c299f96cc7ea92a5471f85e27196118c88c7f3bddd31c088f8c8) is already imported
[m[2m2026-05-31 17:12:21.035-0400[m[2m | [m[2mBftProcessorExecutor-QBFT-0[m[2m | [m[32mINFO [m[2m | [m[2mQbftBesuControllerBuilder[m[2m | [m[32mImported empty block #2,016 / 0 tx / 0 pending / 0 (0.0%) gas / (0x30383ef21943c299f96cc7ea92a5471f85e27196118c88c7f3bddd31c088f8c8)
[m[2m2026-05-31 17:12:23.019-0400[m[2m | [m[2mBftProcessorExecutor-QBFT-0[m[2m | [m[32mINFO [m[2m | [m[2mQbftBesuControllerBuilder[m[2m | [m[32mProduced empty block #2,017 / 0 tx / 0 pending / 0 (0.0%) gas / (0x788c7195490e047986397bd6e249760869b8d25b8838dabb3357fa392453433f)
[m[2m2026-05-31 17:12:25.032-0400[m[2m | [m[2mBftProcessorExecutor-QBFT-0[m[2m | [m[32mINFO [m[2m | [m[2mQbftBesuControllerBuilder[m[2m | [m[32mImported empty block #2,018 / 0 tx / 0 pending / 0 (0.0%) gas / (0xc62457d98e5211be22124fdabaff7e8509141268b0701d04248c7ec5ca2b17fe)
[m[2m2026-05-31 17:12:27.024-0400[m[2m | [m[2mBftProcessorExecutor-QBFT-0[m[2m | [m[32mINFO [m[2m | [m[2mQbftBesuControllerBuilder[m[2m | [m[32mImported empty block #2,019 / 0 tx / 0 pending / 0 (0.0%) gas / (0xeb1d54e99076fc3c326cc01d8d1d0ca6591aee2791d6d15f7d86c6f0037fb12b)
[m[2m2026-05-31 17:12:29.060-0400[m[2m | [m[2mEthScheduler-Workers-228[m[2m | [m[32mINFO [m[2m | [m[2mPersistBlockTask[m[2m | [m[32mImported empty block #2,020 / 0 tx / 0 om / 0 (0.0%) gas / (0x6c5c98258d9eda0a0f24db5b67ec027594a574261f15b58629716c698376e03a) in 0.000s. Peers: 3
[m[2m2026-05-31 17:12:29.060-0400[m[2m | [m[2mBftProcessorExecutor-QBFT-0[m[2m | [m[32mINFO [m[2m | [m[2mQbftBesuControllerBuilder[m[2m | [m[32mImported empty block #2,020 / 0 tx / 0 pending / 0 (0.0%) gas / (0x6c5c98258d9eda0a0f24db5b67ec027594a574261f15b58629716c698376e03a)
[m[2m2026-05-31 17:12:31.024-0400[m[2m | [m[2mBftProcessorExecutor-QBFT-0[m[2m | [m[32mINFO [m[2m | [m[2mQbftBesuControllerBuilder[m[2m | [m[32mProduced empty block #2,021 / 0 tx / 0 pending / 0 (0.0%) gas / (0xae9c9a4e391bfe4477557718da735f5716359ae97d0b176307d119fa4b440687)
[m[2m2026-05-31 17:12:33.029-0400[m[2m | [m[2mBftProcessorExecutor-QBFT-0[m[2m | [m[32mINFO [m[2m | [m[2mQbftBesuControllerBuilder[m[2m | [m[32mImported empty block #2,022 / 0 tx / 0 pending / 0 (0.0%) gas / (0xf726690f00ebc97a61135188d1c04a1a69afc4e76bc0bac1b898f7dee52a354a)
[m[2m2026-05-31 17:12:33.029-0400[m[2m | [m[2mEthScheduler-Workers-229[m[2m | [m[32mINFO [m[2m | [m[2mPersistBlockTask[m[2m | [m[32mBlock 2022 (0xf726690f00ebc97a61135188d1c04a1a69afc4e76bc0bac1b898f7dee52a354a) is already imported
[m[2m2026-05-31 17:12:35.021-0400[m[2m | [m[2mBftProcessorExecutor-QBFT-0[m[2m | [m[32mINFO [m[2m | [m[2mQbftBesuControllerBuilder[m[2m | [m[32mImported empty block #2,023 / 0 tx / 0 pending / 0 (0.0%) gas / (0x65256fe16aa37ff6f307565330b03975e419f18a3770780ceac8c6b707ea64f2)
[m[2m2026-05-31 17:12:37.026-0400[m[2m | [m[2mBftProcessorExecutor-QBFT-0[m[2m | [m[32mINFO [m[2m | [m[2mQbftBesuControllerBuilder[m[2m | [m[32mImported empty block #2,024 / 0 tx / 0 pending / 0 (0.0%) gas / (0x4ed3e52a6e900408d1be5f2860e70a1ebc1cecb5ae2a43d20e8b52e347b886b9)
[m[2m2026-05-31 17:12:39.046-0400[m[2m | [m[2mBftProcessorExecutor-QBFT-0[m[2m | [m[32mINFO [m[2m | [m[2mQbftBesuControllerBuilder[m[2m | [m[32mProduced empty block #2,025 / 0 tx / 0 pending / 0 (0.0%) gas / (0x3ca931b4d23ff068a95d01d81ca7f451b738cf734ff727b4496255097a215990)
[m[2m2026-05-31 17:12:41.025-0400[m[2m | [m[2mBftProcessorExecutor-QBFT-0[m[2m | [m[32mINFO [m[2m | [m[2mQbftBesuControllerBuilder[m[2m | [m[32mImported empty block #2,026 / 0 tx / 0 pending / 0 (0.0%) gas / (0x1074eb5b284628c893f1401267cec274ce02f8e3d26f7eb3711c7c8118f01d73)
[m[2m2026-05-31 17:12:43.025-0400[m[2m | [m[2mBftProcessorExecutor-QBFT-0[m[2m | [m[32mINFO [m[2m | [m[2mQbftBesuControllerBuilder[m[2m | [m[32mImported empty block #2,027 / 0 tx / 0 pending / 0 (0.0%) gas / (0xb35e62a0f307c72ed92752c1f0d0a2a98a63b6838e6785a5473b3720fcb22a28)
[m[2m2026-05-31 17:12:45.033-0400[m[2m | [m[2mBftProcessorExecutor-QBFT-0[m[2m | [m[32mINFO [m[2m | [m[2mQbftBesuControllerBuilder[m[2m | [m[32mImported empty block #2,028 / 0 tx / 0 pending / 0 (0.0%) gas / (0x9c8a07e7ba74927087cd3a526f9b3eb76548c16ca30656e996aa2c1177e2d699)
[m[2m2026-05-31 17:12:47.030-0400[m[2m | [m[2mBftProcessorExecutor-QBFT-0[m[2m | [m[32mINFO [m[2m | [m[2mQbftBesuControllerBuilder[m[2m | [m[32mProduced empty block #2,029 / 0 tx / 0 pending / 0 (0.0%) gas / (0x603ec4679e3de280ba0faca93255f979de3e201d70c58627e35a34b3bc12b3a8)
[m[2m2026-05-31 17:12:49.028-0400[m[2m | [m[2mBftProcessorExecutor-QBFT-0[m[2m | [m[32mINFO [m[2m | [m[2mQbftBesuControllerBuilder[m[2m | [m[32mImported empty block #2,030 / 0 tx / 0 pending / 0 (0.0%) gas / (0x5f0b29da36c928b07e428dc582d3ecfdde9a43ecebe879e80ccdacb67719d36e)
[m[2m2026-05-31 17:12:51.025-0400[m[2m | [m[2mBftProcessorExecutor-QBFT-0[m[2m | [m[32mINFO [m[2m | [m[2mQbftBesuControllerBuilder[m[2m | [m[32mImported empty block #2,031 / 0 tx / 0 pending / 0 (0.0%) gas / (0xf95ad0951799465d5c00aa3de523f768cd63eb3901edd67948219225aed11d49)
[m[2m2026-05-31 17:12:53.025-0400[m[2m | [m[2mBftProcessorExecutor-QBFT-0[m[2m | [m[32mINFO [m[2m | [m[2mQbftBesuControllerBuilder[m[2m | [m[32mImported empty block #2,032 / 0 tx / 0 pending / 0 (0.0%) gas / (0x7ed857d38621f3d0afbcd384ee574e0eeec251eb2d947054f010c11d1e3e9e37)
[m[2m2026-05-31 17:12:55.027-0400[m[2m | [m[2mBftProcessorExecutor-QBFT-0[m[2m | [m[32mINFO [m[2m | [m[2mQbftBesuControllerBuilder[m[2m | [m[32mProduced empty block #2,033 / 0 tx / 0 pending / 0 (0.0%) gas / (0x421d1de66668ed86b11c70a62de86719d4b396467677bf210fdbcdb3595d3489)
[m[2m2026-05-31 17:12:57.021-0400[m[2m | [m[2mBftProcessorExecutor-QBFT-0[m[2m | [m[32mINFO [m[2m | [m[2mQbftBesuControllerBuilder[m[2m | [m[32mImported empty block #2,034 / 0 tx / 0 pending / 0 (0.0%) gas / (0xd287c2cd78800dafb7e55cc76687d424e6403f7531401eb2d9b1e743806ec8db)
[m[2m2026-05-31 17:12:59.026-0400[m[2m | [m[2mBftProcessorExecutor-QBFT-0[m[2m | [m[32mINFO [m[2m | [m[2mQbftBesuControllerBuilder[m[2m | [m[32mImported empty block #2,035 / 0 tx / 0 pending / 0 (0.0%) gas / (0x6afae6b4118617e8d42c80a759eb801d8b059f9471ee5517ccc427d4b4f5e3cb)
[m[2m2026-05-31 17:13:01.028-0400[m[2m | [m[2mBftProcessorExecutor-QBFT-0[m[2m | [m[32mINFO [m[2m | [m[2mQbftBesuControllerBuilder[m[2m | [m[32mImported empty block #2,036 / 0 tx / 0 pending / 0 (0.0%) gas / (0x67fda797d4828a737dd89f5912eabdc9d1fd72ab87b959226a20c027a6abc9e3)
[m[2m2026-05-31 17:13:03.027-0400[m[2m | [m[2mBftProcessorExecutor-QBFT-0[m[2m | [m[32mINFO [m[2m | [m[2mQbftBesuControllerBuilder[m[2m | [m[32mProduced empty block #2,037 / 0 tx / 0 pending / 0 (0.0%) gas / (0xf47ab24fec961254e8c2224bd7c23f1276b1d1754c094b913aef03be77db3a66)
[m[2m2026-05-31 17:13:05.017-0400[m[2m | [m[2mBftProcessorExecutor-QBFT-0[m[2m | [m[32mINFO [m[2m | [m[2mQbftBesuControllerBuilder[m[2m | [m[32mImported empty block #2,038 / 0 tx / 0 pending / 0 (0.0%) gas / (0x66d9867c7ae1b82e364cfc24f4b4646b6c280f6d1a9d3844ba2f9eb4d9ede41f)
[m[2m2026-05-31 17:13:07.021-0400[m[2m | [m[2mBftProcessorExecutor-QBFT-0[m[2m | [m[32mINFO [m[2m | [m[2mQbftBesuControllerBuilder[m[2m | [m[32mImported empty block #2,039 / 0 tx / 0 pending / 0 (0.0%) gas / (0xe1d420dffc4e5887229d841476a8134dd6c4d29b73ef3ce2c98060f88289fa1d)
[m[2m2026-05-31 17:13:09.026-0400[m[2m | [m[2mBftProcessorExecutor-QBFT-0[m[2m | [m[32mINFO [m[2m | [m[2mQbftBesuControllerBuilder[m[2m | [m[32mImported empty block #2,040 / 0 tx / 0 pending / 0 (0.0%) gas / (0xc21bb69f8a540d458c058469fd0440ab9e0c9af2e4ae1c2d27db3e30bd9a7727)
[m[2m2026-05-31 17:13:11.019-0400[m[2m | [m[2mBftProcessorExecutor-QBFT-0[m[2m | [m[32mINFO [m[2m | [m[2mQbftBesuControllerBuilder[m[2m | [m[32mProduced empty block #2,041 / 0 tx / 0 pending / 0 (0.0%) gas / (0xbbc363978b1754fe15996eccc9170e1e85a26d2aed7b33b502a206b5ed57b89e)
[m[2m2026-05-31 17:13:13.027-0400[m[2m | [m[2mBftProcessorExecutor-QBFT-0[m[2m | [m[32mINFO [m[2m | [m[2mQbftBesuControllerBuilder[m[2m | [m[32mImported empty block #2,042 / 0 tx / 0 pending / 0 (0.0%) gas / (0x571638872d096e34be0485a69bb3138ef5ea553978679e5cb24c348f06b7c9aa)
[m[2m2026-05-31 17:13:15.030-0400[m[2m | [m[2mBftProcessorExecutor-QBFT-0[m[2m | [m[32mINFO [m[2m | [m[2mQbftBesuControllerBuilder[m[2m | [m[32mImported empty block #2,043 / 0 tx / 0 pending / 0 (0.0%) gas / (0x22eb059a63b94de22e07cb08086ab26e17f32bfa4f1b6223ce07e8c72e0ffc2f)
[m[2m2026-05-31 17:13:15.030-0400[m[2m | [m[2mEthScheduler-Workers-231[m[2m | [m[32mINFO [m[2m | [m[2mPersistBlockTask[m[2m | [m[32mBlock 2043 (0x22eb059a63b94de22e07cb08086ab26e17f32bfa4f1b6223ce07e8c72e0ffc2f) is already imported
[m[2m2026-05-31 17:13:17.018-0400[m[2m | [m[2mBftProcessorExecutor-QBFT-0[m[2m | [m[32mINFO [m[2m | [m[2mQbftBesuControllerBuilder[m[2m | [m[32mImported empty block #2,044 / 0 tx / 0 pending / 0 (0.0%) gas / (0xf4353d3d19cdae8785a24acbebea1f41faf475440a1b69114a795468f1852c08)
[m[2m2026-05-31 17:13:19.023-0400[m[2m | [m[2mBftProcessorExecutor-QBFT-0[m[2m | [m[32mINFO [m[2m | [m[2mQbftBesuControllerBuilder[m[2m | [m[32mProduced empty block #2,045 / 0 tx / 0 pending / 0 (0.0%) gas / (0x3737c3c983bf458ac797ad29951ffc6c88c29fe343bd063cc2b4a536811e0ec1)
[m[2m2026-05-31 17:13:21.017-0400[m[2m | [m[2mBftProcessorExecutor-QBFT-0[m[2m | [m[32mINFO [m[2m | [m[2mQbftBesuControllerBuilder[m[2m | [m[32mImported empty block #2,046 / 0 tx / 0 pending / 0 (0.0%) gas / (0xfa75f34511412ff18819dd88b36e889130957ad62d1db21cba0934fdd73fce43)
[m[2m2026-05-31 17:13:23.032-0400[m[2m | [m[2mBftProcessorExecutor-QBFT-0[m[2m | [m[32mINFO [m[2m | [m[2mQbftBesuControllerBuilder[m[2m | [m[32mImported empty block #2,047 / 0 tx / 0 pending / 0 (0.0%) gas / (0x0120b7d00b5dafa4416cbfbf1c751b584e99618689a9618c82d633241bf1bc92)
[m[2m2026-05-31 17:13:23.033-0400[m[2m | [m[2mEthScheduler-Workers-233[m[2m | [m[32mINFO [m[2m | [m[2mPersistBlockTask[m[2m | [m[32mBlock 2047 (0x0120b7d00b5dafa4416cbfbf1c751b584e99618689a9618c82d633241bf1bc92) is already imported
[m[2m2026-05-31 17:13:25.021-0400[m[2m | [m[2mBftProcessorExecutor-QBFT-0[m[2m | [m[32mINFO [m[2m | [m[2mQbftBesuControllerBuilder[m[2m | [m[32mImported empty block #2,048 / 0 tx / 0 pending / 0 (0.0%) gas / (0xcfa2ae63a03cb2eca9883f29e0dcb765de80644c94614d764b2477c4992b7c19)
[m[2m2026-05-31 17:13:27.028-0400[m[2m | [m[2mBftProcessorExecutor-QBFT-0[m[2m | [m[32mINFO [m[2m | [m[2mQbftBesuControllerBuilder[m[2m | [m[32mProduced empty block #2,049 / 0 tx / 0 pending / 0 (0.0%) gas / (0x752515e9dd56dbc8b6c3ff21b4088a3e8918fbfc9ab408ecfe7946ea6c26098c)
[m[2m2026-05-31 17:13:29.034-0400[m[2m | [m[2mBftProcessorExecutor-QBFT-0[m[2m | [m[32mINFO [m[2m | [m[2mQbftBesuControllerBuilder[m[2m | [m[32mImported empty block #2,050 / 0 tx / 0 pending / 0 (0.0%) gas / (0x527fe233d3696025dd55d87ecc0aa535d14873a096ae600b26959c4728a3453c)
[m[2m2026-05-31 17:13:29.035-0400[m[2m | [m[2mEthScheduler-Workers-227[m[2m | [m[32mINFO [m[2m | [m[2mPersistBlockTask[m[2m | [m[32mBlock 2050 (0x527fe233d3696025dd55d87ecc0aa535d14873a096ae600b26959c4728a3453c) is already imported
[m[2m2026-05-31 17:13:31.056-0400[m[2m | [m[2mBftProcessorExecutor-QBFT-0[m[2m | [m[32mINFO [m[2m | [m[2mQbftBesuControllerBuilder[m[2m | [m[32mImported empty block #2,051 / 0 tx / 0 pending / 0 (0.0%) gas / (0x3f3c2b00fd7a67fbbc0cda3e95b3f420d79ae9f0e966c1adff03ea267e8a1d5d)
[m[2m2026-05-31 17:13:33.024-0400[m[2m | [m[2mBftProcessorExecutor-QBFT-0[m[2m | [m[32mINFO [m[2m | [m[2mQbftBesuControllerBuilder[m[2m | [m[32mImported empty block #2,052 / 0 tx / 0 pending / 0 (0.0%) gas / (0x09f5bc6420a56abf3dadb49925bbbcc6728c60acc49ea6d357d95b00f4e73c3a)
[m[2m2026-05-31 17:13:33.025-0400[m[2m | [m[2mEthScheduler-Workers-230[m[2m | [m[32mINFO [m[2m | [m[2mPersistBlockTask[m[2m | [m[32mBlock 2052 (0x09f5bc6420a56abf3dadb49925bbbcc6728c60acc49ea6d357d95b00f4e73c3a) is already imported
[m[2m2026-05-31 17:13:35.025-0400[m[2m | [m[2mEthScheduler-Workers-232[m[2m | [m[32mINFO [m[2m | [m[2mPersistBlockTask[m[2m | [m[32mBlock 2053 (0x4b755b38972063ca989ff48e2c23cb972673089505ed38109e0fd649d3b71696) is already imported
[m[2m2026-05-31 17:13:35.025-0400[m[2m | [m[2mBftProcessorExecutor-QBFT-0[m[2m | [m[32mINFO [m[2m | [m[2mQbftBesuControllerBuilder[m[2m | [m[32mProduced empty block #2,053 / 0 tx / 0 pending / 0 (0.0%) gas / (0x4b755b38972063ca989ff48e2c23cb972673089505ed38109e0fd649d3b71696)
[m[2m2026-05-31 17:13:37.029-0400[m[2m | [m[2mBftProcessorExecutor-QBFT-0[m[2m | [m[32mINFO [m[2m | [m[2mQbftBesuControllerBuilder[m[2m | [m[32mImported empty block #2,054 / 0 tx / 0 pending / 0 (0.0%) gas / (0x5d74abc7b1231d5c418d8731c97758370ae521b1d3e69cb93810c38f45a198d8)
[m[2m2026-05-31 17:13:39.031-0400[m[2m | [m[2mBftProcessorExecutor-QBFT-0[m[2m | [m[32mINFO [m[2m | [m[2mQbftBesuControllerBuilder[m[2m | [m[32mImported empty block #2,055 / 0 tx / 0 pending / 0 (0.0%) gas / (0xa8c712cb54c145bf3a73b3f9190f1078bb5330e51622f1e671dd3f0e57d37d3d)
[m[2m2026-05-31 17:13:39.031-0400[m[2m | [m[2mEthScheduler-Workers-234[m[2m | [m[32mINFO [m[2m | [m[2mPersistBlockTask[m[2m | [m[32mImported empty block #2,055 / 0 tx / 0 om / 0 (0.0%) gas / (0xa8c712cb54c145bf3a73b3f9190f1078bb5330e51622f1e671dd3f0e57d37d3d) in 0.000s. Peers: 3
[m[2m2026-05-31 17:13:41.036-0400[m[2m | [m[2mBftProcessorExecutor-QBFT-0[m[2m | [m[32mINFO [m[2m | [m[2mQbftBesuControllerBuilder[m[2m | [m[32mImported empty block #2,056 / 0 tx / 0 pending / 0 (0.0%) gas / (0x98a614e548f1c3536f3b58de0cd9740cef0530d8a1507386b23d2c9a785dda2d)
[m[2m2026-05-31 17:13:43.029-0400[m[2m | [m[2mBftProcessorExecutor-QBFT-0[m[2m | [m[32mINFO [m[2m | [m[2mQbftBesuControllerBuilder[m[2m | [m[32mProduced empty block #2,057 / 0 tx / 0 pending / 0 (0.0%) gas / (0x89af1291dfacf7563661bbbf2d6ad47615b2e51c598785d4663ec28bf4b1e20e)
[m[2m2026-05-31 17:13:45.025-0400[m[2m | [m[2mBftProcessorExecutor-QBFT-0[m[2m | [m[32mINFO [m[2m | [m[2mQbftBesuControllerBuilder[m[2m | [m[32mImported empty block #2,058 / 0 tx / 0 pending / 0 (0.0%) gas / (0x64209e47bb946bd8b4a583491ad34773efd0b9524363061a5c021af4566f6059)
[m[2m2026-05-31 17:13:47.031-0400[m[2m | [m[2mBftProcessorExecutor-QBFT-0[m[2m | [m[32mINFO [m[2m | [m[2mQbftBesuControllerBuilder[m[2m | [m[32mImported empty block #2,059 / 0 tx / 0 pending / 0 (0.0%) gas / (0xba730774f3ae72e356740a4181414909031b14a166caadc52213980e3ee5397a)
[m[2m2026-05-31 17:13:47.031-0400[m[2m | [m[2mEthScheduler-Workers-227[m[2m | [m[32mINFO [m[2m | [m[2mPersistBlockTask[m[2m | [m[32mBlock 2059 (0xba730774f3ae72e356740a4181414909031b14a166caadc52213980e3ee5397a) is already imported
[m[2m2026-05-31 17:13:49.030-0400[m[2m | [m[2mBftProcessorExecutor-QBFT-0[m[2m | [m[32mINFO [m[2m | [m[2mQbftBesuControllerBuilder[m[2m | [m[32mImported empty block #2,060 / 0 tx / 0 pending / 0 (0.0%) gas / (0x035d68a1c23368906b18fdfc3a4672322ea62a69a46627c1308b2edeeba34d1a)
[m[2m2026-05-31 17:13:51.031-0400[m[2m | [m[2mBftProcessorExecutor-QBFT-0[m[2m | [m[32mINFO [m[2m | [m[2mQbftBesuControllerBuilder[m[2m | [m[32mProduced empty block #2,061 / 0 tx / 0 pending / 0 (0.0%) gas / (0x398b36824529fc3a8cd9d0a63151b60684a6a346c1aafa9e51442f50ef0b39d0)
[m[2m2026-05-31 17:13:53.050-0400[m[2m | [m[2mBftProcessorExecutor-QBFT-0[m[2m | [m[32mINFO [m[2m | [m[2mQbftBesuControllerBuilder[m[2m | [m[32mImported empty block #2,062 / 0 tx / 0 pending / 0 (0.0%) gas / (0xd9f7abe7c78fee38527925afbeb5095ba00f4ef6e1d5b40a184fb1333d866c78)
[m[2m2026-05-31 17:13:55.032-0400[m[2m | [m[2mBftProcessorExecutor-QBFT-0[m[2m | [m[32mINFO [m[2m | [m[2mQbftBesuControllerBuilder[m[2m | [m[32mImported empty block #2,063 / 0 tx / 0 pending / 0 (0.0%) gas / (0x2595a838bbe4605cc58fb85d877eceda134ab3b47747eb44c96084e24664aa0a)
[m[2m2026-05-31 17:13:57.021-0400[m[2m | [m[2mBftProcessorExecutor-QBFT-0[m[2m | [m[32mINFO [m[2m | [m[2mQbftBesuControllerBuilder[m[2m | [m[32mImported empty block #2,064 / 0 tx / 0 pending / 0 (0.0%) gas / (0x6541f49b0fce4b99b24c751d2bee1a802900d59b4722e08138a492d8eaac972c)
[m[2m2026-05-31 17:13:57.023-0400[m[2m | [m[2mEthScheduler-Workers-229[m[2m | [m[32mINFO [m[2m | [m[2mPersistBlockTask[m[2m | [m[32mBlock 2064 (0x6541f49b0fce4b99b24c751d2bee1a802900d59b4722e08138a492d8eaac972c) is already imported
[m[2m2026-05-31 17:13:59.029-0400[m[2m | [m[2mBftProcessorExecutor-QBFT-0[m[2m | [m[32mINFO [m[2m | [m[2mQbftBesuControllerBuilder[m[2m | [m[32mProduced empty block #2,065 / 0 tx / 0 pending / 0 (0.0%) gas / (0x1dc9b74166d18d241203fddef060d354aea54c04ce589aed11fdbb6f0c0a879a)
[m[2m2026-05-31 17:14:01.030-0400[m[2m | [m[2mBftProcessorExecutor-QBFT-0[m[2m | [m[32mINFO [m[2m | [m[2mQbftBesuControllerBuilder[m[2m | [m[32mImported empty block #2,066 / 0 tx / 0 pending / 0 (0.0%) gas / (0x098a44e48ed811f2c200dba1c1fa43d7a12c8b74e830126ae6720b847ca85f2d)
[m[2m2026-05-31 17:14:03.026-0400[m[2m | [m[2mBftProcessorExecutor-QBFT-0[m[2m | [m[32mINFO [m[2m | [m[2mQbftBesuControllerBuilder[m[2m | [m[32mImported empty block #2,067 / 0 tx / 0 pending / 0 (0.0%) gas / (0xc91bb85a98b9b61891662d914bf9e8faed76e9fca444875c2ddf78db22fbe69e)
[m[2m2026-05-31 17:14:05.026-0400[m[2m | [m[2mBftProcessorExecutor-QBFT-0[m[2m | [m[32mINFO [m[2m | [m[2mQbftBesuControllerBuilder[m[2m | [m[32mImported empty block #2,068 / 0 tx / 0 pending / 0 (0.0%) gas / (0xa8d70c2e5089ff0782d3305db1f216f79665e741f042344804c38e91ca20a484)
[m[2m2026-05-31 17:14:07.030-0400[m[2m | [m[2mBftProcessorExecutor-QBFT-0[m[2m | [m[32mINFO [m[2m | [m[2mQbftBesuControllerBuilder[m[2m | [m[32mProduced empty block #2,069 / 0 tx / 0 pending / 0 (0.0%) gas / (0xc79f0c36901164c67454507fdf47394587c3954c11c98f60a2316e4343e18c62)
[m[2m2026-05-31 17:14:07.033-0400[m[2m | [m[2mEthScheduler-Workers-231[m[2m | [m[32mINFO [m[2m | [m[2mPersistBlockTask[m[2m | [m[32mBlock 2069 (0xc79f0c36901164c67454507fdf47394587c3954c11c98f60a2316e4343e18c62) is already imported
[m[2m2026-05-31 17:14:09.019-0400[m[2m | [m[2mEthScheduler-Workers-233[m[2m | [m[32mINFO [m[2m | [m[2mPersistBlockTask[m[2m | [m[32mBlock 2070 (0x65dfc95cb19c968e40fd12b9ba44d6e243e11d646366b7845eaaf1758135d1d2) is already imported
[m[2m2026-05-31 17:14:09.019-0400[m[2m | [m[2mBftProcessorExecutor-QBFT-0[m[2m | [m[32mINFO [m[2m | [m[2mQbftBesuControllerBuilder[m[2m | [m[32mImported empty block #2,070 / 0 tx / 0 pending / 0 (0.0%) gas / (0x65dfc95cb19c968e40fd12b9ba44d6e243e11d646366b7845eaaf1758135d1d2)
[m[2m2026-05-31 17:14:11.015-0400[m[2m | [m[2mBftProcessorExecutor-QBFT-0[m[2m | [m[32mINFO [m[2m | [m[2mQbftBesuControllerBuilder[m[2m | [m[32mImported empty block #2,071 / 0 tx / 0 pending / 0 (0.0%) gas / (0x2b012efb7bc7191c4fa89bf115e8a965323d712c874845f0d2fbef8a2ea79c65)
[m[2m2026-05-31 17:14:13.008-0400[m[2m | [m[2mBftProcessorExecutor-QBFT-0[m[2m | [m[32mINFO [m[2m | [m[2mQbftBesuControllerBuilder[m[2m | [m[32mImported empty block #2,072 / 0 tx / 0 pending / 0 (0.0%) gas / (0xf18af86285a6ff6ba74816729e7c135916574db601d5c998e3d358b60d90bec3)
[m[2m2026-05-31 17:14:15.009-0400[m[2m | [m[2mBftProcessorExecutor-QBFT-0[m[2m | [m[32mINFO [m[2m | [m[2mQbftBesuControllerBuilder[m[2m | [m[32mProduced empty block #2,073 / 0 tx / 0 pending / 0 (0.0%) gas / (0x435a9d2849eef6855d073bdc8c734e6dfa6940c495b40169ad29dc6d70600872)
[m[2m2026-05-31 17:14:17.010-0400[m[2m | [m[2mBftProcessorExecutor-QBFT-0[m[2m | [m[32mINFO [m[2m | [m[2mQbftBesuControllerBuilder[m[2m | [m[32mImported empty block #2,074 / 0 tx / 0 pending / 0 (0.0%) gas / (0x3364b69de2584e64fe10e40f7d0594d906fc9b06b4744d518ff4efb2664a5fd0)
[m[2m2026-05-31 17:14:19.012-0400[m[2m | [m[2mBftProcessorExecutor-QBFT-0[m[2m | [m[32mINFO [m[2m | [m[2mQbftBesuControllerBuilder[m[2m | [m[32mImported empty block #2,075 / 0 tx / 0 pending / 0 (0.0%) gas / (0x4c41d499059f93910203478525d7dbc2194e013f339f8fb2b878394cbb5ac39e)
[m[2m2026-05-31 17:14:21.005-0400[m[2m | [m[2mBftProcessorExecutor-QBFT-0[m[2m | [m[32mINFO [m[2m | [m[2mQbftBesuControllerBuilder[m[2m | [m[32mImported empty block #2,076 / 0 tx / 0 pending / 0 (0.0%) gas / (0x2f6170f82251c86fabc618f6163c47d087bdc067880b915187307765dfb826d7)
[m[2m2026-05-31 17:14:23.009-0400[m[2m | [m[2mBftProcessorExecutor-QBFT-0[m[2m | [m[32mINFO [m[2m | [m[2mQbftBesuControllerBuilder[m[2m | [m[32mProduced empty block #2,077 / 0 tx / 0 pending / 0 (0.0%) gas / (0x89b8389dfe6c556d779600265dd0f6db168f79dfacf06a1101dc08ae6c67b330)
[m[2m2026-05-31 17:14:25.010-0400[m[2m | [m[2mBftProcessorExecutor-QBFT-0[m[2m | [m[32mINFO [m[2m | [m[2mQbftBesuControllerBuilder[m[2m | [m[32mImported empty block #2,078 / 0 tx / 0 pending / 0 (0.0%) gas / (0xe6d4427417ed39f29dd40c837c05c25a6ed87dc19e21672600e94102c7c7d949)
[m[2m2026-05-31 17:14:27.010-0400[m[2m | [m[2mBftProcessorExecutor-QBFT-0[m[2m | [m[32mINFO [m[2m | [m[2mQbftBesuControllerBuilder[m[2m | [m[32mImported empty block #2,079 / 0 tx / 0 pending / 0 (0.0%) gas / (0xd57e33bf2b6323baf7fe4a52297faaed83c31b9a4adfdd2c4e178bb533831c7c)
[m[2m2026-05-31 17:14:29.016-0400[m[2m | [m[2mBftProcessorExecutor-QBFT-0[m[2m | [m[32mINFO [m[2m | [m[2mQbftBesuControllerBuilder[m[2m | [m[32mImported empty block #2,080 / 0 tx / 0 pending / 0 (0.0%) gas / (0x2d5d435066dcf5f1fe5f66c486e223c55b7cd5440640ac74e95f8ed3fab8660d)
[m[2m2026-05-31 17:14:31.018-0400[m[2m | [m[2mBftProcessorExecutor-QBFT-0[m[2m | [m[32mINFO [m[2m | [m[2mQbftBesuControllerBuilder[m[2m | [m[32mProduced empty block #2,081 / 0 tx / 0 pending / 0 (0.0%) gas / (0xda2fb65914ce9f1f3b9f070d6e0e3e8aa2347d1610575760a912ab38fbf254df)
[m[2m2026-05-31 17:14:33.013-0400[m[2m | [m[2mBftProcessorExecutor-QBFT-0[m[2m | [m[32mINFO [m[2m | [m[2mQbftBesuControllerBuilder[m[2m | [m[32mImported empty block #2,082 / 0 tx / 0 pending / 0 (0.0%) gas / (0xe19a47cd9e357ffd0887115eebf2c92832bafe90d333f145e3bc5e2a49817d54)
[m[2m2026-05-31 17:14:35.026-0400[m[2m | [m[2mEthScheduler-Workers-228[m[2m | [m[32mINFO [m[2m | [m[2mPersistBlockTask[m[2m | [m[32mBlock 2083 (0x254f13a92d8490b49d9280a08290301aa9ab8c92ef4c42a5513dfc90d1a57805) is already imported
[m[2m2026-05-31 17:14:35.026-0400[m[2m | [m[2mBftProcessorExecutor-QBFT-0[m[2m | [m[32mINFO [m[2m | [m[2mQbftBesuControllerBuilder[m[2m | [m[32mImported empty block #2,083 / 0 tx / 0 pending / 0 (0.0%) gas / (0x254f13a92d8490b49d9280a08290301aa9ab8c92ef4c42a5513dfc90d1a57805)
[m[2m2026-05-31 17:14:37.025-0400[m[2m | [m[2mBftProcessorExecutor-QBFT-0[m[2m | [m[32mINFO [m[2m | [m[2mQbftBesuControllerBuilder[m[2m | [m[32mImported empty block #2,084 / 0 tx / 0 pending / 0 (0.0%) gas / (0x2eed9ca6a8a386885bfdb80d90655f19237ccf8c64624dc9ad01581e41545c48)
[m[2m2026-05-31 17:14:39.024-0400[m[2m | [m[2mBftProcessorExecutor-QBFT-0[m[2m | [m[32mINFO [m[2m | [m[2mQbftBesuControllerBuilder[m[2m | [m[32mProduced empty block #2,085 / 0 tx / 0 pending / 0 (0.0%) gas / (0x9a8160791f3ed0b136776fa052ec885bbe8863bdc0f9100fac7449d61043dfc0)
[m[2m2026-05-31 17:14:41.028-0400[m[2m | [m[2mBftProcessorExecutor-QBFT-0[m[2m | [m[32mINFO [m[2m | [m[2mQbftBesuControllerBuilder[m[2m | [m[32mImported empty block #2,086 / 0 tx / 0 pending / 0 (0.0%) gas / (0x4b4cabf0591ae03f8ab354678f1eec16174ea4fc546e1f7316abf7457a257b80)
[m[2m2026-05-31 17:14:43.032-0400[m[2m | [m[2mBftProcessorExecutor-QBFT-0[m[2m | [m[32mINFO [m[2m | [m[2mQbftBesuControllerBuilder[m[2m | [m[32mImported empty block #2,087 / 0 tx / 0 pending / 0 (0.0%) gas / (0x2518e9d98bf4bf518673f4ee3f525e7988b199e309e454ff78d8d6bf7990f5f8)
[m[2m2026-05-31 17:14:45.022-0400[m[2m | [m[2mBftProcessorExecutor-QBFT-0[m[2m | [m[32mINFO [m[2m | [m[2mQbftBesuControllerBuilder[m[2m | [m[32mImported empty block #2,088 / 0 tx / 0 pending / 0 (0.0%) gas / (0xdf1f9f8076af59c37b06ffed6d1dcd8e593172fa421e48675673824962a22208)
[m[2m2026-05-31 17:14:47.025-0400[m[2m | [m[2mBftProcessorExecutor-QBFT-0[m[2m | [m[32mINFO [m[2m | [m[2mQbftBesuControllerBuilder[m[2m | [m[32mProduced empty block #2,089 / 0 tx / 0 pending / 0 (0.0%) gas / (0xdad680348f936d7a73e62cbb82ade9a9fa65f2454aecdfbfe23908a2c226cc74)
[m[2m2026-05-31 17:14:49.023-0400[m[2m | [m[2mBftProcessorExecutor-QBFT-0[m[2m | [m[32mINFO [m[2m | [m[2mQbftBesuControllerBuilder[m[2m | [m[32mImported empty block #2,090 / 0 tx / 0 pending / 0 (0.0%) gas / (0x6a90a01e47bc5f3994c8d0d5395dc0f49698e31939153925b7f4b7940ff866bf)
[m[2m2026-05-31 17:14:49.023-0400[m[2m | [m[2mEthScheduler-Workers-230[m[2m | [m[32mINFO [m[2m | [m[2mPersistBlockTask[m[2m | [m[32mBlock 2090 (0x6a90a01e47bc5f3994c8d0d5395dc0f49698e31939153925b7f4b7940ff866bf) is already imported
[m[2m2026-05-31 17:14:51.028-0400[m[2m | [m[2mBftProcessorExecutor-QBFT-0[m[2m | [m[32mINFO [m[2m | [m[2mQbftBesuControllerBuilder[m[2m | [m[32mImported empty block #2,091 / 0 tx / 0 pending / 0 (0.0%) gas / (0xe3525a3b4dcca06e56b86610510127392621ff234eb3a567e0db5b5651197be0)
[m[2m2026-05-31 17:14:53.031-0400[m[2m | [m[2mEthScheduler-Workers-232[m[2m | [m[32mINFO [m[2m | [m[2mPersistBlockTask[m[2m | [m[32mImported empty block #2,092 / 0 tx / 0 om / 0 (0.0%) gas / (0x3503dd365c833b61f07dad0210247873f8445babeeecba0f1bf8e9d293094c84) in 0.000s. Peers: 3
[m[2m2026-05-31 17:14:55.026-0400[m[2m | [m[2mBftProcessorExecutor-QBFT-0[m[2m | [m[32mINFO [m[2m | [m[2mQbftBesuControllerBuilder[m[2m | [m[32mProduced empty block #2,093 / 0 tx / 0 pending / 0 (0.0%) gas / (0x8d65ba9f82dfc0717a89b0232661419e9007b2f0cfd9e1cc264eed57d421f365)
[m[2m2026-05-31 17:14:57.030-0400[m[2m | [m[2mBftProcessorExecutor-QBFT-0[m[2m | [m[32mINFO [m[2m | [m[2mQbftBesuControllerBuilder[m[2m | [m[32mImported empty block #2,094 / 0 tx / 0 pending / 0 (0.0%) gas / (0x2f9621a41f120110ce86964d42a86777ea298bcb1a16036283fcbc9b21ddbc8c)
[m[2m2026-05-31 17:14:57.030-0400[m[2m | [m[2mEthScheduler-Workers-234[m[2m | [m[32mINFO [m[2m | [m[2mPersistBlockTask[m[2m | [m[32mBlock 2094 (0x2f9621a41f120110ce86964d42a86777ea298bcb1a16036283fcbc9b21ddbc8c) is already imported
[m[2m2026-05-31 17:14:59.027-0400[m[2m | [m[2mBftProcessorExecutor-QBFT-0[m[2m | [m[32mINFO [m[2m | [m[2mQbftBesuControllerBuilder[m[2m | [m[32mImported empty block #2,095 / 0 tx / 0 pending / 0 (0.0%) gas / (0x71f31147b39f9d8d48c8e00fed6605c6f808a0fc73293d577cce35be16ad3d3c)
[m[2m2026-05-31 17:15:01.027-0400[m[2m | [m[2mBftProcessorExecutor-QBFT-0[m[2m | [m[32mINFO [m[2m | [m[2mQbftBesuControllerBuilder[m[2m | [m[32mImported empty block #2,096 / 0 tx / 0 pending / 0 (0.0%) gas / (0xc562fafcbbe8494a43be8e24482e632b980913d3cd2934d5c46aae6286598e9d)
[m[2m2026-05-31 17:15:03.023-0400[m[2m | [m[2mBftProcessorExecutor-QBFT-0[m[2m | [m[32mINFO [m[2m | [m[2mQbftBesuControllerBuilder[m[2m | [m[32mProduced empty block #2,097 / 0 tx / 0 pending / 0 (0.0%) gas / (0xa244e90eaf897ec67277619c0c72233f061a631136cf5c328976ca37ac0a5e28)
[m[2m2026-05-31 17:15:05.019-0400[m[2m | [m[2mBftProcessorExecutor-QBFT-0[m[2m | [m[32mINFO [m[2m | [m[2mQbftBesuControllerBuilder[m[2m | [m[32mImported empty block #2,098 / 0 tx / 0 pending / 0 (0.0%) gas / (0x417ae48c31a8a5adf8a6decbd258efa283aa9966d7ed383b6a90935dcb6a55fe)
[m[2m2026-05-31 17:15:07.022-0400[m[2m | [m[2mBftProcessorExecutor-QBFT-0[m[2m | [m[32mINFO [m[2m | [m[2mQbftBesuControllerBuilder[m[2m | [m[32mImported empty block #2,099 / 0 tx / 0 pending / 0 (0.0%) gas / (0xdd0deaf4d9c32bf4478a5ad9c6ec622df42733b719cdb3417b2092c0e92b2218)
[m[2m2026-05-31 17:15:09.053-0400[m[2m | [m[2mBftProcessorExecutor-QBFT-0[m[2m | [m[32mINFO [m[2m | [m[2mQbftBesuControllerBuilder[m[2m | [m[32mImported empty block #2,100 / 0 tx / 0 pending / 0 (0.0%) gas / (0x0d2de8a9a865e62912af73a68f551b9cd04618c027cbb973687844532c7cb69c)
[m[2m2026-05-31 17:15:11.065-0400[m[2m | [m[2mBftProcessorExecutor-QBFT-0[m[2m | [m[32mINFO [m[2m | [m[2mQbftBesuControllerBuilder[m[2m | [m[32mProduced empty block #2,101 / 0 tx / 0 pending / 0 (0.0%) gas / (0x6c2a2e763786586c82259b924a7b695e2cb4ab10659ac977e0b31fc8f83f491f)
[m[2m2026-05-31 17:15:13.073-0400[m[2m | [m[2mBftProcessorExecutor-QBFT-0[m[2m | [m[32mINFO [m[2m | [m[2mQbftBesuControllerBuilder[m[2m | [m[32mImported empty block #2,102 / 0 tx / 0 pending / 0 (0.0%) gas / (0x722a4aeff17184248314dc94a3e626da8a8bf85a47821baacb0538f6cb98a9b9)
[m[2m2026-05-31 17:15:15.033-0400[m[2m | [m[2mBftProcessorExecutor-QBFT-0[m[2m | [m[32mINFO [m[2m | [m[2mQbftBesuControllerBuilder[m[2m | [m[32mImported empty block #2,103 / 0 tx / 0 pending / 0 (0.0%) gas / (0xb900b4c841e914eadfb0c4f017b5d3f9729e72a0640ed3229f6b057bfb6700ec)
[m[2m2026-05-31 17:15:17.033-0400[m[2m | [m[2mBftProcessorExecutor-QBFT-0[m[2m | [m[32mINFO [m[2m | [m[2mQbftBesuControllerBuilder[m[2m | [m[32mImported empty block #2,104 / 0 tx / 0 pending / 0 (0.0%) gas / (0xfddf9abd10244af9e32d714f2ebc6789be492b5227fdfc2c42d7046b3fecc505)
[m[2m2026-05-31 17:15:19.022-0400[m[2m | [m[2mBftProcessorExecutor-QBFT-0[m[2m | [m[32mINFO [m[2m | [m[2mQbftBesuControllerBuilder[m[2m | [m[32mProduced empty block #2,105 / 0 tx / 0 pending / 0 (0.0%) gas / (0x86baeb400a010df1cbaa5d699c6888dace77f8bbddd58ce34b9dbd4b38da7a32)
[m[2m2026-05-31 17:15:21.039-0400[m[2m | [m[2mBftProcessorExecutor-QBFT-0[m[2m | [m[32mINFO [m[2m | [m[2mQbftBesuControllerBuilder[m[2m | [m[32mImported empty block #2,106 / 0 tx / 0 pending / 0 (0.0%) gas / (0x8122540c3f525690fedd42cd2942a8769e59751d55b1e993c763dd65777ac5e0)
[m[2m2026-05-31 17:15:23.031-0400[m[2m | [m[2mBftProcessorExecutor-QBFT-0[m[2m | [m[32mINFO [m[2m | [m[2mQbftBesuControllerBuilder[m[2m | [m[32mImported empty block #2,107 / 0 tx / 0 pending / 0 (0.0%) gas / (0xa866466d8b2357099c43203724d1040672663a36a732eff91d533bfc25a0e094)
[m[2m2026-05-31 17:15:25.043-0400[m[2m | [m[2mBftProcessorExecutor-QBFT-0[m[2m | [m[32mINFO [m[2m | [m[2mQbftBesuControllerBuilder[m[2m | [m[32mImported empty block #2,108 / 0 tx / 0 pending / 0 (0.0%) gas / (0xb78ed305fe9083055bdbe18939644762a1e1cd59a11473c715065f6538035a5e)
[m[2m2026-05-31 17:15:25.043-0400[m[2m | [m[2mEthScheduler-Workers-227[m[2m | [m[32mINFO [m[2m | [m[2mPersistBlockTask[m[2m | [m[32mBlock 2108 (0xb78ed305fe9083055bdbe18939644762a1e1cd59a11473c715065f6538035a5e) is already imported
[m[2m2026-05-31 17:15:27.524-0400[m[2m | [m[2mBftProcessorExecutor-QBFT-0[m[2m | [m[32mINFO [m[2m | [m[2mQbftBesuControllerBuilder[m[2m | [m[32mProduced empty block #2,109 / 0 tx / 0 pending / 0 (0.0%) gas / (0x4c5c279999ab5a1fef50b0e0d99225926e4ff2c7a8b192c519100917440099f1)
[m[2m2026-05-31 17:15:29.023-0400[m[2m | [m[2mBftProcessorExecutor-QBFT-0[m[2m | [m[32mINFO [m[2m | [m[2mQbftBesuControllerBuilder[m[2m | [m[32mImported empty block #2,110 / 0 tx / 0 pending / 0 (0.0%) gas / (0x06330442acd758b7ba9ff019e06efeee382e1878915025a466ca85b486eac457)
[m[2m2026-05-31 17:15:31.022-0400[m[2m | [m[2mBftProcessorExecutor-QBFT-0[m[2m | [m[32mINFO [m[2m | [m[2mQbftBesuControllerBuilder[m[2m | [m[32mImported empty block #2,111 / 0 tx / 0 pending / 0 (0.0%) gas / (0x372a45995d6ddae88e45e947e47f88824774691f19d7914de1bd7c334366cf6a)
[m[2m2026-05-31 17:15:33.018-0400[m[2m | [m[2mBftProcessorExecutor-QBFT-0[m[2m | [m[32mINFO [m[2m | [m[2mQbftBesuControllerBuilder[m[2m | [m[32mImported empty block #2,112 / 0 tx / 0 pending / 0 (0.0%) gas / (0x2aa491d29a7a97c57ed988ab8a284433768e9ba787c46d449bae8a8e440f00f3)
[m[2m2026-05-31 17:15:35.037-0400[m[2m | [m[2mBftProcessorExecutor-QBFT-0[m[2m | [m[32mINFO [m[2m | [m[2mQbftBesuControllerBuilder[m[2m | [m[32mProduced empty block #2,113 / 0 tx / 0 pending / 0 (0.0%) gas / (0x0576a98f13c4142d9a80e53f9000566a0271c392596892a8be5aad46212d3535)
[m[2m2026-05-31 17:15:37.011-0400[m[2m | [m[2mBftProcessorExecutor-QBFT-0[m[2m | [m[32mINFO [m[2m | [m[2mQbftBesuControllerBuilder[m[2m | [m[32mImported empty block #2,114 / 0 tx / 0 pending / 0 (0.0%) gas / (0x1e06bc38984ba902591f31735f549cd2020a48ce060e4ab2406d5941525b5832)
[m[2m2026-05-31 17:15:39.019-0400[m[2m | [m[2mBftProcessorExecutor-QBFT-0[m[2m | [m[32mINFO [m[2m | [m[2mQbftBesuControllerBuilder[m[2m | [m[32mImported empty block #2,115 / 0 tx / 0 pending / 0 (0.0%) gas / (0x9b84703eafa1e50ff3343cfa3ec90fd55d644481b985b1198cbbe06246827eeb)
[m[2m2026-05-31 17:15:41.021-0400[m[2m | [m[2mBftProcessorExecutor-QBFT-0[m[2m | [m[32mINFO [m[2m | [m[2mQbftBesuControllerBuilder[m[2m | [m[32mImported empty block #2,116 / 0 tx / 0 pending / 0 (0.0%) gas / (0x2fbf3ab456f745d4c97baca485af53e1ef3aa978915ea7feee9eb975c98b9b3d)
[m[2m2026-05-31 17:15:43.024-0400[m[2m | [m[2mBftProcessorExecutor-QBFT-0[m[2m | [m[32mINFO [m[2m | [m[2mQbftBesuControllerBuilder[m[2m | [m[32mProduced empty block #2,117 / 0 tx / 0 pending / 0 (0.0%) gas / (0x315370d9ca41aeac2840357116a720e1941e2cad11a0cb1b002571f69975a6cb)
[m[2m2026-05-31 17:15:45.121-0400[m[2m | [m[2mBftProcessorExecutor-QBFT-0[m[2m | [m[32mINFO [m[2m | [m[2mQbftBesuControllerBuilder[m[2m | [m[32mImported empty block #2,118 / 0 tx / 0 pending / 0 (0.0%) gas / (0xc111e53b9a9a641b8697363e8ffed2c9abe1678fbe1218145fa0ce15acc1c5c0)
[m[2m2026-05-31 17:15:47.043-0400[m[2m | [m[2mBftProcessorExecutor-QBFT-0[m[2m | [m[32mINFO [m[2m | [m[2mQbftBesuControllerBuilder[m[2m | [m[32mImported empty block #2,119 / 0 tx / 0 pending / 0 (0.0%) gas / (0xf238a62c615e15c76b1f4bf511c0eccc26b10e8200bbd05c092741260e235686)
[m[2m2026-05-31 17:15:49.031-0400[m[2m | [m[2mBftProcessorExecutor-QBFT-0[m[2m | [m[32mINFO [m[2m | [m[2mQbftBesuControllerBuilder[m[2m | [m[32mImported empty block #2,120 / 0 tx / 0 pending / 0 (0.0%) gas / (0xf2562aa90ea0dd641f9fda68a699ebf2f816d3e75ba99d8c282557dd612591c8)
[m[2m2026-05-31 17:15:51.034-0400[m[2m | [m[2mBftProcessorExecutor-QBFT-0[m[2m | [m[32mINFO [m[2m | [m[2mQbftBesuControllerBuilder[m[2m | [m[32mProduced empty block #2,121 / 0 tx / 0 pending / 0 (0.0%) gas / (0xdac2f31d67e4d15f52e8a91ae69a5732287e62a9682611bf3d8276faae22f9e0)
[m[2m2026-05-31 17:15:53.047-0400[m[2m | [m[2mBftProcessorExecutor-QBFT-0[m[2m | [m[32mINFO [m[2m | [m[2mQbftBesuControllerBuilder[m[2m | [m[32mImported empty block #2,122 / 0 tx / 0 pending / 0 (0.0%) gas / (0x8ebaf6856b06950323aa81c3a3f8a8c8ba3c104dc2136e677d54bfcdd4e161fe)
[m[2m2026-05-31 17:15:55.037-0400[m[2m | [m[2mBftProcessorExecutor-QBFT-0[m[2m | [m[32mINFO [m[2m | [m[2mQbftBesuControllerBuilder[m[2m | [m[32mImported empty block #2,123 / 0 tx / 0 pending / 0 (0.0%) gas / (0xe774d29ccfac8648f76c3f83844999ba706361acda45cc98c83cc37fac58b51d)
[m[2m2026-05-31 17:15:57.035-0400[m[2m | [m[2mBftProcessorExecutor-QBFT-0[m[2m | [m[32mINFO [m[2m | [m[2mQbftBesuControllerBuilder[m[2m | [m[32mImported empty block #2,124 / 0 tx / 0 pending / 0 (0.0%) gas / (0x4155aa2c58f6f00b0ebf7272f707fb96d96c352e8d7dc727467fa44023aef65f)
[m[2m2026-05-31 17:15:59.031-0400[m[2m | [m[2mBftProcessorExecutor-QBFT-0[m[2m | [m[32mINFO [m[2m | [m[2mQbftBesuControllerBuilder[m[2m | [m[32mProduced empty block #2,125 / 0 tx / 0 pending / 0 (0.0%) gas / (0x5a607704cf80ec2a5d67546925f33b6ba28b0b408e9ec61bc7906b012a10176f)
[m[2m2026-05-31 17:16:01.070-0400[m[2m | [m[2mBftProcessorExecutor-QBFT-0[m[2m | [m[32mINFO [m[2m | [m[2mQbftBesuControllerBuilder[m[2m | [m[32mImported empty block #2,126 / 0 tx / 0 pending / 0 (0.0%) gas / (0x408de42d5092c72537330ea51bf245782a106231ad1df9d291c59e9232dac040)
[m[2m2026-05-31 17:16:01.077-0400[m[2m | [m[2mEthScheduler-Workers-235[m[2m | [m[32mINFO [m[2m | [m[2mPersistBlockTask[m[2m | [m[32mBlock 2126 (0x408de42d5092c72537330ea51bf245782a106231ad1df9d291c59e9232dac040) is already imported
[m[2m2026-05-31 17:16:03.036-0400[m[2m | [m[2mBftProcessorExecutor-QBFT-0[m[2m | [m[32mINFO [m[2m | [m[2mQbftBesuControllerBuilder[m[2m | [m[32mImported empty block #2,127 / 0 tx / 0 pending / 0 (0.0%) gas / (0x75e7104dbf4447c0b8d3a81c7a3824bf7c5cf25afe585e7d89a0b3f208b899dd)
[m[2m2026-05-31 17:16:05.030-0400[m[2m | [m[2mBftProcessorExecutor-QBFT-0[m[2m | [m[32mINFO [m[2m | [m[2mQbftBesuControllerBuilder[m[2m | [m[32mImported empty block #2,128 / 0 tx / 0 pending / 0 (0.0%) gas / (0x684e1afb91632264d54736102d9698dd45267a40f55002df8fdcf0e5dbe100c5)
[m[2m2026-05-31 17:16:05.030-0400[m[2m | [m[2mEthScheduler-Workers-237[m[2m | [m[32mINFO [m[2m | [m[2mPersistBlockTask[m[2m | [m[32mBlock 2128 (0x684e1afb91632264d54736102d9698dd45267a40f55002df8fdcf0e5dbe100c5) is already imported
[m[2m2026-05-31 17:16:07.014-0400[m[2m | [m[2mBftProcessorExecutor-QBFT-0[m[2m | [m[32mINFO [m[2m | [m[2mQbftBesuControllerBuilder[m[2m | [m[32mProduced empty block #2,129 / 0 tx / 0 pending / 0 (0.0%) gas / (0x65a292f8c66a53116d7f0412bbf73729771fe790f587e80931243b4890d8f16d)
[m[2m2026-05-31 17:16:09.014-0400[m[2m | [m[2mBftProcessorExecutor-QBFT-0[m[2m | [m[32mINFO [m[2m | [m[2mQbftBesuControllerBuilder[m[2m | [m[32mImported empty block #2,130 / 0 tx / 0 pending / 0 (0.0%) gas / (0xf0ee79aa6f6aa6c3082b1e30a4467b9c78601b316d6dd17c1faae7d11a58b7fd)
[m[2m2026-05-31 17:16:11.017-0400[m[2m | [m[2mBftProcessorExecutor-QBFT-0[m[2m | [m[32mINFO [m[2m | [m[2mQbftBesuControllerBuilder[m[2m | [m[32mImported empty block #2,131 / 0 tx / 0 pending / 0 (0.0%) gas / (0x026f49128a9e298d04cd03b38a4c6e33bb99426a83612429bb164518a2013ac4)
[m[2m2026-05-31 17:16:11.018-0400[m[2m | [m[2mEthScheduler-Workers-239[m[2m | [m[32mINFO [m[2m | [m[2mPersistBlockTask[m[2m | [m[32mBlock 2131 (0x026f49128a9e298d04cd03b38a4c6e33bb99426a83612429bb164518a2013ac4) is already imported
[m[2m2026-05-31 17:16:13.014-0400[m[2m | [m[2mBftProcessorExecutor-QBFT-0[m[2m | [m[32mINFO [m[2m | [m[2mQbftBesuControllerBuilder[m[2m | [m[32mImported empty block #2,132 / 0 tx / 0 pending / 0 (0.0%) gas / (0x1d0fda93d9d9381d2e5b26279824f5fbc5113e14779ca57a4748da67b00da81d)
[m[2m2026-05-31 17:16:15.014-0400[m[2m | [m[2mBftProcessorExecutor-QBFT-0[m[2m | [m[32mINFO [m[2m | [m[2mQbftBesuControllerBuilder[m[2m | [m[32mProduced empty block #2,133 / 0 tx / 0 pending / 0 (0.0%) gas / (0x4757c567da2c100e32665bbe7bad4929db9b72da4da28c03d1f6791cb3f296ed)
[m[2m2026-05-31 17:16:17.012-0400[m[2m | [m[2mBftProcessorExecutor-QBFT-0[m[2m | [m[32mINFO [m[2m | [m[2mQbftBesuControllerBuilder[m[2m | [m[32mImported empty block #2,134 / 0 tx / 0 pending / 0 (0.0%) gas / (0x35fcdac7c236d11a0462667fad8f1b139c22f2490cf58c1e13823cd04535bfd0)
[m[2m2026-05-31 17:16:19.016-0400[m[2m | [m[2mBftProcessorExecutor-QBFT-0[m[2m | [m[32mINFO [m[2m | [m[2mQbftBesuControllerBuilder[m[2m | [m[32mImported empty block #2,135 / 0 tx / 0 pending / 0 (0.0%) gas / (0xc828ba5bf49eb09ba6ba0b9f370961586802deff2220c8d70ade79ef3e29fd25)
[m[2m2026-05-31 17:16:21.010-0400[m[2m | [m[2mBftProcessorExecutor-QBFT-0[m[2m | [m[32mINFO [m[2m | [m[2mQbftBesuControllerBuilder[m[2m | [m[32mImported empty block #2,136 / 0 tx / 0 pending / 0 (0.0%) gas / (0xf857ab9fa6f2c1d94b97a7eb9daa036dfa6d226308a1c7bd73e3675f7d73cb9e)
[m[2m2026-05-31 17:16:23.022-0400[m[2m | [m[2mBftProcessorExecutor-QBFT-0[m[2m | [m[32mINFO [m[2m | [m[2mQbftBesuControllerBuilder[m[2m | [m[32mProduced empty block #2,137 / 0 tx / 0 pending / 0 (0.0%) gas / (0x5b46c9088dccb3d912171570d656c4fed2878f733aeef51be66dc079a16e4258)
[m[2m2026-05-31 17:16:25.008-0400[m[2m | [m[2mBftProcessorExecutor-QBFT-0[m[2m | [m[32mINFO [m[2m | [m[2mQbftBesuControllerBuilder[m[2m | [m[32mImported empty block #2,138 / 0 tx / 0 pending / 0 (0.0%) gas / (0x2f9f61f4bc2c00a5d0d2b39170fbae73bcc7e75ce4111a28a6f5127ff1cf864f)
[m[2m2026-05-31 17:16:27.019-0400[m[2m | [m[2mBftProcessorExecutor-QBFT-0[m[2m | [m[32mINFO [m[2m | [m[2mQbftBesuControllerBuilder[m[2m | [m[32mImported empty block #2,139 / 0 tx / 0 pending / 0 (0.0%) gas / (0xb99ed972dfeb3aedc5bd33704312e235a3a68455d1767d8c8814db938c5c0434)
[m[2m2026-05-31 17:16:29.013-0400[m[2m | [m[2mBftProcessorExecutor-QBFT-0[m[2m | [m[32mINFO [m[2m | [m[2mQbftBesuControllerBuilder[m[2m | [m[32mImported empty block #2,140 / 0 tx / 0 pending / 0 (0.0%) gas / (0xb20068b22e5e2481ecb62d45ac34fbcb0da526735a6c66319610382bd8015d1c)
[m[2m2026-05-31 17:16:31.014-0400[m[2m | [m[2mBftProcessorExecutor-QBFT-0[m[2m | [m[32mINFO [m[2m | [m[2mQbftBesuControllerBuilder[m[2m | [m[32mProduced empty block #2,141 / 0 tx / 0 pending / 0 (0.0%) gas / (0xccbacc05d3f0966b0ffedf99ea70ccd21aca7a25cee72fdf1923cefb3dfafca0)
[m[2m2026-05-31 17:16:33.016-0400[m[2m | [m[2mBftProcessorExecutor-QBFT-0[m[2m | [m[32mINFO [m[2m | [m[2mQbftBesuControllerBuilder[m[2m | [m[32mImported empty block #2,142 / 0 tx / 0 pending / 0 (0.0%) gas / (0x15fb1bb0994f9e6ee12dc6d4341232db64f62444c41ffb20050540fc7ba3aa00)
[m[2m2026-05-31 17:16:35.015-0400[m[2m | [m[2mBftProcessorExecutor-QBFT-0[m[2m | [m[32mINFO [m[2m | [m[2mQbftBesuControllerBuilder[m[2m | [m[32mImported empty block #2,143 / 0 tx / 0 pending / 0 (0.0%) gas / (0x98ab9bc16073df774fcbdeb7416c434290ca74c20e4ab642a8b4a9ddffe52976)
[m[2m2026-05-31 17:16:37.011-0400[m[2m | [m[2mBftProcessorExecutor-QBFT-0[m[2m | [m[32mINFO [m[2m | [m[2mQbftBesuControllerBuilder[m[2m | [m[32mImported empty block #2,144 / 0 tx / 0 pending / 0 (0.0%) gas / (0x07c9f9c63c9ac2a97e9896b865b3f5e0e88f117add0ee1f926b4b7c33d772ecd)
[m[2m2026-05-31 17:16:39.022-0400[m[2m | [m[2mBftProcessorExecutor-QBFT-0[m[2m | [m[32mINFO [m[2m | [m[2mQbftBesuControllerBuilder[m[2m | [m[32mProduced empty block #2,145 / 0 tx / 0 pending / 0 (0.0%) gas / (0xf991e3607576b0dc8b62594c5cbf2abbc07f7e4a94a53f8c629aa75fdde350bf)
[m[2m2026-05-31 17:16:41.020-0400[m[2m | [m[2mBftProcessorExecutor-QBFT-0[m[2m | [m[32mINFO [m[2m | [m[2mQbftBesuControllerBuilder[m[2m | [m[32mImported empty block #2,146 / 0 tx / 0 pending / 0 (0.0%) gas / (0xfa1c27339d3195393bee9526ef7df175bdbf9dac9360bc91015f494c3a2f9212)
[m[2m2026-05-31 17:16:43.022-0400[m[2m | [m[2mBftProcessorExecutor-QBFT-0[m[2m | [m[32mINFO [m[2m | [m[2mQbftBesuControllerBuilder[m[2m | [m[32mImported empty block #2,147 / 0 tx / 0 pending / 0 (0.0%) gas / (0x69b612c8dccfcddbb8d700ec4f55cb50b5de4286d787f71c1899705c5328d148)
[m[2m2026-05-31 17:16:45.022-0400[m[2m | [m[2mBftProcessorExecutor-QBFT-0[m[2m | [m[32mINFO [m[2m | [m[2mQbftBesuControllerBuilder[m[2m | [m[32mImported empty block #2,148 / 0 tx / 0 pending / 0 (0.0%) gas / (0x3c39f77c844e1a73705b29ec9d8ea53b3bd72c999f5df4649379cb618602ee9a)
[m[2m2026-05-31 17:16:47.022-0400[m[2m | [m[2mBftProcessorExecutor-QBFT-0[m[2m | [m[32mINFO [m[2m | [m[2mQbftBesuControllerBuilder[m[2m | [m[32mProduced empty block #2,149 / 0 tx / 0 pending / 0 (0.0%) gas / (0x6afdfefa600480ca8960e0c10345969b2c65464cc6486b8d169b3d67a2526210)
[m[2m2026-05-31 17:16:49.021-0400[m[2m | [m[2mBftProcessorExecutor-QBFT-0[m[2m | [m[32mINFO [m[2m | [m[2mQbftBesuControllerBuilder[m[2m | [m[32mImported empty block #2,150 / 0 tx / 0 pending / 0 (0.0%) gas / (0x13f128d7d4ac1df161b768a1b7cb4dc5f71fb74f51f87ff256936535cddc3e82)
[m[2m2026-05-31 17:16:49.021-0400[m[2m | [m[2mEthScheduler-Workers-241[m[2m | [m[32mINFO [m[2m | [m[2mPersistBlockTask[m[2m | [m[32mBlock 2150 (0x13f128d7d4ac1df161b768a1b7cb4dc5f71fb74f51f87ff256936535cddc3e82) is already imported
[m[2m2026-05-31 17:16:51.017-0400[m[2m | [m[2mBftProcessorExecutor-QBFT-0[m[2m | [m[32mINFO [m[2m | [m[2mQbftBesuControllerBuilder[m[2m | [m[32mImported empty block #2,151 / 0 tx / 0 pending / 0 (0.0%) gas / (0x1ae3e8d6865d4841e3907cfce522bec5cde3df1031d567bb006dc7a7f66cc2b2)
[m[2m2026-05-31 17:16:53.021-0400[m[2m | [m[2mBftProcessorExecutor-QBFT-0[m[2m | [m[32mINFO [m[2m | [m[2mQbftBesuControllerBuilder[m[2m | [m[32mImported empty block #2,152 / 0 tx / 0 pending / 0 (0.0%) gas / (0xfcb1d02cbc9424a573b17b75d0d494a2ffabd7e83cc8eb3e848f17022b4fdc22)
[m[2m2026-05-31 17:16:55.027-0400[m[2m | [m[2mBftProcessorExecutor-QBFT-0[m[2m | [m[32mINFO [m[2m | [m[2mQbftBesuControllerBuilder[m[2m | [m[32mProduced empty block #2,153 / 0 tx / 0 pending / 0 (0.0%) gas / (0xf7dca6259ff6c24e1cfc995b3ff337710b6b278eaf447f118eb8c424474d47b9)
[m[2m2026-05-31 17:16:57.019-0400[m[2m | [m[2mBftProcessorExecutor-QBFT-0[m[2m | [m[32mINFO [m[2m | [m[2mQbftBesuControllerBuilder[m[2m | [m[32mImported empty block #2,154 / 0 tx / 0 pending / 0 (0.0%) gas / (0xe1a60236718d7429c91584dc264b96525230b6c6955169c69a1d49d3d6412cb1)
[m[2m2026-05-31 17:16:59.025-0400[m[2m | [m[2mBftProcessorExecutor-QBFT-0[m[2m | [m[32mINFO [m[2m | [m[2mQbftBesuControllerBuilder[m[2m | [m[32mImported empty block #2,155 / 0 tx / 0 pending / 0 (0.0%) gas / (0xbf2041e0489f15e0065f80117c5acebf34145f0d47366516fd0ae819c3afb5e6)
[m[2m2026-05-31 17:16:59.025-0400[m[2m | [m[2mEthScheduler-Workers-236[m[2m | [m[32mINFO [m[2m | [m[2mPersistBlockTask[m[2m | [m[32mBlock 2155 (0xbf2041e0489f15e0065f80117c5acebf34145f0d47366516fd0ae819c3afb5e6) is already imported
[m[2m2026-05-31 17:17:01.022-0400[m[2m | [m[2mBftProcessorExecutor-QBFT-0[m[2m | [m[32mINFO [m[2m | [m[2mQbftBesuControllerBuilder[m[2m | [m[32mImported empty block #2,156 / 0 tx / 0 pending / 0 (0.0%) gas / (0x8709ac6164afd98ae9a1418fc758852ea6666ab6bd99378966801d503fd856ab)
[m[2m2026-05-31 17:17:03.020-0400[m[2m | [m[2mBftProcessorExecutor-QBFT-0[m[2m | [m[32mINFO [m[2m | [m[2mQbftBesuControllerBuilder[m[2m | [m[32mProduced empty block #2,157 / 0 tx / 0 pending / 0 (0.0%) gas / (0x1e66aed6b95020e3ed4a00df484c4b8e568e3eafed812c9933ed3028c8f25b12)
[m[2m2026-05-31 17:17:03.020-0400[m[2m | [m[2mEthScheduler-Workers-238[m[2m | [m[32mINFO [m[2m | [m[2mPersistBlockTask[m[2m | [m[32mBlock 2157 (0x1e66aed6b95020e3ed4a00df484c4b8e568e3eafed812c9933ed3028c8f25b12) is already imported
[m[2m2026-05-31 17:17:05.015-0400[m[2m | [m[2mBftProcessorExecutor-QBFT-0[m[2m | [m[32mINFO [m[2m | [m[2mQbftBesuControllerBuilder[m[2m | [m[32mImported empty block #2,158 / 0 tx / 0 pending / 0 (0.0%) gas / (0x852214b40a53b3f5f62a511060c24611292dcaf658a93f281923b48dd23cc027)
[m[2m2026-05-31 17:17:07.020-0400[m[2m | [m[2mBftProcessorExecutor-QBFT-0[m[2m | [m[32mINFO [m[2m | [m[2mQbftBesuControllerBuilder[m[2m | [m[32mImported empty block #2,159 / 0 tx / 0 pending / 0 (0.0%) gas / (0xfbb17581e0795752f98a3577cc24db660ca90fcdea5d16f9164f3a1890391e9f)
[m[2m2026-05-31 17:17:09.017-0400[m[2m | [m[2mBftProcessorExecutor-QBFT-0[m[2m | [m[32mINFO [m[2m | [m[2mQbftBesuControllerBuilder[m[2m | [m[32mImported empty block #2,160 / 0 tx / 0 pending / 0 (0.0%) gas / (0x3fb4937ba9d8175c5c004c9c8ab9905de9aaeb9630d7f8e3fe20a6dde90e74fa)
[m[2m2026-05-31 17:17:11.009-0400[m[2m | [m[2mBftProcessorExecutor-QBFT-0[m[2m | [m[32mINFO [m[2m | [m[2mQbftBesuControllerBuilder[m[2m | [m[32mProduced empty block #2,161 / 0 tx / 0 pending / 0 (0.0%) gas / (0x8572091b6c7551e979e8523b7a543b25f7225ccbb1abeaeaaa6f0a804cccb1fa)
[m[2m2026-05-31 17:17:13.012-0400[m[2m | [m[2mBftProcessorExecutor-QBFT-0[m[2m | [m[32mINFO [m[2m | [m[2mQbftBesuControllerBuilder[m[2m | [m[32mImported empty block #2,162 / 0 tx / 0 pending / 0 (0.0%) gas / (0xc20fb228146c14455b21369e2652292a5f81b851451dc5e7b507e937918eed96)
[m[2m2026-05-31 17:17:15.019-0400[m[2m | [m[2mBftProcessorExecutor-QBFT-0[m[2m | [m[32mINFO [m[2m | [m[2mQbftBesuControllerBuilder[m[2m | [m[32mImported empty block #2,163 / 0 tx / 0 pending / 0 (0.0%) gas / (0xe70f72ed96565af925fc3768cd9a538076a8c3aaf4beaad46f499ac15887d90c)
[m[2m2026-05-31 17:17:17.016-0400[m[2m | [m[2mBftProcessorExecutor-QBFT-0[m[2m | [m[32mINFO [m[2m | [m[2mQbftBesuControllerBuilder[m[2m | [m[32mImported empty block #2,164 / 0 tx / 0 pending / 0 (0.0%) gas / (0x8d949e61781e5e4a52118e89572f20b1d41efdd4bff4aa2910478072188ec2eb)
[m[2m2026-05-31 17:17:17.017-0400[m[2m | [m[2mEthScheduler-Workers-243[m[2m | [m[32mINFO [m[2m | [m[2mPersistBlockTask[m[2m | [m[32mBlock 2164 (0x8d949e61781e5e4a52118e89572f20b1d41efdd4bff4aa2910478072188ec2eb) is already imported
[m[2m2026-05-31 17:17:19.020-0400[m[2m | [m[2mBftProcessorExecutor-QBFT-0[m[2m | [m[32mINFO [m[2m | [m[2mQbftBesuControllerBuilder[m[2m | [m[32mProduced empty block #2,165 / 0 tx / 0 pending / 0 (0.0%) gas / (0xbcc5fa2327d3a33e23061f202f3e52ee3a11389610607a347d666638e49e767f)
[m[2m2026-05-31 17:17:21.041-0400[m[2m | [m[2mBftProcessorExecutor-QBFT-0[m[2m | [m[32mINFO [m[2m | [m[2mQbftBesuControllerBuilder[m[2m | [m[32mImported empty block #2,166 / 0 tx / 0 pending / 0 (0.0%) gas / (0x027d0c743bca451b6259394c8977cfbf06b47bdb5096c20e59b3253238db4feb)
[m[2m2026-05-31 17:17:23.028-0400[m[2m | [m[2mBftProcessorExecutor-QBFT-0[m[2m | [m[32mINFO [m[2m | [m[2mQbftBesuControllerBuilder[m[2m | [m[32mImported empty block #2,167 / 0 tx / 0 pending / 0 (0.0%) gas / (0x4ede431868bba0f12ce4f43a8d9d10e841aea7ee16ac47094ecd958c401d02cb)
[m[2m2026-05-31 17:17:25.031-0400[m[2m | [m[2mBftProcessorExecutor-QBFT-0[m[2m | [m[32mINFO [m[2m | [m[2mQbftBesuControllerBuilder[m[2m | [m[32mImported empty block #2,168 / 0 tx / 0 pending / 0 (0.0%) gas / (0xce81b86b9bf70683a9a3a77b616c0699e5f36f9f579ca15ec1eb46b1beba4937)
[m[2m2026-05-31 17:17:27.027-0400[m[2m | [m[2mBftProcessorExecutor-QBFT-0[m[2m | [m[32mINFO [m[2m | [m[2mQbftBesuControllerBuilder[m[2m | [m[32mProduced empty block #2,169 / 0 tx / 0 pending / 0 (0.0%) gas / (0x0e3013e994391fd5ae6bbed9ea97bb32859de455df0efedbc1467fb7d040e651)
[m[2m2026-05-31 17:17:29.020-0400[m[2m | [m[2mBftProcessorExecutor-QBFT-0[m[2m | [m[32mINFO [m[2m | [m[2mQbftBesuControllerBuilder[m[2m | [m[32mImported empty block #2,170 / 0 tx / 0 pending / 0 (0.0%) gas / (0x94cf777dafac27446461ea025a61bfb59c2e3ab399ab3595b8c8d61ba55ef67a)
[m[2m2026-05-31 17:17:31.023-0400[m[2m | [m[2mBftProcessorExecutor-QBFT-0[m[2m | [m[32mINFO [m[2m | [m[2mQbftBesuControllerBuilder[m[2m | [m[32mImported empty block #2,171 / 0 tx / 0 pending / 0 (0.0%) gas / (0xea90cf6f70a31e30a3973ecde95bdac219e36991091fd8b36dc90154dbdcfc1c)
[m[2m2026-05-31 17:17:33.022-0400[m[2m | [m[2mBftProcessorExecutor-QBFT-0[m[2m | [m[32mINFO [m[2m | [m[2mQbftBesuControllerBuilder[m[2m | [m[32mImported empty block #2,172 / 0 tx / 0 pending / 0 (0.0%) gas / (0x6228bdf748ab0f3fbcab5d8149d584f94905a20887aae07a9ab53469e2f01466)
[m[2m2026-05-31 17:17:35.030-0400[m[2m | [m[2mBftProcessorExecutor-QBFT-0[m[2m | [m[32mINFO [m[2m | [m[2mQbftBesuControllerBuilder[m[2m | [m[32mProduced empty block #2,173 / 0 tx / 0 pending / 0 (0.0%) gas / (0xd904e5a64ab4f0f378f44c53b02ac048e6a30a676b136db7d993a430c570cfc7)
[m[2m2026-05-31 17:17:37.032-0400[m[2m | [m[2mBftProcessorExecutor-QBFT-0[m[2m | [m[32mINFO [m[2m | [m[2mQbftBesuControllerBuilder[m[2m | [m[32mImported empty block #2,174 / 0 tx / 0 pending / 0 (0.0%) gas / (0xd823e16947b7310bf107bd501456b5d2373af93045a2d76cb180786b2bd1304e)
[m[2m2026-05-31 17:17:39.021-0400[m[2m | [m[2mBftProcessorExecutor-QBFT-0[m[2m | [m[32mINFO [m[2m | [m[2mQbftBesuControllerBuilder[m[2m | [m[32mImported empty block #2,175 / 0 tx / 0 pending / 0 (0.0%) gas / (0xec9b6c8bf939b8dbc82f129e0ece54d3654e0bc5351e8e5214699f248d11ee13)
[m[2m2026-05-31 17:17:41.013-0400[m[2m | [m[2mBftProcessorExecutor-QBFT-0[m[2m | [m[32mINFO [m[2m | [m[2mQbftBesuControllerBuilder[m[2m | [m[32mImported empty block #2,176 / 0 tx / 0 pending / 0 (0.0%) gas / (0x95abdc11b8c57ae9e66d8505a288a5787369d314f3ea54e2da42d5bae4feb81c)
[m[2m2026-05-31 17:17:43.091-0400[m[2m | [m[2mBftProcessorExecutor-QBFT-0[m[2m | [m[32mINFO [m[2m | [m[2mQbftBesuControllerBuilder[m[2m | [m[32mProduced empty block #2,177 / 0 tx / 0 pending / 0 (0.0%) gas / (0x5e16e8ce0bdfa125c0055028b21b2bfcba430a7681edf0e6f637623b0b3f890b)
[m[2m2026-05-31 17:17:45.023-0400[m[2m | [m[2mBftProcessorExecutor-QBFT-0[m[2m | [m[32mINFO [m[2m | [m[2mQbftBesuControllerBuilder[m[2m | [m[32mImported empty block #2,178 / 0 tx / 0 pending / 0 (0.0%) gas / (0xb12a19cba164a4a88fe7390910dbec3d9fc9f916f1c869e4f29048e5473dd683)
[m[2m2026-05-31 17:17:47.031-0400[m[2m | [m[2mBftProcessorExecutor-QBFT-0[m[2m | [m[32mINFO [m[2m | [m[2mQbftBesuControllerBuilder[m[2m | [m[32mImported empty block #2,179 / 0 tx / 0 pending / 0 (0.0%) gas / (0x14d161da9a9fd1d93f431c5155aadc9e5576fa882a8e84d078ddb72e6d379f26)
[m[2m2026-05-31 17:17:49.011-0400[m[2m | [m[2mBftProcessorExecutor-QBFT-0[m[2m | [m[32mINFO [m[2m | [m[2mQbftBesuControllerBuilder[m[2m | [m[32mImported empty block #2,180 / 0 tx / 0 pending / 0 (0.0%) gas / (0xc8c421136152a4022a3e431cee6c525d0e682f2c42d01f4e3abc328008d5962f)
[m[2m2026-05-31 17:17:51.023-0400[m[2m | [m[2mBftProcessorExecutor-QBFT-0[m[2m | [m[32mINFO [m[2m | [m[2mQbftBesuControllerBuilder[m[2m | [m[32mProduced empty block #2,181 / 0 tx / 0 pending / 0 (0.0%) gas / (0x9eea27dc922cae675a0ea2a486f80d759dff8c1c834cae2c1cfca31f7e5f902e)
[m[2m2026-05-31 17:17:53.017-0400[m[2m | [m[2mBftProcessorExecutor-QBFT-0[m[2m | [m[32mINFO [m[2m | [m[2mQbftBesuControllerBuilder[m[2m | [m[32mImported empty block #2,182 / 0 tx / 0 pending / 0 (0.0%) gas / (0xe7fd0a772bcfceae1968e13349ff68ead12ed60e6534a4cfbcb7431074bbc873)
[m[2m2026-05-31 17:17:55.018-0400[m[2m | [m[2mBftProcessorExecutor-QBFT-0[m[2m | [m[32mINFO [m[2m | [m[2mQbftBesuControllerBuilder[m[2m | [m[32mImported empty block #2,183 / 0 tx / 0 pending / 0 (0.0%) gas / (0x39f4667f80fb537a12782acf4a8e3d4fb08b12832788ae3f843f277fd8eeeb73)
[m[2m2026-05-31 17:17:57.013-0400[m[2m | [m[2mBftProcessorExecutor-QBFT-0[m[2m | [m[32mINFO [m[2m | [m[2mQbftBesuControllerBuilder[m[2m | [m[32mImported empty block #2,184 / 0 tx / 0 pending / 0 (0.0%) gas / (0x3ee858d45b8437d7a3b8cc5f763e2b4d09a503b60fe3ba8beca36a608cb56e5f)
[m[2m2026-05-31 17:17:59.016-0400[m[2m | [m[2mBftProcessorExecutor-QBFT-0[m[2m | [m[32mINFO [m[2m | [m[2mQbftBesuControllerBuilder[m[2m | [m[32mProduced empty block #2,185 / 0 tx / 0 pending / 0 (0.0%) gas / (0x3747a0763f6ac0f1b6160c07bf05b1fa65e171dc366ffe6bb2db1435b4aa6010)
[m[2m2026-05-31 17:18:01.017-0400[m[2m | [m[2mBftProcessorExecutor-QBFT-0[m[2m | [m[32mINFO [m[2m | [m[2mQbftBesuControllerBuilder[m[2m | [m[32mImported empty block #2,186 / 0 tx / 0 pending / 0 (0.0%) gas / (0xa8de99e0f666ba086b6f1c488018e77b3dcf3aceee9ba919b664a130ffc84c0a)
[m[2m2026-05-31 17:18:03.014-0400[m[2m | [m[2mBftProcessorExecutor-QBFT-0[m[2m | [m[32mINFO [m[2m | [m[2mQbftBesuControllerBuilder[m[2m | [m[32mImported empty block #2,187 / 0 tx / 0 pending / 0 (0.0%) gas / (0x61e08b18d98f1c1fbbcb1e42601bf991217bda2da87b605e98a2cf13f1d9cedc)
[m[2m2026-05-31 17:18:03.014-0400[m[2m | [m[2mEthScheduler-Workers-245[m[2m | [m[32mINFO [m[2m | [m[2mPersistBlockTask[m[2m | [m[32mBlock 2187 (0x61e08b18d98f1c1fbbcb1e42601bf991217bda2da87b605e98a2cf13f1d9cedc) is already imported
[m[2m2026-05-31 17:18:05.044-0400[m[2m | [m[2mBftProcessorExecutor-QBFT-0[m[2m | [m[32mINFO [m[2m | [m[2mQbftBesuControllerBuilder[m[2m | [m[32mImported empty block #2,188 / 0 tx / 0 pending / 0 (0.0%) gas / (0x50f962349a87bdfc77accebe6adb017d5c459f277e817de18cfb2a79f80cdf9e)
[m[2m2026-05-31 17:18:07.031-0400[m[2m | [m[2mBftProcessorExecutor-QBFT-0[m[2m | [m[32mINFO [m[2m | [m[2mQbftBesuControllerBuilder[m[2m | [m[32mProduced empty block #2,189 / 0 tx / 0 pending / 0 (0.0%) gas / (0x28c71a6ecc7caf8bb4dd10175d54575dd449360c736dd82462ad03c94ce03627)
[m[2m2026-05-31 17:18:07.031-0400[m[2m | [m[2mEthScheduler-Workers-247[m[2m | [m[32mINFO [m[2m | [m[2mPersistBlockTask[m[2m | [m[32mBlock 2189 (0x28c71a6ecc7caf8bb4dd10175d54575dd449360c736dd82462ad03c94ce03627) is already imported
[m[2m2026-05-31 17:18:09.035-0400[m[2m | [m[2mBftProcessorExecutor-QBFT-0[m[2m | [m[32mINFO [m[2m | [m[2mQbftBesuControllerBuilder[m[2m | [m[32mImported empty block #2,190 / 0 tx / 0 pending / 0 (0.0%) gas / (0xf46642fb3ff60387dfdb8af3cee317524849ac43b677af51245e7440c8321b90)
[m[2m2026-05-31 17:18:09.035-0400[m[2m | [m[2mEthScheduler-Workers-249[m[2m | [m[32mINFO [m[2m | [m[2mPersistBlockTask[m[2m | [m[32mBlock 2190 (0xf46642fb3ff60387dfdb8af3cee317524849ac43b677af51245e7440c8321b90) is already imported
[m[2m2026-05-31 17:18:11.014-0400[m[2m | [m[2mBftProcessorExecutor-QBFT-0[m[2m | [m[32mINFO [m[2m | [m[2mQbftBesuControllerBuilder[m[2m | [m[32mImported empty block #2,191 / 0 tx / 0 pending / 0 (0.0%) gas / (0xceacb269f33f09a2073328eda244b94daf57b5f83d0cd712a905ff62efcd0101)
[m[2m2026-05-31 17:18:13.015-0400[m[2m | [m[2mBftProcessorExecutor-QBFT-0[m[2m | [m[32mINFO [m[2m | [m[2mQbftBesuControllerBuilder[m[2m | [m[32mImported empty block #2,192 / 0 tx / 0 pending / 0 (0.0%) gas / (0x2ff06509456b0050fd4802cb90508dc073a77436dab1e733602467fd5540e9e3)
[m[2m2026-05-31 17:18:15.010-0400[m[2m | [m[2mBftProcessorExecutor-QBFT-0[m[2m | [m[32mINFO [m[2m | [m[2mQbftBesuControllerBuilder[m[2m | [m[32mProduced empty block #2,193 / 0 tx / 0 pending / 0 (0.0%) gas / (0x534bd842150929b90e18da8f3345d08d4733f891216a1b0eac56d94c1b23c4b9)
[m[2m2026-05-31 17:18:17.013-0400[m[2m | [m[2mBftProcessorExecutor-QBFT-0[m[2m | [m[32mINFO [m[2m | [m[2mQbftBesuControllerBuilder[m[2m | [m[32mImported empty block #2,194 / 0 tx / 0 pending / 0 (0.0%) gas / (0x9ede783ec3ff73f324f971ee667940028272784ced7b6146ff8aee1addd6e29a)
[m[2m2026-05-31 17:18:19.017-0400[m[2m | [m[2mBftProcessorExecutor-QBFT-0[m[2m | [m[32mINFO [m[2m | [m[2mQbftBesuControllerBuilder[m[2m | [m[32mImported empty block #2,195 / 0 tx / 0 pending / 0 (0.0%) gas / (0x2931a13c370622a095b11cb514a015cc13f0589d8888e1c2243179edd5f7b677)
[m[2m2026-05-31 17:18:21.011-0400[m[2m | [m[2mBftProcessorExecutor-QBFT-0[m[2m | [m[32mINFO [m[2m | [m[2mQbftBesuControllerBuilder[m[2m | [m[32mImported empty block #2,196 / 0 tx / 0 pending / 0 (0.0%) gas / (0x8a61bb92c4038d58be2b2e793c59adf665da9adbda42544b3456ca729c03ab16)
[m[2m2026-05-31 17:18:23.006-0400[m[2m | [m[2mBftProcessorExecutor-QBFT-0[m[2m | [m[32mINFO [m[2m | [m[2mQbftBesuControllerBuilder[m[2m | [m[32mProduced empty block #2,197 / 0 tx / 0 pending / 0 (0.0%) gas / (0x2c5336b0b55917efa4b114502603e620bcc437694d43e5f37c13d51b9c8388b4)
[m[2m2026-05-31 17:18:25.016-0400[m[2m | [m[2mBftProcessorExecutor-QBFT-0[m[2m | [m[32mINFO [m[2m | [m[2mQbftBesuControllerBuilder[m[2m | [m[32mImported empty block #2,198 / 0 tx / 0 pending / 0 (0.0%) gas / (0x5641d2aabb6be2dc6ee5b77b9f2e31c846af8bbefd44626a65c97eda9909035b)
[m[2m2026-05-31 17:18:27.017-0400[m[2m | [m[2mBftProcessorExecutor-QBFT-0[m[2m | [m[32mINFO [m[2m | [m[2mQbftBesuControllerBuilder[m[2m | [m[32mImported empty block #2,199 / 0 tx / 0 pending / 0 (0.0%) gas / (0x8b7c95bca9e5f51e9b6d12a8c39417d774b098fd136afc1c98ca77c43b7d2127)
[m[2m2026-05-31 17:18:29.013-0400[m[2m | [m[2mBftProcessorExecutor-QBFT-0[m[2m | [m[32mINFO [m[2m | [m[2mQbftBesuControllerBuilder[m[2m | [m[32mImported empty block #2,200 / 0 tx / 0 pending / 0 (0.0%) gas / (0x504f59feab2fff858730cdf905cce0a4fee956348d273421e38cf8f5d6c0eced)
[m